seq,booth_name,booth_number,booth_type,booth_tags,booth_url,booth_id,target_gm
1,新作ゲーム展示,特設01,特設,,https://gamemarket.jp/booth/5139,5139,2026a
2,ゲームマーケット・チャレンジ,特設02,特設,,https://gamemarket.jp/booth/4822,4822,2026a
3,ゲーム制作者支援コーナー,特設03,特設,,https://gamemarket.jp/booth/6397,6397,2026a
4,マーダーミステリーブース,特設04,特設,,https://gamemarket.jp/booth/5137,5137,2026a
5,ドラマチック謎解きゲーム,特設05,特設,,https://gamemarket.jp/booth/1367,1367,2026a
6,ビッグゲームパーク,特設06,特設,,https://gamemarket.jp/booth/5371,5371,2026a
7,本当に面白いユーロゲームの世界,特設07,特設,,https://gamemarket.jp/booth/4821,4821,2026a
8,ゲームマーケットスペシャルステージ,特設08,特設,,https://gamemarket.jp/booth/5140,5140,2026a
9,TRPGギルド,特設09,特設,,https://gamemarket.jp/booth/4401,4401,2026a
10,こどもゲームコーナー,特設10,特設,,https://gamemarket.jp/booth/6739,6739,2026a
11,BOOTH,特設11,特設,,https://gamemarket.jp/booth/6740,6740,2026a
12,周遊型イマーシブ,特設12,特設,,https://gamemarket.jp/booth/7097,7097,2026a
13,伝統ゲーム（日曜限定）,特設13,特設,,https://gamemarket.jp/booth/5721,5721,2026a
14,カンファレンスエリア（日曜限定）,特設14,特設,,https://gamemarket.jp/booth/7099,7099,2026a
15,BitSummit（日曜限定）,特設15,特設,,https://gamemarket.jp/booth/7100,7100,2026a
16,ゲームメーカーズ（日曜限定）,特設16,特設,,https://gamemarket.jp/booth/7101,7101,2026a
17,これはゲームなのか？展3.3（日曜限定）,特設17,特設,,https://gamemarket.jp/booth/7098,7098,2026a
18,GEOGAMES,エリア - 01,エリア,,https://gamemarket.jp/booth/3867,3867,2026a
19,株式会社メガハウス,エリア - 02,エリア,,https://gamemarket.jp/booth/4828,4828,2026a
20,リゴレ,エリア - 03,エリア,,https://gamemarket.jp/booth/2822,2822,2026a
21,シエラゲームズ,エリア - 04,エリア,,https://gamemarket.jp/booth/2702,2702,2026a
22,ポケモンボドゲくらぶ,エリア - 05,エリア,,https://gamemarket.jp/booth/6690,6690,2026a
23,ブックオフ(BOOKOFF),エリア - 06,エリア,,https://gamemarket.jp/booth/4224,4224,2026a
24,トキキル,エリア - 07,エリア,,https://gamemarket.jp/booth/5145,5145,2026a
25,（株）ナナトリー/Mob+,エリア - 08,エリア,,https://gamemarket.jp/booth/2516,2516,2026a
26,ジーピー,エリア - 09,エリア,,https://gamemarket.jp/booth/1017,1017,2026a
27,イエローサブマリン,エリア - 10,エリア,,https://gamemarket.jp/booth/1004,1004,2026a
28,14games,エリア - 11,エリア,,https://gamemarket.jp/booth/4537,4537,2026a
29,スタジオムンディ,エリア - 12,エリア,,https://gamemarket.jp/booth/3086,3086,2026a
30,スピカデザイン&遭遇設計,エリア - 13,エリア,,https://gamemarket.jp/booth/5714,5714,2026a
31,ビジネススキル育成Project,エリア - 14,エリア,,https://gamemarket.jp/booth/5146,5146,2026a
32,イブインク（Ibuink）,エリア - 15,エリア,,https://gamemarket.jp/booth/5398,5398,2026a
33,Sui Works,エリア - 16,エリア,,https://gamemarket.jp/booth/4768,4768,2026a
34,LIQUOR GAMERS CLUB｜サントリー,エリア - 17,エリア,,https://gamemarket.jp/booth/4829,4829,2026a
35,Smart Ape Games,エリア - 18,エリア,,https://gamemarket.jp/booth/4193,4193,2026a
36,KUMAGERA,エリア - 19,エリア,,https://gamemarket.jp/booth/6741,6741,2026a
37,ヨフカシプロジェクト,エリア - 20,エリア,,https://gamemarket.jp/booth/4073,4073,2026a
38,ESPER GAME STUDIO,エリア - 21,エリア,,https://gamemarket.jp/booth/6538,6538,2026a
39,ジャイアントホビー,エリア - 22,エリア,,https://gamemarket.jp/booth/1032,1032,2026a
40,Engames,エリア - 23,エリア,,https://gamemarket.jp/booth/2427,2427,2026a
41,ClaGla,エリア - 24,エリア,,https://gamemarket.jp/booth/2887,2887,2026a
42,ホビージャパン,エリア - 25,エリア,,https://gamemarket.jp/booth/1003,1003,2026a
43,KAMITSUBAKI STUDIO,エリア - 26,エリア,,https://gamemarket.jp/booth/6009,6009,2026a
44,SUSABI GAMES,エリア - 27,エリア,,https://gamemarket.jp/booth/3111,3111,2026a
45,JELLY JELLY GROUP,エリア - 28,エリア,,https://gamemarket.jp/booth/1393,1393,2026a
46,アークライト,エリア - 29,エリア,,https://gamemarket.jp/booth/1001,1001,2026a
47,ガリバー_勝手にボドゲ事業部,エリア - 30,エリア,,https://gamemarket.jp/booth/6326,6326,2026a
48,バザールの商人たち,エリア - 31,エリア,,https://gamemarket.jp/booth/6742,6742,2026a
49,Mandoo Games,エリア - 32,エリア,,https://gamemarket.jp/booth/6328,6328,2026a
50,“PLAY by CASTJAPAN,エリア - 33,エリア,,https://gamemarket.jp/booth/6743,6743,2026a
51,EJPゲームズ,エリア - 34,エリア,,https://gamemarket.jp/booth/3054,3054,2026a
52,CMON JAPAN,エリア - 35,エリア,,https://gamemarket.jp/booth/4818,4818,2026a
53,USAPAGAMES&モチの木印刷,エリア - 36,エリア,,https://gamemarket.jp/booth/3737,3737,2026a
54,MARU. Game Design,エリア - 37,エリア,,https://gamemarket.jp/booth/4283,4283,2026a
55,サンセットゲームズ,エリア - 38,エリア,,https://gamemarket.jp/booth/1025,1025,2026a
56,TRYBE GAMES,エリア - 39,エリア,,https://gamemarket.jp/booth/5955,5955,2026a
57,Head Quarter Games,エリア - 40,エリア,,https://gamemarket.jp/booth/5086,5086,2026a
58,やのまん,エリア - 41,エリア,,https://gamemarket.jp/booth/3149,3149,2026a
59,Anaguma,エリア - 42,エリア,,https://gamemarket.jp/booth/3044,3044,2026a
60,KT&G SangsangMadang,エリア - 43,エリア,,https://gamemarket.jp/booth/6744,6744,2026a
61,エンスカイゲームズ,エリア - 44,エリア,,https://gamemarket.jp/booth/6007,6007,2026a
62,アソビション,エリア - 45,エリア,,https://gamemarket.jp/booth/3140,3140,2026a
63,amii project.,エリア - 46,エリア,,https://gamemarket.jp/booth/4785,4785,2026a
64,MottainaiGames,エリア - 47,エリア,,https://gamemarket.jp/booth/5921,5921,2026a
65,アクウカンゲームズ,エリア - 48,エリア,,https://gamemarket.jp/booth/2743,2743,2026a
66,マッシュルームパンク,エリア - 49,エリア,,https://gamemarket.jp/booth/4700,4700,2026a
67,双葉社＆ドロッセルマイヤーズ,エリア - 50,エリア,,https://gamemarket.jp/booth/6005,6005,2026a
68,大興印刷株式会社,エリア - 51,エリア,,https://gamemarket.jp/booth/3922,3922,2026a
69,NFCアニマルピコタッチ,エリア - 52,エリア,,https://gamemarket.jp/booth/6325,6325,2026a
70,Dexker Games,エリア - 53,エリア,,https://gamemarket.jp/booth/6329,6329,2026a
71,ナナワリ＆ルテシア,エリア - 54,エリア,,https://gamemarket.jp/booth/3107,3107,2026a
72,UNPOT Game Lab,エリア - 55,エリア,,https://gamemarket.jp/booth/6278,6278,2026a
73,心火GAMES,エリア - 56,エリア,,https://gamemarket.jp/booth/5590,5590,2026a
74,オインクゲームズ,エリア - 57,エリア,,https://gamemarket.jp/booth/1029,1029,2026a
75,TMPA,エリア - 58,エリア,,https://gamemarket.jp/booth/6017,6017,2026a
76,KiLab-CARD WORKS,エリア - 59,エリア,,https://gamemarket.jp/booth/6745,6745,2026a
77,HOPES GAME MANUFACTURER,エリア - 60,エリア,,https://gamemarket.jp/booth/6021,6021,2026a
78,株式会社プレス･トーク×いせごん,エリア - 61,エリア,,https://gamemarket.jp/booth/6024,6024,2026a
79,萬印堂,エリア - 62,エリア,,https://gamemarket.jp/booth/3449,3449,2026a
80,RR Donnelley Asia,エリア - 63,エリア,,https://gamemarket.jp/booth/6327,6327,2026a
81,LongPack,エリア - 64,エリア,,https://gamemarket.jp/booth/5144,5144,2026a
82,エポック社,エリア - 65,エリア,,https://gamemarket.jp/booth/6746,6746,2026a
83,itten,エリア - 66,エリア,,https://gamemarket.jp/booth/2047,2047,2026a
84,Dig-A-Doo&BGMモリカワペーパー,エリア - 67,エリア,,https://gamemarket.jp/booth/2615,2615,2026a
85,SUNNY BIRD,エリア - 68,エリア,,https://gamemarket.jp/booth/4397,4397,2026a
86,Homosapiens Lab,エリア - 69,エリア,,https://gamemarket.jp/booth/1159,1159,2026a
87,HEY!,エリア - 70,エリア,,https://gamemarket.jp/booth/4407,4407,2026a
88,コロコロ堂,エリア - 71,エリア,,https://gamemarket.jp/booth/1968,1968,2026a
89,こぐま工房,エリア - 72,エリア,,https://gamemarket.jp/booth/2021,2021,2026a
90,Playte,エリア - 73,エリア,,https://gamemarket.jp/booth/6006,6006,2026a
91,グループSNE,エリア - 74,エリア,,https://gamemarket.jp/booth/1028,1028,2026a
92,ムービック,エリア - 75,エリア,,https://gamemarket.jp/booth/5659,5659,2026a
93,ZUTOMAYO CARD,エリア - 76,エリア,,https://gamemarket.jp/booth/6747,6747,2026a
94,マイリトルポニーTCG,エリア - 77,エリア,,https://gamemarket.jp/booth/6748,6748,2026a
95,わかさ生活,エリア - 78,エリア,,https://gamemarket.jp/booth/6330,6330,2026a
96,BakaFire Party,エリア - 79,エリア,,https://gamemarket.jp/booth/1031,1031,2026a
97,Grand Archive,エリア - 80,エリア,,https://gamemarket.jp/booth/6749,6749,2026a
98,バトルスピリッツ,エリア - 81,エリア,,https://gamemarket.jp/booth/6750,6750,2026a
99,NivelArena,エリア - 82,エリア,,https://gamemarket.jp/booth/5657,5657,2026a
100,DRAGON SHOGUN,エリア - 83,エリア,,https://gamemarket.jp/booth/6686,6686,2026a
101,インヴィクタス,エリア - 84,エリア,,https://gamemarket.jp/booth/1394,1394,2026a
102,ウズ,エリア - 85,エリア,,https://gamemarket.jp/booth/4382,4382,2026a
103,冒険企画局,エリア - 86,エリア,,https://gamemarket.jp/booth/1009,1009,2026a
104,CCFOLIA,エリア - 87,エリア,,https://gamemarket.jp/booth/3241,3241,2026a
105,KAGENAZO,エリア - 88,エリア,,https://gamemarket.jp/booth/5603,5603,2026a
106,NazoLock,エリア - 89,エリア,,https://gamemarket.jp/booth/6539,6539,2026a
107,タカラッシュ,エリア - 90,エリア,,https://gamemarket.jp/booth/4574,4574,2026a
108,THE NAZO STORE | ナゾストア,エリア - 91,エリア,,https://gamemarket.jp/booth/3865,3865,2026a
109,タンブルウィード,エリア - 92,エリア,,https://gamemarket.jp/booth/3053,3053,2026a
110,四等星,両日 - A001,一般両日,,https://gamemarket.jp/booth/2018,2018,2026a
111,11時03分駅前集合,両日 - A002,一般両日,,https://gamemarket.jp/booth/5361,5361,2026a
112,Amuri Studio,両日 - A003,一般両日,,https://gamemarket.jp/booth/5429,5429,2026a
113,有限浪漫,両日 - A004,一般両日,,https://gamemarket.jp/booth/1136,1136,2026a
114,TottoTottino,両日 - A005,一般両日,,https://gamemarket.jp/booth/5026,5026,2026a
115,EdisonBrain,両日 - A006,一般両日,,https://gamemarket.jp/booth/6507,6507,2026a
116,Card Game Factory,両日 - A007,一般両日,,https://gamemarket.jp/booth/6226,6226,2026a
117,偽善者の会,両日 - A008,一般両日,,https://gamemarket.jp/booth/4353,4353,2026a
118,JumbleGames,両日 - A009,一般両日,,https://gamemarket.jp/booth/4031,4031,2026a
119,ナナフシゲームズ,両日 - A010,一般両日,,https://gamemarket.jp/booth/5527,5527,2026a
120,Atelier Mimir,両日 - A011,一般両日,,https://gamemarket.jp/booth/1145,1145,2026a
121,しらたまゲームズ,両日 - A012,一般両日,,https://gamemarket.jp/booth/1135,1135,2026a
122,遊宝洞,両日 - A013,一般両日,,https://gamemarket.jp/booth/6817,6817,2026a
123,Rulemaker(ルールメーカー),両日 - A014,一般両日,,https://gamemarket.jp/booth/3387,3387,2026a
124,Dragon Create,両日 - A015,一般両日,,https://gamemarket.jp/booth/5872,5872,2026a
125,異世界アジャイル,両日 - A016,一般両日,,https://gamemarket.jp/booth/5615,5615,2026a
126,Wablues(ウェーブルーズ),両日 - A017,一般両日,,https://gamemarket.jp/booth/4060,4060,2026a
127,ノスゲムとさとーふぁみりあ,両日 - A018,一般両日,,https://gamemarket.jp/booth/1494,1494,2026a
128,TeamRABI,両日 - A019,一般両日,,https://gamemarket.jp/booth/3750,3750,2026a
129,ナゴヤ・ボードゲーム・ギルド,両日 - A020,一般両日,,https://gamemarket.jp/booth/4794,4794,2026a
130,おかわりゲームス,両日 - A021,一般両日,,https://gamemarket.jp/booth/6818,6818,2026a
131,ソラガメスタジオ,両日 - A022,一般両日,,https://gamemarket.jp/booth/4562,4562,2026a
132,ピーナツデザイン,両日 - A023,一般両日,,https://gamemarket.jp/booth/4085,4085,2026a
133,Whatz Games,両日 - A024,一般両日,,https://gamemarket.jp/booth/6819,6819,2026a
134,自認シマエナガ／シェリベル,両日 - A025,一般両日,,https://gamemarket.jp/booth/6820,6820,2026a
135,ねこねこパラダイス,両日 - A026,一般両日,,https://gamemarket.jp/booth/6567,6567,2026a
136,ロクジゾー,両日 - A027,一般両日,,https://gamemarket.jp/booth/2108,2108,2026a
137,サザンクロスゲームズ,両日 - A028,一般両日,,https://gamemarket.jp/booth/1789,1789,2026a
138,Hakuroku,両日 - A029,一般両日,,https://gamemarket.jp/booth/3279,3279,2026a
139,卸売センターサンエイ,両日 - A030,一般両日,,https://gamemarket.jp/booth/5362,5362,2026a
140,EX FIRST GAMES,両日 - A031,一般両日,,https://gamemarket.jp/booth/1422,1422,2026a
141,SAKURA-GO-ROUND,両日 - A032,一般両日,,https://gamemarket.jp/booth/3242,3242,2026a
142,ゲームNOWA,両日 - A033,一般両日,,https://gamemarket.jp/booth/1157,1157,2026a
143,TRICKTAKERs GAMEs,両日 - A034,一般両日,,https://gamemarket.jp/booth/5601,5601,2026a
144,scultur-at,両日 - A035,一般両日,,https://gamemarket.jp/booth/3333,3333,2026a
145,COTEN GAMES,両日 - A036,一般両日,,https://gamemarket.jp/booth/6821,6821,2026a
146,SEIANGAME!,両日 - A037,一般両日,,https://gamemarket.jp/booth/6156,6156,2026a
147,ゲームストア・バネスト,両日 - A038,一般両日,,https://gamemarket.jp/booth/1007,1007,2026a
148,KOZU&Minori&totty,両日 - B001,一般両日,,https://gamemarket.jp/booth/6825,6825,2026a
149,なるしす娯楽学会,両日 - B002,一般両日,,https://gamemarket.jp/booth/2028,2028,2026a
150,橙華堂,両日 - B003,一般両日,,https://gamemarket.jp/booth/3050,3050,2026a
151,フォントかるた,両日 - B004,一般両日,,https://gamemarket.jp/booth/2380,2380,2026a
152,ラガラガ・ラボ,両日 - B005,一般両日,,https://gamemarket.jp/booth/2454,2454,2026a
153,infoplay / LineUP ゲーム,両日 - B006,一般両日,,https://gamemarket.jp/booth/5373,5373,2026a
154,ゼロハウス,両日 - B007,一般両日,,https://gamemarket.jp/booth/1253,1253,2026a
155,ビバリー,両日 - B008,一般両日,,https://gamemarket.jp/booth/6422,6422,2026a
156,ニューゲームズ,両日 - B009,一般両日,,https://gamemarket.jp/booth/6822,6822,2026a
157,大納言製作所,両日 - B010,一般両日,,https://gamemarket.jp/booth/3702,3702,2026a
158,MTS Games,両日 - B011,一般両日,,https://gamemarket.jp/booth/6394,6394,2026a
159,京大ボドゲ製作所,両日 - B012,一般両日,,https://gamemarket.jp/booth/4238,4238,2026a
160,勉ゲー,両日 - B013,一般両日,,https://gamemarket.jp/booth/6823,6823,2026a
161,空創Lab,両日 - B014,一般両日,,https://gamemarket.jp/booth/4497,4497,2026a
162,GALLERY OUCHI,両日 - B015,一般両日,,https://gamemarket.jp/booth/1911,1911,2026a
163,ADICE ワードジャマー,両日 - B016,一般両日,,https://gamemarket.jp/booth/6824,6824,2026a
164,ADICE ボードゲーム,両日 - B017,一般両日,,https://gamemarket.jp/booth/5077,5077,2026a
165,ペンタススタジオ,両日 - B018,一般両日,,https://gamemarket.jp/booth/2940,2940,2026a
166,らいるず,両日 - B019,一般両日,,https://gamemarket.jp/booth/4765,4765,2026a
167,KADO Games,両日 - B020,一般両日,,https://gamemarket.jp/booth/6478,6478,2026a
168,株式会社ジーン,両日 - B021,一般両日,,https://gamemarket.jp/booth/6826,6826,2026a
169,SzpiLAB,両日 - B022,一般両日,,https://gamemarket.jp/booth/4390,4390,2026a
170,ひなたぼっこズ,両日 - B023,一般両日,,https://gamemarket.jp/booth/6827,6827,2026a
171,500C games,両日 - B024,一般両日,,https://gamemarket.jp/booth/6828,6828,2026a
172,Honu Games,両日 - B025,一般両日,,https://gamemarket.jp/booth/4813,4813,2026a
173,Saashi & Saashi,両日 - B026,一般両日,,https://gamemarket.jp/booth/1519,1519,2026a
174,浅草ゲームズ,両日 - B027,一般両日,,https://gamemarket.jp/booth/6295,6295,2026a
175,Play&,両日 - B028,一般両日,,https://gamemarket.jp/booth/5619,5619,2026a
176,倦怠期,両日 - B029,一般両日,,https://gamemarket.jp/booth/1065,1065,2026a
177,米光ゲームメカニクスラボ,両日 - B030,一般両日,,https://gamemarket.jp/booth/6304,6304,2026a
178,偏愛GAMES,両日 - B031,一般両日,,https://gamemarket.jp/booth/6829,6829,2026a
179,はこブ旅団,両日 - B032,一般両日,,https://gamemarket.jp/booth/6023,6023,2026a
180,OneCours,両日 - B033,一般両日,,https://gamemarket.jp/booth/1284,1284,2026a
181,Warhammer,両日 - B034,一般両日,,https://gamemarket.jp/booth/6830,6830,2026a
182,2DFantasista,両日 - B035,一般両日,,https://gamemarket.jp/booth/5732,5732,2026a
183,きよみずかつや,両日 - B036,一般両日,,https://gamemarket.jp/booth/5285,5285,2026a
184,RMBC,両日 - B037,一般両日,,https://gamemarket.jp/booth/4277,4277,2026a
185,毒の生き物カードバトル,両日 - B038,一般両日,,https://gamemarket.jp/booth/6658,6658,2026a
186,ほしのシンヤ,両日 - B039,一般両日,,https://gamemarket.jp/booth/5563,5563,2026a
187,WHITE RUNNER,両日 - B040,一般両日,,https://gamemarket.jp/booth/5920,5920,2026a
188,廊下組 / からのうろ,両日 - B041,一般両日,,https://gamemarket.jp/booth/5178,5178,2026a
189,BrainBrainGames,両日 - B042,一般両日,,https://gamemarket.jp/booth/1712,1712,2026a
190,よだかのヒントブース Ａ,両日 - C001,一般両日,,https://gamemarket.jp/booth/1367,1367,2026a
191,奇跡家中古館,両日 - C002,一般両日,,https://gamemarket.jp/booth/5608,5608,2026a
192,バンブーゲームズ,両日 - C003,一般両日,,https://gamemarket.jp/booth/5295,5295,2026a
193,イイワケボドゲ,両日 - C004,一般両日,,https://gamemarket.jp/booth/6783,6783,2026a
194,ぶれけけゲームズ,両日 - C005,一般両日,,https://gamemarket.jp/booth/3310,3310,2026a
195,あーきっと．ゲームズ,両日 - C006,一般両日,,https://gamemarket.jp/booth/4842,4842,2026a
196,妄想ゲームズ☆,両日 - C007,一般両日,,https://gamemarket.jp/booth/2485,2485,2026a
197,SHAKE UP GAMES,両日 - C008,一般両日,,https://gamemarket.jp/booth/5833,5833,2026a
198,ボドゲニク,両日 - C009,一般両日,,https://gamemarket.jp/booth/4690,4690,2026a
199,Twelv-O工房,両日 - C010,一般両日,,https://gamemarket.jp/booth/3431,3431,2026a
200,@fullkawa,両日 - C011,一般両日,,https://gamemarket.jp/booth/1249,1249,2026a
201,「遊神」,両日 - C012,一般両日,,https://gamemarket.jp/booth/5591,5591,2026a
202,ましかまる,両日 - C013,一般両日,,https://gamemarket.jp/booth/3535,3535,2026a
203,deratoriko（デラトリコ）,両日 - C014,一般両日,,https://gamemarket.jp/booth/5751,5751,2026a
204,フリップゲームス,両日 - C015,一般両日,,https://gamemarket.jp/booth/6443,6443,2026a
205,モザイクゲームズ,両日 - C016,一般両日,,https://gamemarket.jp/booth/2577,2577,2026a
206,Spieldisorder,両日 - C017,一般両日,,https://gamemarket.jp/booth/1765,1765,2026a
207,もりつち,両日 - C018,一般両日,,https://gamemarket.jp/booth/3454,3454,2026a
208,廣まる屋,両日 - C019,一般両日,,https://gamemarket.jp/booth/5969,5969,2026a
209,アウェイクヒーローズ 情景堂,両日 - C020,一般両日,,https://gamemarket.jp/booth/5604,5604,2026a
210,星野デザイン,両日 - C021,一般両日,,https://gamemarket.jp/booth/5160,5160,2026a
211,ハレルヤロックボーイ,両日 - C022,一般両日,,https://gamemarket.jp/booth/2367,2367,2026a
212,Kodaka OtonaShi,両日 - C023,一般両日,,https://gamemarket.jp/booth/5171,5171,2026a
213,ひらめきうさぎ,両日 - C024,一般両日,,https://gamemarket.jp/booth/6213,6213,2026a
214,ジブセイルゲームズ,両日 - C025,一般両日,,https://gamemarket.jp/booth/2204,2204,2026a
215,LudicCube,両日 - C026,一般両日,,https://gamemarket.jp/booth/6784,6784,2026a
216,すべらんGameLab,両日 - C027,一般両日,,https://gamemarket.jp/booth/5703,5703,2026a
217,PhantomLab,両日 - C028,一般両日,,https://gamemarket.jp/booth/1110,1110,2026a
218,サークル713,両日 - C029,一般両日,,https://gamemarket.jp/booth/2284,2284,2026a
219,ジゼン-ボードゲーム録-,両日 - C030,一般両日,,https://gamemarket.jp/booth/5846,5846,2026a
220,Lotus boardgames,両日 - C031,一般両日,,https://gamemarket.jp/booth/3892,3892,2026a
221,GrandPrixLife,両日 - C032,一般両日,,https://gamemarket.jp/booth/6293,6293,2026a
222,フダコマゲームズ,両日 - C033,一般両日,,https://gamemarket.jp/booth/2506,2506,2026a
223,世紀末Games,両日 - C034,一般両日,,https://gamemarket.jp/booth/3349,3349,2026a
224,Fika Table,両日 - C035,一般両日,,https://gamemarket.jp/booth/6785,6785,2026a
225,みさき工房,両日 - C036,一般両日,,https://gamemarket.jp/booth/1155,1155,2026a
226,スパイラル,両日 - C037,一般両日,,https://gamemarket.jp/booth/2382,2382,2026a
227,操られ人形館,両日 - C038,一般両日,,https://gamemarket.jp/booth/1373,1373,2026a
228,大誠光,両日 - C039,一般両日,,https://gamemarket.jp/booth/6419,6419,2026a
229,Twinship,両日 - C040,一般両日,,https://gamemarket.jp/booth/5747,5747,2026a
230,みすかとつか,両日 - C041,一般両日,,https://gamemarket.jp/booth/5551,5551,2026a
231,おっぽゲームズ,両日 - C042,一般両日,,https://gamemarket.jp/booth/4059,4059,2026a
232,根性論大好き委員会,両日 - C043,一般両日,,https://gamemarket.jp/booth/3975,3975,2026a
233,ごみ国際,両日 - C044,一般両日,,https://gamemarket.jp/booth/3108,3108,2026a
234,群悠,両日 - C045,一般両日,,https://gamemarket.jp/booth/6786,6786,2026a
235,茶々屋,両日 - C046,一般両日,,https://gamemarket.jp/booth/6181,6181,2026a
236,636GAMES,両日 - C047,一般両日,,https://gamemarket.jp/booth/2410,2410,2026a
237,fofofofo games,両日 - C048,一般両日,,https://gamemarket.jp/booth/6231,6231,2026a
238,Grow-Roots,両日 - D001,一般両日,,https://gamemarket.jp/booth/3988,3988,2026a
239,ステラナビス,両日 - D002,一般両日,,https://gamemarket.jp/booth/6787,6787,2026a
240,Miyabi Lab,両日 - D003,一般両日,,https://gamemarket.jp/booth/4695,4695,2026a
241,MINIMALOOP,両日 - D004,一般両日,,https://gamemarket.jp/booth/5002,5002,2026a
242,だんじり協奏曲,両日 - D005,一般両日,,https://gamemarket.jp/booth/5575,5575,2026a
243,SALTY STUDIO,両日 - D006,一般両日,,https://gamemarket.jp/booth/4112,4112,2026a
244,Boardbull Games,両日 - D007,一般両日,,https://gamemarket.jp/booth/3492,3492,2026a
245,natriumlamp games,両日 - D008,一般両日,,https://gamemarket.jp/booth/2657,2657,2026a
246,ボボン・ボン・ボジワーイ連邦,両日 - D009,一般両日,,https://gamemarket.jp/booth/2633,2633,2026a
247,chotdog,両日 - D010,一般両日,,https://gamemarket.jp/booth/6788,6788,2026a
248,ミスボドゲームズ,両日 - D011,一般両日,,https://gamemarket.jp/booth/1543,1543,2026a
249,タマゴスイッチ,両日 - D012,一般両日,,https://gamemarket.jp/booth/6369,6369,2026a
250,#NyaGO,両日 - D013,一般両日,,https://gamemarket.jp/booth/5444,5444,2026a
251,東京ゲームメイカーズ,両日 - D014,一般両日,,https://gamemarket.jp/booth/2379,2379,2026a
252,ぜいきんであそぼ,両日 - D015,一般両日,,https://gamemarket.jp/booth/5994,5994,2026a
253,-Ceedボードゲーム部,両日 - D016,一般両日,,https://gamemarket.jp/booth/5840,5840,2026a
254,Cool Games Manufacturing Ltd.,両日 - D017,一般両日,,https://gamemarket.jp/booth/5922,5922,2026a
255,トリガーゲームズ,両日 - D018,一般両日,,https://gamemarket.jp/booth/3077,3077,2026a
256,Red i Games,両日 - D019,一般両日,,https://gamemarket.jp/booth/2710,2710,2026a
257,ピースギルド - PaixGUILD,両日 - D020,一般両日,,https://gamemarket.jp/booth/2263,2263,2026a
258,ヤマダさんち,両日 - D021,一般両日,,https://gamemarket.jp/booth/5632,5632,2026a
259,ケンチCUBE,両日 - D022,一般両日,,https://gamemarket.jp/booth/5855,5855,2026a
260,HLKT工房,両日 - D023,一般両日,,https://gamemarket.jp/booth/1245,1245,2026a
261,ゲーム工房カコムタク,両日 - D024,一般両日,,https://gamemarket.jp/booth/4753,4753,2026a
262,Amateru,両日 - D025,一般両日,,https://gamemarket.jp/booth/6461,6461,2026a
263,タロ大・島研究室,両日 - D026,一般両日,,https://gamemarket.jp/booth/5074,5074,2026a
264,百可舎,両日 - D027,一般両日,,https://gamemarket.jp/booth/6122,6122,2026a
265,azb.studio,両日 - D028,一般両日,,https://gamemarket.jp/booth/2285,2285,2026a
266,カワサキファクトリー,両日 - D029,一般両日,,https://gamemarket.jp/booth/1258,1258,2026a
267,4〇4,両日 - D030,一般両日,,https://gamemarket.jp/booth/6789,6789,2026a
268,日本机戦連盟&計陣事務所,両日 - D031,一般両日,,https://gamemarket.jp/booth/4230,4230,2026a
269,まぜまぜクラブ,両日 - D032,一般両日,,https://gamemarket.jp/booth/6790,6790,2026a
270,アトランティスゲームズ,両日 - D033,一般両日,,https://gamemarket.jp/booth/5605,5605,2026a
271,HoF GAMES,両日 - D034,一般両日,,https://gamemarket.jp/booth/5261,5261,2026a
272,シラフゲームズ,両日 - D035,一般両日,,https://gamemarket.jp/booth/5102,5102,2026a
273,新ボードゲーム党 販売部,両日 - D036,一般両日,,https://gamemarket.jp/booth/1323,1323,2026a
274,遊べるBARアグロ,両日 - D037,一般両日,,https://gamemarket.jp/booth/6791,6791,2026a
275,たむがや組,両日 - D038,一般両日,,https://gamemarket.jp/booth/4054,4054,2026a
276,ディレクティングマップ,両日 - D039,一般両日,,https://gamemarket.jp/booth/6516,6516,2026a
277,gatto nero,両日 - D040,一般両日,,https://gamemarket.jp/booth/5104,5104,2026a
278,きたこしちゃんねる,両日 - D041,一般両日,,https://gamemarket.jp/booth/4564,4564,2026a
279,ロココGAMES,両日 - D042,一般両日,,https://gamemarket.jp/booth/6215,6215,2026a
280,魔王より強い奴に会いに行く,両日 - D043,一般両日,,https://gamemarket.jp/booth/5555,5555,2026a
281,ゴールドシーオッターゲーム,両日 - D044,一般両日,,https://gamemarket.jp/booth/6557,6557,2026a
282,IRIS GAMES,両日 - D045,一般両日,,https://gamemarket.jp/booth/6792,6792,2026a
283,スタジオ・カヤノナカ,両日 - D046,一般両日,,https://gamemarket.jp/booth/4895,4895,2026a
284,MaCOP1,両日 - D047,一般両日,,https://gamemarket.jp/booth/6793,6793,2026a
285,MaCOP2,両日 - D048,一般両日,,https://gamemarket.jp/booth/6794,6794,2026a
286,MaCOP3,両日 - D049,一般両日,,https://gamemarket.jp/booth/6795,6795,2026a
287,MaCOP4,両日 - D050,一般両日,,https://gamemarket.jp/booth/6796,6796,2026a
288,まみむめもりー,両日 - D051,一般両日,,https://gamemarket.jp/booth/6431,6431,2026a
289,しくじり工房,両日 - D052,一般両日,,https://gamemarket.jp/booth/5114,5114,2026a
290,遊飲チャンネル,両日 - E001,一般両日,,https://gamemarket.jp/booth/4080,4080,2026a
291,遊告,両日 - E002,一般両日,,https://gamemarket.jp/booth/6797,6797,2026a
292,ORTHODOX COMPANY,両日 - E003,一般両日,,https://gamemarket.jp/booth/1304,1304,2026a
293,ジョイアブル,両日 - E004,一般両日,,https://gamemarket.jp/booth/2337,2337,2026a
294,合同会社HENTSUKU,両日 - E005,一般両日,,https://gamemarket.jp/booth/6798,6798,2026a
295,ムーブ,両日 - E006,一般両日,,https://gamemarket.jp/booth/3891,3891,2026a
296,ボードゲームショップあそびば,両日 - E007,一般両日,,https://gamemarket.jp/booth/5099,5099,2026a
297,ライデア @lidea_idea,両日 - E008,一般両日,,https://gamemarket.jp/booth/4570,4570,2026a
298,ゲームショップとど,両日 - E009,一般両日,,https://gamemarket.jp/booth/3444,3444,2026a
299,Liner Note,両日 - E010,一般両日,,https://gamemarket.jp/booth/3305,3305,2026a
300,電大TG研,両日 - E011,一般両日,,https://gamemarket.jp/booth/4998,4998,2026a
301,株式会社Gakken,両日 - E012,一般両日,,https://gamemarket.jp/booth/6647,6647,2026a
302,Matchmakers,両日 - E013,一般両日,,https://gamemarket.jp/booth/6799,6799,2026a
303,YouSayProject,両日 - E014,一般両日,,https://gamemarket.jp/booth/5292,5292,2026a
304,かがみ知育堂,両日 - E015,一般両日,,https://gamemarket.jp/booth/2210,2210,2026a
305,イオピーゲームズ,両日 - E016,一般両日,,https://gamemarket.jp/booth/2632,2632,2026a
306,Null Signal Games,両日 - E017,一般両日,,https://gamemarket.jp/booth/6800,6800,2026a
307,クリエイティブＡＨＣ,両日 - E018,一般両日,,https://gamemarket.jp/booth/1289,1289,2026a
308,MIDI Games,両日 - E019,一般両日,,https://gamemarket.jp/booth/6801,6801,2026a
309,Taiwan Boardgame Design,両日 - E020,一般両日,,https://gamemarket.jp/booth/1914,1914,2026a
310,歴ボドSHOP,両日 - E021,一般両日,,https://gamemarket.jp/booth/6717,6717,2026a
311,株式会社ローシス,両日 - E022,一般両日,,https://gamemarket.jp/booth/6225,6225,2026a
312,こげこげ堂本舗＆まどりや,両日 - E023,一般両日,,https://gamemarket.jp/booth/1086,1086,2026a
313,すごねこゲームズ,両日 - E024,一般両日,,https://gamemarket.jp/booth/6574,6574,2026a
314,リーフクローバー,両日 - E025,一般両日,,https://gamemarket.jp/booth/5676,5676,2026a
315,数寄ゲームズ,両日 - E026,一般両日,,https://gamemarket.jp/booth/1240,1240,2026a
316,スーパーナンバーワンゲームス,両日 - E027,一般両日,,https://gamemarket.jp/booth/1975,1975,2026a
317,バババ抜き,両日 - E028,一般両日,,https://gamemarket.jp/booth/6517,6517,2026a
318,ヤブウチリョウコ,両日 - E029,一般両日,,https://gamemarket.jp/booth/3433,3433,2026a
319,ゾーイモーイ,両日 - E030,一般両日,,https://gamemarket.jp/booth/4297,4297,2026a
320,ジー・モード（みんなで空気読み。）,両日 - E031,一般両日,,https://gamemarket.jp/booth/5600,5600,2026a
321,七星工房,両日 - E032,一般両日,,https://gamemarket.jp/booth/5440,5440,2026a
322,WAO,両日 - E033,一般両日,,https://gamemarket.jp/booth/5500,5500,2026a
323,おかっぱ堂,両日 - E034,一般両日,,https://gamemarket.jp/booth/6802,6802,2026a
324,よしの企画,両日 - E035,一般両日,,https://gamemarket.jp/booth/3124,3124,2026a
325,株式会社文理,両日 - E036,一般両日,,https://gamemarket.jp/booth/6624,6624,2026a
326,NAKED QUALIA,両日 - E037,一般両日,,https://gamemarket.jp/booth/4534,4534,2026a
327,Jクリエイト,両日 - E038,一般両日,,https://gamemarket.jp/booth/6803,6803,2026a
328,Bench Work Tatenui,両日 - E039,一般両日,,https://gamemarket.jp/booth/6638,6638,2026a
329,おもちゃ箱＠療育ゲーム制作部,両日 - E040,一般両日,,https://gamemarket.jp/booth/4701,4701,2026a
330,プレーンケーキ,両日 - E041,一般両日,,https://gamemarket.jp/booth/4017,4017,2026a
331,アラザルゲームズ,両日 - E042,一般両日,,https://gamemarket.jp/booth/6804,6804,2026a
332,しばくり,両日 - E043,一般両日,,https://gamemarket.jp/booth/1097,1097,2026a
333,ポンウェイゲームス,両日 - E044,一般両日,,https://gamemarket.jp/booth/6805,6805,2026a
334,すてきな山,両日 - E045,一般両日,,https://gamemarket.jp/booth/4174,4174,2026a
335,Oworks,両日 - E046,一般両日,,https://gamemarket.jp/booth/6611,6611,2026a
336,もののげーむず,両日 - E047,一般両日,,https://gamemarket.jp/booth/6424,6424,2026a
337,ルナヴィス,両日 - E048,一般両日,,https://gamemarket.jp/booth/2671,2671,2026a
338,武蔵野大学ボドゲ同好会いるでぃ,両日 - E049,一般両日,,https://gamemarket.jp/booth/4805,4805,2026a
339,米光ゲーム制作ゼミ,両日 - E050,一般両日,,https://gamemarket.jp/booth/6806,6806,2026a
340,アナログコレクション,両日 - E051,一般両日,,https://gamemarket.jp/booth/5027,5027,2026a
341,Lynx Lake Games,両日 - E052,一般両日,,https://gamemarket.jp/booth/6621,6621,2026a
342,Axia Creations,両日 - F001,一般両日,,https://gamemarket.jp/booth/5602,5602,2026a
343,高橋書店,両日 - F002,一般両日,,https://gamemarket.jp/booth/6807,6807,2026a
344,無電GAMES,両日 - F003,一般両日,,https://gamemarket.jp/booth/4502,4502,2026a
345,GOTTA2,両日 - F004,一般両日,,https://gamemarket.jp/booth/1293,1293,2026a
346,くまねこ堂,両日 - F005,一般両日,,https://gamemarket.jp/booth/5514,5514,2026a
347,専修大学生田ボードゲーム研究会,両日 - F006,一般両日,,https://gamemarket.jp/booth/6808,6808,2026a
348,いろどる,両日 - F007,一般両日,,https://gamemarket.jp/booth/5862,5862,2026a
349,おばけパズル,両日 - F008,一般両日,,https://gamemarket.jp/booth/4744,4744,2026a
350,百葉箱,両日 - F009,一般両日,,https://gamemarket.jp/booth/5433,5433,2026a
351,LAST CONTINUE,両日 - F010,一般両日,,https://gamemarket.jp/booth/3132,3132,2026a
352,York Game Lab,両日 - F011,一般両日,,https://gamemarket.jp/booth/5554,5554,2026a
353,racda,両日 - F012,一般両日,,https://gamemarket.jp/booth/3981,3981,2026a
354,ましうgames,両日 - F013,一般両日,,https://gamemarket.jp/booth/2719,2719,2026a
355,locogame,両日 - F014,一般両日,,https://gamemarket.jp/booth/4334,4334,2026a
356,じゃんげーむ,両日 - F015,一般両日,,https://gamemarket.jp/booth/5564,5564,2026a
357,理系ゲームズ,両日 - F016,一般両日,,https://gamemarket.jp/booth/4016,4016,2026a
358,金沢美術工芸大学,両日 - F017,一般両日,,https://gamemarket.jp/booth/6809,6809,2026a
359,くすだまゲーム,両日 - F018,一般両日,,https://gamemarket.jp/booth/6810,6810,2026a
360,名古屋芸術大学テーブルゲーム部,両日 - F019,一般両日,,https://gamemarket.jp/booth/3525,3525,2026a
361,ボードスタイル,両日 - F020,一般両日,,https://gamemarket.jp/booth/6811,6811,2026a
362,噛まじゅに注文！,両日 - F021,一般両日,,https://gamemarket.jp/booth/6812,6812,2026a
363,カードスタンド本舗,両日 - F022,一般両日,,https://gamemarket.jp/booth/2983,2983,2026a
364,第一薬品産業,両日 - F023,一般両日,,https://gamemarket.jp/booth/6813,6813,2026a
365,ペすけっと,両日 - F024,一般両日,,https://gamemarket.jp/booth/6814,6814,2026a
366,PLAY OUT,両日 - F025,一般両日,,https://gamemarket.jp/booth/6646,6646,2026a
367,IIDAGAMES,両日 - F026,一般両日,,https://gamemarket.jp/booth/3977,3977,2026a
368,Dopamine Table Club,両日 - F027,一般両日,,https://gamemarket.jp/booth/6815,6815,2026a
369,角落?遊 (Hearth Corner Games),両日 - F028,一般両日,,https://gamemarket.jp/booth/6816,6816,2026a
370,Shinya Ubukata,両日 - F029,一般両日,,https://gamemarket.jp/booth/5628,5628,2026a
371,サイ・コンジャリング,両日 - F030,一般両日,,https://gamemarket.jp/booth/3412,3412,2026a
372,COLON ARC,両日 - F031,一般両日,,https://gamemarket.jp/booth/1096,1096,2026a
373,ゲーム工房ＵＲＡ,両日 - F032,一般両日,,https://gamemarket.jp/booth/3071,3071,2026a
374,えん堂々,両日 - F033,一般両日,,https://gamemarket.jp/booth/6751,6751,2026a
375,「真夜計劃堂」ボードゲーム制作,両日 - F034,一般両日,,https://gamemarket.jp/booth/5356,5356,2026a
376,はたやまかずや,両日 - F035,一般両日,,https://gamemarket.jp/booth/5971,5971,2026a
377,てるたいむまかろん,両日 - F036,一般両日,,https://gamemarket.jp/booth/6752,6752,2026a
378,大日本きぬた連盟,両日 - F037,一般両日,,https://gamemarket.jp/booth/4670,4670,2026a
379,GGN,両日 - F038,一般両日,,https://gamemarket.jp/booth/6152,6152,2026a
380,トタンぼろ屋根,両日 - F039,一般両日,,https://gamemarket.jp/booth/6721,6721,2026a
381,shootingdesign,両日 - F040,一般両日,,https://gamemarket.jp/booth/4052,4052,2026a
382,シキシマ,両日 - G001,一般両日,,https://gamemarket.jp/booth/6176,6176,2026a
383,RIEnote,両日 - G002,一般両日,,https://gamemarket.jp/booth/6268,6268,2026a
384,NIGHT CIRCUS,両日 - G003,一般両日,,https://gamemarket.jp/booth/6177,6177,2026a
385,Yotsuba Kei,両日 - G004,一般両日,,https://gamemarket.jp/booth/7043,7043,2026a
386,Atelier Poisson,両日 - G005,一般両日,,https://gamemarket.jp/booth/7044,7044,2026a
387,Japon Brand,両日 - G016,一般両日,,https://gamemarket.jp/booth/1890,1890,2026a
388,とらのあな,両日 - G017,一般両日,,https://gamemarket.jp/booth/7073,7073,2026a
389,HS東莞市宏昇印刷有限公司,両日 - G018,一般両日,,https://gamemarket.jp/booth/3139,3139,2026a
390,Engraphia,両日 - G019,一般両日,,https://gamemarket.jp/booth/7072,7072,2026a
391,Game Storybook,両日 - H001,一般両日,,https://gamemarket.jp/booth/6782,6782,2026a
392,GOTO15（梧桐重吾）,両日 - H002,一般両日,,https://gamemarket.jp/booth/5222,5222,2026a
393,やんはま＠ダイス本店,両日 - H003,一般両日,,https://gamemarket.jp/booth/6753,6753,2026a
394,東大ボドゲサークルWeeple,両日 - H004,一般両日,,https://gamemarket.jp/booth/5348,5348,2026a
395,SAGARAND,両日 - H005,一般両日,,https://gamemarket.jp/booth/3752,3752,2026a
396,yunohana,両日 - H006,一般両日,,https://gamemarket.jp/booth/5380,5380,2026a
397,ミント缶ゲームス,両日 - H007,一般両日,,https://gamemarket.jp/booth/6157,6157,2026a
398,Colorful board games,両日 - H008,一般両日,,https://gamemarket.jp/booth/6754,6754,2026a
399,ツナグヒラク,両日 - H009,一般両日,,https://gamemarket.jp/booth/4563,4563,2026a
400,吉川雅彦,両日 - H010,一般両日,,https://gamemarket.jp/booth/6583,6583,2026a
401,あきらメル,両日 - H011,一般両日,,https://gamemarket.jp/booth/6570,6570,2026a
402,しぽまる屋,両日 - H012,一般両日,,https://gamemarket.jp/booth/5188,5188,2026a
403,小石皮,両日 - H013,一般両日,,https://gamemarket.jp/booth/6155,6155,2026a
404,iOGM/Boardwalk,両日 - H014,一般両日,,https://gamemarket.jp/booth/1204,1204,2026a
405,TUC GAME,両日 - H015,一般両日,,https://gamemarket.jp/booth/1281,1281,2026a
406,卓上劇場,両日 - H016,一般両日,,https://gamemarket.jp/booth/6755,6755,2026a
407,King's Road,両日 - H017,一般両日,,https://gamemarket.jp/booth/6495,6495,2026a
408,Hammer Works,両日 - H018,一般両日,,https://gamemarket.jp/booth/1060,1060,2026a
409,ぴよよ屋さん,両日 - H019,一般両日,,https://gamemarket.jp/booth/4546,4546,2026a
410,ネストエコーゲームズ,両日 - H020,一般両日,,https://gamemarket.jp/booth/6496,6496,2026a
411,深淵サルベージ,両日 - H021,一般両日,,https://gamemarket.jp/booth/4966,4966,2026a
412,Gold and Jade Stages沢?文化,両日 - H022,一般両日,,https://gamemarket.jp/booth/6756,6756,2026a
413,斎藤制作所,両日 - H023,一般両日,,https://gamemarket.jp/booth/6757,6757,2026a
414,GamersFamily.jp,両日 - H024,一般両日,,https://gamemarket.jp/booth/4678,4678,2026a
415,KAWASE Games,両日 - H025,一般両日,,https://gamemarket.jp/booth/6758,6758,2026a
416,猫招キ社,両日 - H026,一般両日,,https://gamemarket.jp/booth/6759,6759,2026a
417,がるがめ,両日 - H027,一般両日,,https://gamemarket.jp/booth/5547,5547,2026a
418,@HomePlace,両日 - H028,一般両日,,https://gamemarket.jp/booth/6760,6760,2026a
419,双天至尊堂,両日 - H029,一般両日,,https://gamemarket.jp/booth/1169,1169,2026a
420,OLIN STUDIO,両日 - H030,一般両日,,https://gamemarket.jp/booth/3289,3289,2026a
421,質問型ゲームラボ,両日 - H031,一般両日,,https://gamemarket.jp/booth/6761,6761,2026a
422,UNDERDOG GAMES,両日 - H032,一般両日,,https://gamemarket.jp/booth/4687,4687,2026a
423,YODOSHI GAMES,両日 - H033,一般両日,,https://gamemarket.jp/booth/4856,4856,2026a
424,八百屋,両日 - H034,一般両日,,https://gamemarket.jp/booth/6545,6545,2026a
425,森のボードゲーム,両日 - H035,一般両日,,https://gamemarket.jp/booth/6762,6762,2026a
426,2C GAMES,両日 - H036,一般両日,,https://gamemarket.jp/booth/6763,6763,2026a
427,あくあぱっつぁ,両日 - H037,一般両日,,https://gamemarket.jp/booth/5244,5244,2026a
428,レクP,両日 - H038,一般両日,,https://gamemarket.jp/booth/6058,6058,2026a
429,SBC,両日 - H039,一般両日,,https://gamemarket.jp/booth/5511,5511,2026a
430,ピグフォン,両日 - H040,一般両日,,https://gamemarket.jp/booth/2163,2163,2026a
431,LiNovent（リノヴェント）,両日 - H041,一般両日,,https://gamemarket.jp/booth/6764,6764,2026a
432,パタタイカ,両日 - H042,一般両日,,https://gamemarket.jp/booth/2950,2950,2026a
433,Up and Up,両日 - H043,一般両日,,https://gamemarket.jp/booth/6607,6607,2026a
434,Give＆Gain,両日 - H044,一般両日,,https://gamemarket.jp/booth/2050,2050,2026a
435,Gold Grain,両日 - H045,一般両日,,https://gamemarket.jp/booth/5353,5353,2026a
436,タレるヤ,両日 - H046,一般両日,,https://gamemarket.jp/booth/1108,1108,2026a
437,Nakagawa Hands,両日 - H047,一般両日,,https://gamemarket.jp/booth/2814,2814,2026a
438,YU-billiards,両日 - H048,一般両日,,https://gamemarket.jp/booth/6765,6765,2026a
439,よんごひんご,両日 - H049,一般両日,,https://gamemarket.jp/booth/6618,6618,2026a
440,如月郵便局,両日 - H050,一般両日,,https://gamemarket.jp/booth/6766,6766,2026a
441,アリウベシ,両日 - H051,一般両日,,https://gamemarket.jp/booth/6178,6178,2026a
442,成蹊ボードゲーム ルスト,両日 - H052,一般両日,,https://gamemarket.jp/booth/6767,6767,2026a
443,やすものゲームズ,両日 - H053,一般両日,,https://gamemarket.jp/booth/4597,4597,2026a
444,ソロワーズ-将棋&OXゲームの融合,両日 - H054,一般両日,,https://gamemarket.jp/booth/6768,6768,2026a
445,創りのアトリエ,両日 - H055,一般両日,,https://gamemarket.jp/booth/6769,6769,2026a
446,ネロ型ロボット,両日 - H056,一般両日,,https://gamemarket.jp/booth/6770,6770,2026a
447,コタツせかい,両日 - H057,一般両日,,https://gamemarket.jp/booth/5249,5249,2026a
448,KERA,両日 - H058,一般両日,,https://gamemarket.jp/booth/6771,6771,2026a
449,PBG,両日 - H059,一般両日,,https://gamemarket.jp/booth/6772,6772,2026a
450,tanaka-pzkp,両日 - H060,一般両日,,https://gamemarket.jp/booth/6773,6773,2026a
451,ボドサロ立川,両日 - H061,一般両日,,https://gamemarket.jp/booth/5561,5561,2026a
452,喰産,両日 - H062,一般両日,,https://gamemarket.jp/booth/6774,6774,2026a
453,Jack in the Board,両日 - H063,一般両日,,https://gamemarket.jp/booth/6775,6775,2026a
454,ゆこる,両日 - H064,一般両日,,https://gamemarket.jp/booth/6776,6776,2026a
455,Watch Catch Games,両日 - H065,一般両日,,https://gamemarket.jp/booth/6777,6777,2026a
456,灯台登り,両日 - H066,一般両日,,https://gamemarket.jp/booth/6778,6778,2026a
457,ピクステラ,両日 - H067,一般両日,,https://gamemarket.jp/booth/6779,6779,2026a
458,ヒカリマル製作所,両日 - H068,一般両日,,https://gamemarket.jp/booth/5842,5842,2026a
459,恐竜定食,両日 - H069,一般両日,,https://gamemarket.jp/booth/5498,5498,2026a
460,三枚研究所,両日 - H070,一般両日,,https://gamemarket.jp/booth/6780,6780,2026a
461,Hompimpa Games,両日 - H071,一般両日,,https://gamemarket.jp/booth/6781,6781,2026a
462,CHAOS 2 ZERO,両日 - N001,一般両日,,https://gamemarket.jp/booth/6969,6969,2026a
463,抜刀連打,両日 - N002,一般両日,,https://gamemarket.jp/booth/6963,6963,2026a
464,歴史カードゲーム ハイスト,両日 - N004,一般両日,,https://gamemarket.jp/booth/4759,4759,2026a
465,SANSEKING,両日 - N005,一般両日,,https://gamemarket.jp/booth/6970,6970,2026a
466,BLOCK FROG,両日 - N006,一般両日,,https://gamemarket.jp/booth/3057,3057,2026a
467,三省堂,両日 - N007,一般両日,,https://gamemarket.jp/booth/6966,6966,2026a
468,Prism Evange,両日 - N008,一般両日,,https://gamemarket.jp/booth/6965,6965,2026a
469,ボケナインＤＸ,両日 - N009,一般両日,,https://gamemarket.jp/booth/4845,4845,2026a
470,マイウェイ!!,両日 - N010,一般両日,,https://gamemarket.jp/booth/6967,6967,2026a
471,コンポタの森,両日 - N011,一般両日,,https://gamemarket.jp/booth/6964,6964,2026a
472,ウッカリイズム,両日 - N012,一般両日,,https://gamemarket.jp/booth/6957,6957,2026a
473,こうたずわーるど,両日 - N013,一般両日,,https://gamemarket.jp/booth/6958,6958,2026a
474,ホンネラボ,両日 - N023,一般両日,,https://gamemarket.jp/booth/3246,3246,2026a
475,StellaStudio,両日 - N024,一般両日,,https://gamemarket.jp/booth/5293,5293,2026a
476,CryptoHunter,両日 - N025,一般両日,,https://gamemarket.jp/booth/4976,4976,2026a
477,レーンフロンティア,両日 - N026,一般両日,,https://gamemarket.jp/booth/6968,6968,2026a
478,大草原製作所,両日 - N027,一般両日,,https://gamemarket.jp/booth/2701,2701,2026a
479,X-LIVE ONrush!,両日 - N028,一般両日,,https://gamemarket.jp/booth/5275,5275,2026a
480,燕三条TCG匠の守護者,両日 - N029,一般両日,,https://gamemarket.jp/booth/6382,6382,2026a
481,プレリコ開発,両日 - N030,一般両日,,https://gamemarket.jp/booth/6379,6379,2026a
482,Rising Factory,両日 - N031,一般両日,,https://gamemarket.jp/booth/6960,6960,2026a
483,ＩＲＯＨＡ GAME,両日 - N032,一般両日,,https://gamemarket.jp/booth/6961,6961,2026a
484,いくたいろ工房,両日 - N033,一般両日,,https://gamemarket.jp/booth/6962,6962,2026a
485,しばいぬくんカードゲーム,両日 - N034,一般両日,,https://gamemarket.jp/booth/6956,6956,2026a
486,スピマテ制作委員会,両日 - N035,一般両日,,https://gamemarket.jp/booth/1860,1860,2026a
487,アニス,両日 - N036,一般両日,,https://gamemarket.jp/booth/6959,6959,2026a
488,森Dragon,両日 - P001,一般両日,,https://gamemarket.jp/booth/5951,5951,2026a
489,メロンブックス,両日 - P002,一般両日,,https://gamemarket.jp/booth/3756,3756,2026a
490,Im Karton,両日 - P003,一般両日,,https://gamemarket.jp/booth/4773,4773,2026a
491,カードスリーブとダイスのTOKYO RELICS,両日 - P004,一般両日,,https://gamemarket.jp/booth/7052,7052,2026a
492,幽玄一人旅団,両日 - P005,一般両日,,https://gamemarket.jp/booth/5950,5950,2026a
493,アナログゲームミュージアム,両日 - P006,一般両日,,https://gamemarket.jp/booth/4212,4212,2026a
494,EISENFRONT,両日 - P007,一般両日,,https://gamemarket.jp/booth/6286,6286,2026a
495,kirinnoxgames,両日 - P008,一般両日,,https://gamemarket.jp/booth/6273,6273,2026a
496,小物と雑貨の工房「クリエー鉄」,両日 - P009,一般両日,,https://gamemarket.jp/booth/5844,5844,2026a
497,海中電灯,両日 - P010,一般両日,,https://gamemarket.jp/booth/2151,2151,2026a
498,Azur Valkyrie,両日 - P011,一般両日,,https://gamemarket.jp/booth/7050,7050,2026a
499,Serpent & Sea,両日 - P012,一般両日,,https://gamemarket.jp/booth/4666,4666,2026a
500,ドラタコ サイコロ専門店,両日 - P022,一般両日,,https://gamemarket.jp/booth/1784,1784,2026a
501,女巫之骰,両日 - P023,一般両日,,https://gamemarket.jp/booth/7053,7053,2026a
502,EDAガレージ,両日 - P024,一般両日,,https://gamemarket.jp/booth/5926,5926,2026a
503,南阿佐ヶ谷麻雀部,両日 - P025,一般両日,,https://gamemarket.jp/booth/2593,2593,2026a
504,サイコロール,両日 - P026,一般両日,,https://gamemarket.jp/booth/2303,2303,2026a
505,ねこまた工房,両日 - P027,一般両日,,https://gamemarket.jp/booth/3859,3859,2026a
506,Reacing Moon,両日 - P028,一般両日,,https://gamemarket.jp/booth/2466,2466,2026a
507,ミゴミゴアミーゴ,両日 - P029,一般両日,,https://gamemarket.jp/booth/1356,1356,2026a
508,クロくま工房,両日 - P030,一般両日,,https://gamemarket.jp/booth/1282,1282,2026a
509,DeDe Lab.,両日 - P031,一般両日,,https://gamemarket.jp/booth/7051,7051,2026a
510,よだかのヒントブース Ｂ,両日 - P041,一般両日,,https://gamemarket.jp/booth/1367,1367,2026a
511,日本マダミスラボ,両日 - Q009,一般両日,,https://gamemarket.jp/booth/7059,7059,2026a
512,ぐだぐだぶとん,両日 - Q010,一般両日,,https://gamemarket.jp/booth/4656,4656,2026a
513,Mutus,両日 - Q011,一般両日,,https://gamemarket.jp/booth/7062,7062,2026a
514,日本マーダーミステリー作家協会,両日 - Q012,一般両日,,https://gamemarket.jp/booth/6367,6367,2026a
515,残花,両日 - Q013,一般両日,,https://gamemarket.jp/booth/7065,7065,2026a
516,2Uプロジェクト,両日 - Q014,一般両日,,https://gamemarket.jp/booth/4598,4598,2026a
517,時すでにミステリー,両日 - Q015,一般両日,,https://gamemarket.jp/booth/5185,5185,2026a
518,透明堂,両日 - Q016,一般両日,,https://gamemarket.jp/booth/6279,6279,2026a
519,週末倶楽部,両日 - Q017,一般両日,,https://gamemarket.jp/booth/2345,2345,2026a
520,ADICE マーダーミステリー,両日 - Q018,一般両日,,https://gamemarket.jp/booth/7064,7064,2026a
521,ようがくじ「不二の会」,両日 - Q026,一般両日,,https://gamemarket.jp/booth/1540,1540,2026a
522,あひるのソワレ,両日 - Q027,一般両日,,https://gamemarket.jp/booth/5835,5835,2026a
523,みかんぷらねっつ。,両日 - Q028,一般両日,,https://gamemarket.jp/booth/7060,7060,2026a
524,acthouse,両日 - Q029,一般両日,,https://gamemarket.jp/booth/7061,7061,2026a
525,カメレオン工房,両日 - Q030,一般両日,,https://gamemarket.jp/booth/7063,7063,2026a
526,JOKER PROJECT,両日 - Q031,一般両日,,https://gamemarket.jp/booth/2691,2691,2026a
527,EGGミステリー倶楽部,両日 - Q032,一般両日,,https://gamemarket.jp/booth/5066,5066,2026a
528,goonie cafe,両日 - Q033,一般両日,,https://gamemarket.jp/booth/2739,2739,2026a
529,宵星堂,両日 - Q034,一般両日,,https://gamemarket.jp/booth/6267,6267,2026a
530,あたらしいタブー,両日 - Q035,一般両日,,https://gamemarket.jp/booth/5509,5509,2026a
531,イバラユーギ,両日 - Q036,一般両日,,https://gamemarket.jp/booth/5944,5944,2026a
532,J&J,両日 - S003,一般両日,,https://gamemarket.jp/booth/5159,5159,2026a
533,SYNCRYPT開発チーム,両日 - S004,一般両日,,https://gamemarket.jp/booth/6977,6977,2026a
534,BASELINE,両日 - S005,一般両日,,https://gamemarket.jp/booth/5050,5050,2026a
535,FT書房,両日 - S006,一般両日,,https://gamemarket.jp/booth/1313,1313,2026a
536,ぽいちゃみんはっと,両日 - S007,一般両日,,https://gamemarket.jp/booth/6979,6979,2026a
537,チーム青い花,両日 - S008,一般両日,,https://gamemarket.jp/booth/3747,3747,2026a
538,Freediacomics,両日 - S009,一般両日,,https://gamemarket.jp/booth/6982,6982,2026a
539,たむがや組 黒井会,両日 - S010,一般両日,,https://gamemarket.jp/booth/6978,6978,2026a
540,関東甲殻中枢,両日 - S011,一般両日,,https://gamemarket.jp/booth/5180,5180,2026a
541,KAIZOKU PRESS,両日 - S012,一般両日,,https://gamemarket.jp/booth/6554,6554,2026a
542,@tigger_maze,両日 - S013,一般両日,,https://gamemarket.jp/booth/5123,5123,2026a
543,マールストロム,両日 - S014,一般両日,,https://gamemarket.jp/booth/6981,6981,2026a
544,青色回遊魚,両日 - S015,一般両日,,https://gamemarket.jp/booth/4630,4630,2026a
545,探索者撲滅委員会,両日 - S016,一般両日,,https://gamemarket.jp/booth/5061,5061,2026a
546,西向く侍,両日 - S017,一般両日,,https://gamemarket.jp/booth/5948,5948,2026a
547,迫真卓,両日 - S021,一般両日,,https://gamemarket.jp/booth/5836,5836,2026a
548,HJ-TRPG,両日 - S023,一般両日,,https://gamemarket.jp/booth/6264,6264,2026a
549,すずかん書房くろはつ支店,両日 - S024,一般両日,,https://gamemarket.jp/booth/4959,4959,2026a
550,さといも牧場と卓上戦術部,両日 - S025,一般両日,,https://gamemarket.jp/booth/1942,1942,2026a
551,文理荘,両日 - S026,一般両日,,https://gamemarket.jp/booth/1452,1452,2026a
552,東京電機大学非電源ゲーム部,両日 - S027,一般両日,,https://gamemarket.jp/booth/4440,4440,2026a
553,クトゥルフアート,両日 - S028,一般両日,,https://gamemarket.jp/booth/5952,5952,2026a
554,雑貨店セイラン,両日 - S029,一般両日,,https://gamemarket.jp/booth/4637,4637,2026a
555,SANグラス本舗,両日 - S030,一般両日,,https://gamemarket.jp/booth/6520,6520,2026a
556,珠工房,両日 - S031,一般両日,,https://gamemarket.jp/booth/2115,2115,2026a
557,なつのアトリエ,両日 - T010,一般両日,,https://gamemarket.jp/booth/6712,6712,2026a
558,まめはた亭,両日 - T011,一般両日,,https://gamemarket.jp/booth/6552,6552,2026a
559,高海堂,両日 - T012,一般両日,,https://gamemarket.jp/booth/6980,6980,2026a
560,peas labo,両日 - T013,一般両日,,https://gamemarket.jp/booth/4585,4585,2026a
561,日本語読めない卓,両日 - T014,一般両日,,https://gamemarket.jp/booth/4586,4586,2026a
562,紙コップ卓,両日 - T024,一般両日,,https://gamemarket.jp/booth/6159,6159,2026a
563,AlterWald&人生遊戯同好会,両日 - T025,一般両日,,https://gamemarket.jp/booth/5459,5459,2026a
564,ダイスころころ研究室,両日 - T026,一般両日,,https://gamemarket.jp/booth/3456,3456,2026a
565,ヨシダノ卓,両日 - T027,一般両日,,https://gamemarket.jp/booth/5496,5496,2026a
566,サイコロウパル,両日 - T029,一般両日,,https://gamemarket.jp/booth/5506,5506,2026a
567,ミステリーゲームJAPAN,両日 - U001,一般両日,,https://gamemarket.jp/booth/7077,7077,2026a
568,体験推理小説,両日 - U002,一般両日,,https://gamemarket.jp/booth/5122,5122,2026a
569,MOVIE ROCK,両日 - U003,一般両日,,https://gamemarket.jp/booth/1729,1729,2026a
570,弐人国家,両日 - U004,一般両日,,https://gamemarket.jp/booth/2175,2175,2026a
571,持ち帰り謎KINOplans,両日 - U005,一般両日,,https://gamemarket.jp/booth/7074,7074,2026a
572,ナゾトキアドベンチャー,両日 - U011,一般両日,,https://gamemarket.jp/booth/3508,3508,2026a
573,NAZOLIVE,両日 - U012,一般両日,,https://gamemarket.jp/booth/7075,7075,2026a
574,なぞ助,両日 - U013,一般両日,,https://gamemarket.jp/booth/6275,6275,2026a
575,NAZO×NAZO劇団,両日 - U014,一般両日,,https://gamemarket.jp/booth/7076,7076,2026a
576,curiosity,両日 - U015,一般両日,,https://gamemarket.jp/booth/6546,6546,2026a
577,6ちゃんねる,両日 - Z001,一般両日,,https://gamemarket.jp/booth/4044,4044,2026a
578,こっち屋,両日 - Z002,一般両日,,https://gamemarket.jp/booth/1166,1166,2026a
579,Len brew,両日 - Z007,一般両日,,https://gamemarket.jp/booth/7094,7094,2026a
580,404号室,土曜 - G006,一般土曜,,https://gamemarket.jp/booth/7045,7045,2026a
581,虎茶屋,土曜 - G007,一般土曜,,https://gamemarket.jp/booth/5179,5179,2026a
582,日刊ハーフリングゥ,土曜 - G008,一般土曜,,https://gamemarket.jp/booth/6623,6623,2026a
583,ヒカリビタミン,土曜 - G009,一般土曜,,https://gamemarket.jp/booth/7046,7046,2026a
584,momoune/モモーヌ,土曜 - G010,一般土曜,,https://gamemarket.jp/booth/6033,6033,2026a
585,はるのどんぐり,土曜 - G011,一般土曜,,https://gamemarket.jp/booth/7047,7047,2026a
586,にへいみき,土曜 - G012,一般土曜,,https://gamemarket.jp/booth/7048,7048,2026a
587,辺境紳士社交場,土曜 - G013,一般土曜,,https://gamemarket.jp/booth/1930,1930,2026a
588,株式会社M2K,土曜 - G014,一般土曜,,https://gamemarket.jp/booth/3561,3561,2026a
589,ツクサポ＠三恵社ボドゲ部,土曜 - G021,一般土曜,,https://gamemarket.jp/booth/4300,4300,2026a
590,たこたこ研究所,土曜 - H072,一般土曜,,https://gamemarket.jp/booth/6243,6243,2026a
591,Coelacanth,土曜 - H073,一般土曜,,https://gamemarket.jp/booth/6071,6071,2026a
592,88create,土曜 - H074,一般土曜,,https://gamemarket.jp/booth/1922,1922,2026a
593,Ponyoc Games,土曜 - H075,一般土曜,,https://gamemarket.jp/booth/6361,6361,2026a
594,OXtA cube,土曜 - H076,一般土曜,,https://gamemarket.jp/booth/3881,3881,2026a
595,R’s Production,土曜 - H077,一般土曜,,https://gamemarket.jp/booth/4522,4522,2026a
596,プレイクリエイト,土曜 - H078,一般土曜,,https://gamemarket.jp/booth/5826,5826,2026a
597,さいなげ,土曜 - H079,一般土曜,,https://gamemarket.jp/booth/2152,2152,2026a
598,TITANHEADS,土曜 - H080,一般土曜,,https://gamemarket.jp/booth/2385,2385,2026a
599,北国ゲームズ,土曜 - H081,一般土曜,,https://gamemarket.jp/booth/2590,2590,2026a
600,seed-time,土曜 - H082,一般土曜,,https://gamemarket.jp/booth/4875,4875,2026a
601,霜月文庫,土曜 - H083,一般土曜,,https://gamemarket.jp/booth/3972,3972,2026a
602,マーチヘアゲームス,土曜 - H084,一般土曜,,https://gamemarket.jp/booth/1144,1144,2026a
603,バンビーゲームズ＆おるー,土曜 - H085,一般土曜,,https://gamemarket.jp/booth/3828,3828,2026a
604,雅ゲームス,土曜 - H086,一般土曜,,https://gamemarket.jp/booth/2009,2009,2026a
605,Groovy Globe Laboratory,土曜 - H087,一般土曜,,https://gamemarket.jp/booth/5545,5545,2026a
606,KIKI AWESOME STUDIO,土曜 - H088,一般土曜,,https://gamemarket.jp/booth/6872,6872,2026a
607,Polygonotes,土曜 - H089,一般土曜,,https://gamemarket.jp/booth/2173,2173,2026a
608,a_boost games,土曜 - H090,一般土曜,,https://gamemarket.jp/booth/2354,2354,2026a
609,TOMATO-KETCHUP GAMES,土曜 - H091,一般土曜,,https://gamemarket.jp/booth/6272,6272,2026a
610,楠本舗,土曜 - H092,一般土曜,,https://gamemarket.jp/booth/1167,1167,2026a
611,MEBAE LABEL,土曜 - H093,一般土曜,,https://gamemarket.jp/booth/6873,6873,2026a
612,シロゲーム,土曜 - H094,一般土曜,,https://gamemarket.jp/booth/4697,4697,2026a
613,シャオキッズ,土曜 - H095,一般土曜,,https://gamemarket.jp/booth/2808,2808,2026a
614,NIAGARA GAMES,土曜 - H096,一般土曜,,https://gamemarket.jp/booth/3000,3000,2026a
615,NSGクリエイト,土曜 - H097,一般土曜,,https://gamemarket.jp/booth/2026,2026,2026a
616,夜騎士Lin.K,土曜 - H098,一般土曜,,https://gamemarket.jp/booth/5094,5094,2026a
617,Vic Village,土曜 - H099,一般土曜,,https://gamemarket.jp/booth/3692,3692,2026a
618,をしだや,土曜 - H100,一般土曜,,https://gamemarket.jp/booth/1211,1211,2026a
619,アゲピテック,土曜 - H101,一般土曜,,https://gamemarket.jp/booth/2958,2958,2026a
620,まどらーゲームス,土曜 - H102,一般土曜,,https://gamemarket.jp/booth/4611,4611,2026a
621,ワンモアゲーム！,土曜 - H103,一般土曜,,https://gamemarket.jp/booth/1279,1279,2026a
622,デコクトデザイン,土曜 - H104,一般土曜,,https://gamemarket.jp/booth/2182,2182,2026a
623,楠Games,土曜 - H105,一般土曜,,https://gamemarket.jp/booth/4514,4514,2026a
624,俵社,土曜 - H106,一般土曜,,https://gamemarket.jp/booth/6874,6874,2026a
625,しえすた文具 × Be Catchy Games,土曜 - H107,一般土曜,,https://gamemarket.jp/booth/2700,2700,2026a
626,やづ屋,土曜 - H108,一般土曜,,https://gamemarket.jp/booth/1897,1897,2026a
627,井上 磨,土曜 - H109,一般土曜,,https://gamemarket.jp/booth/6437,6437,2026a
628,ツマヤ,土曜 - H110,一般土曜,,https://gamemarket.jp/booth/2386,2386,2026a
629,CONBU Games,土曜 - H111,一般土曜,,https://gamemarket.jp/booth/6601,6601,2026a
630,Tohf工房,土曜 - J001,一般土曜,,https://gamemarket.jp/booth/6875,6875,2026a
631,モグワイ＆HOYGAMES,土曜 - J002,一般土曜,,https://gamemarket.jp/booth/1280,1280,2026a
632,ましろ屋,土曜 - J003,一般土曜,,https://gamemarket.jp/booth/6436,6436,2026a
633,同人会ルーデンス・ファベル,土曜 - J004,一般土曜,,https://gamemarket.jp/booth/1460,1460,2026a
634,アース765,土曜 - J005,一般土曜,,https://gamemarket.jp/booth/3401,3401,2026a
635,サークルΔ-e,土曜 - J006,一般土曜,,https://gamemarket.jp/booth/4838,4838,2026a
636,ドンの遊び場,土曜 - J007,一般土曜,,https://gamemarket.jp/booth/6876,6876,2026a
637,盤上のヒストリー,土曜 - J008,一般土曜,,https://gamemarket.jp/booth/5063,5063,2026a
638,ウサギンガわーくす,土曜 - J009,一般土曜,,https://gamemarket.jp/booth/5885,5885,2026a
639,パンくず製果,土曜 - J010,一般土曜,,https://gamemarket.jp/booth/6614,6614,2026a
640,ベッティP（初星）,土曜 - J011,一般土曜,,https://gamemarket.jp/booth/6319,6319,2026a
641,Manifest Destiny,土曜 - J012,一般土曜,,https://gamemarket.jp/booth/1228,1228,2026a
642,ボードゲーム研究所カクレガ,土曜 - J013,一般土曜,,https://gamemarket.jp/booth/5935,5935,2026a
643,AMaRo Project.,土曜 - J014,一般土曜,,https://gamemarket.jp/booth/2521,2521,2026a
644,reici toybox,土曜 - J015,一般土曜,,https://gamemarket.jp/booth/5848,5848,2026a
645,SHUNROID,土曜 - J016,一般土曜,,https://gamemarket.jp/booth/2275,2275,2026a
646,浄卓戦線,土曜 - J017,一般土曜,,https://gamemarket.jp/booth/6877,6877,2026a
647,イリクンデ,土曜 - J018,一般土曜,,https://gamemarket.jp/booth/1251,1251,2026a
648,かぁこんず,土曜 - J019,一般土曜,,https://gamemarket.jp/booth/6179,6179,2026a
649,劇団Question,土曜 - J020,一般土曜,,https://gamemarket.jp/booth/6255,6255,2026a
650,with Board,土曜 - J021,一般土曜,,https://gamemarket.jp/booth/6878,6878,2026a
651,植民地戦争＋α,土曜 - J022,一般土曜,,https://gamemarket.jp/booth/1090,1090,2026a
652,Fukunohi Studio,土曜 - J023,一般土曜,,https://gamemarket.jp/booth/6879,6879,2026a
653,ミラーハウス,土曜 - J024,一般土曜,,https://gamemarket.jp/booth/3502,3502,2026a
654,アスダムゲームスタジオ,土曜 - J025,一般土曜,,https://gamemarket.jp/booth/5614,5614,2026a
655,アソビツクース,土曜 - J026,一般土曜,,https://gamemarket.jp/booth/2741,2741,2026a
656,きつねうどんチャーハン定食,土曜 - J027,一般土曜,,https://gamemarket.jp/booth/2946,2946,2026a
657,よぐゲーム,土曜 - J028,一般土曜,,https://gamemarket.jp/booth/1958,1958,2026a
658,ベルズゲームズ,土曜 - J029,一般土曜,,https://gamemarket.jp/booth/6880,6880,2026a
659,ふつかめのだいまじん,土曜 - J030,一般土曜,,https://gamemarket.jp/booth/4835,4835,2026a
660,ちょんまげ工務店コンバディダス,土曜 - J031,一般土曜,,https://gamemarket.jp/booth/2289,2289,2026a
661,あんきろわーくす,土曜 - J032,一般土曜,,https://gamemarket.jp/booth/4504,4504,2026a
662,ひとじゃらし,土曜 - J033,一般土曜,,https://gamemarket.jp/booth/1523,1523,2026a
663,片岸GAMEs,土曜 - J034,一般土曜,,https://gamemarket.jp/booth/6430,6430,2026a
664,8oz Games,土曜 - J035,一般土曜,,https://gamemarket.jp/booth/5039,5039,2026a
665,リトルエイト,土曜 - J036,一般土曜,,https://gamemarket.jp/booth/2936,2936,2026a
666,ピコラゲームズ,土曜 - J037,一般土曜,,https://gamemarket.jp/booth/6881,6881,2026a
667,6doors games,土曜 - J038,一般土曜,,https://gamemarket.jp/booth/6400,6400,2026a
668,もんきちゲームズ,土曜 - J039,一般土曜,,https://gamemarket.jp/booth/5431,5431,2026a
669,シュレディンガーゲームズ,土曜 - J040,一般土曜,,https://gamemarket.jp/booth/1292,1292,2026a
670,うちポケ屋,土曜 - J041,一般土曜,,https://gamemarket.jp/booth/5283,5283,2026a
671,TooCooL STUDIO,土曜 - J042,一般土曜,,https://gamemarket.jp/booth/4706,4706,2026a
672,野うさぎ～ず,土曜 - J043,一般土曜,,https://gamemarket.jp/booth/6882,6882,2026a
673,(ゆ)野ウサギ,土曜 - J044,一般土曜,,https://gamemarket.jp/booth/6883,6883,2026a
674,サイシュピール,土曜 - J045,一般土曜,,https://gamemarket.jp/booth/4214,4214,2026a
675,Ryusei Games,土曜 - J046,一般土曜,,https://gamemarket.jp/booth/4357,4357,2026a
676,SOLABO,土曜 - J047,一般土曜,,https://gamemarket.jp/booth/6198,6198,2026a
677,あそぼうや,土曜 - J048,一般土曜,,https://gamemarket.jp/booth/2599,2599,2026a
678,OKAZU brand,土曜 - J049,一般土曜,,https://gamemarket.jp/booth/1059,1059,2026a
679,一緒にゲームズ,土曜 - J050,一般土曜,,https://gamemarket.jp/booth/3915,3915,2026a
680,くじらだま,土曜 - J051,一般土曜,,https://gamemarket.jp/booth/2681,2681,2026a
681,ダイスキャスターズ,土曜 - J052,一般土曜,,https://gamemarket.jp/booth/2114,2114,2026a
682,ロブジャゲームズ,土曜 - J053,一般土曜,,https://gamemarket.jp/booth/3288,3288,2026a
683,モーモーゲームズ&teamOJyO,土曜 - J054,一般土曜,,https://gamemarket.jp/booth/6551,6551,2026a
684,ぽてきゃっ党,土曜 - J055,一般土曜,,https://gamemarket.jp/booth/4433,4433,2026a
685,Qrostar,土曜 - J056,一般土曜,,https://gamemarket.jp/booth/4745,4745,2026a
686,くらげシステム＆猫足遊戯,土曜 - J057,一般土曜,,https://gamemarket.jp/booth/1168,1168,2026a
687,Studio Citrine,土曜 - J058,一般土曜,,https://gamemarket.jp/booth/5011,5011,2026a
688,ぷにおもち研究所,土曜 - J059,一般土曜,,https://gamemarket.jp/booth/6191,6191,2026a
689,Mochi Lab.,土曜 - J060,一般土曜,,https://gamemarket.jp/booth/6884,6884,2026a
690,ルディワークス,土曜 - J061,一般土曜,,https://gamemarket.jp/booth/6435,6435,2026a
691,よのび～,土曜 - J062,一般土曜,,https://gamemarket.jp/booth/5312,5312,2026a
692,アルカジノ,土曜 - J063,一般土曜,,https://gamemarket.jp/booth/1808,1808,2026a
693,はゃての工房,土曜 - J064,一般土曜,,https://gamemarket.jp/booth/6205,6205,2026a
694,ヤマノノ,土曜 - J065,一般土曜,,https://gamemarket.jp/booth/6066,6066,2026a
695,モノビーズ,土曜 - J066,一般土曜,,https://gamemarket.jp/booth/4718,4718,2026a
696,東北大学経済学部久保田ゼミ,土曜 - J067,一般土曜,,https://gamemarket.jp/booth/6885,6885,2026a
697,merry-andrew-works,土曜 - J068,一般土曜,,https://gamemarket.jp/booth/1224,1224,2026a
698,六角えんぴつ,土曜 - K001,一般土曜,,https://gamemarket.jp/booth/1989,1989,2026a
699,OLD GAME CYCLE,土曜 - K002,一般土曜,,https://gamemarket.jp/booth/1052,1052,2026a
700,FR@ games,土曜 - K003,一般土曜,,https://gamemarket.jp/booth/1413,1413,2026a
701,ホタルシステム,土曜 - K004,一般土曜,,https://gamemarket.jp/booth/3073,3073,2026a
702,EVOQ!,土曜 - K005,一般土曜,,https://gamemarket.jp/booth/5884,5884,2026a
703,31539,土曜 - K006,一般土曜,,https://gamemarket.jp/booth/4152,4152,2026a
704,新卒デスジェンガ部,土曜 - K007,一般土曜,,https://gamemarket.jp/booth/6886,6886,2026a
705,かがりび&3RD Games,土曜 - K008,一般土曜,,https://gamemarket.jp/booth/2685,2685,2026a
706,MiSE,土曜 - K009,一般土曜,,https://gamemarket.jp/booth/6048,6048,2026a
707,RoundTableCommunications,土曜 - K010,一般土曜,,https://gamemarket.jp/booth/1928,1928,2026a
708,アニマルウィップ,土曜 - K011,一般土曜,,https://gamemarket.jp/booth/3983,3983,2026a
709,永田,土曜 - K012,一般土曜,,https://gamemarket.jp/booth/6165,6165,2026a
710,ORUCAgames,土曜 - K013,一般土曜,,https://gamemarket.jp/booth/2441,2441,2026a
711,kamiasobi,土曜 - K014,一般土曜,,https://gamemarket.jp/booth/5046,5046,2026a
712,monopy,土曜 - K015,一般土曜,,https://gamemarket.jp/booth/4216,4216,2026a
713,King's Court,土曜 - K016,一般土曜,,https://gamemarket.jp/booth/6887,6887,2026a
714,DOYA GAMES,土曜 - K017,一般土曜,,https://gamemarket.jp/booth/4083,4083,2026a
715,Yubune games,土曜 - K018,一般土曜,,https://gamemarket.jp/booth/5529,5529,2026a
716,トナカイゲームス,土曜 - K019,一般土曜,,https://gamemarket.jp/booth/6446,6446,2026a
717,30MinutesGames(TMG),土曜 - K020,一般土曜,,https://gamemarket.jp/booth/6438,6438,2026a
718,TOYLO VENUS,土曜 - K021,一般土曜,,https://gamemarket.jp/booth/4722,4722,2026a
719,The Game Gallery,土曜 - K022,一般土曜,,https://gamemarket.jp/booth/1352,1352,2026a
720,WarmNightBooks,土曜 - K023,一般土曜,,https://gamemarket.jp/booth/6051,6051,2026a
721,はねのけぶとん,土曜 - K024,一般土曜,,https://gamemarket.jp/booth/6533,6533,2026a
722,リヒトキングダム,土曜 - K025,一般土曜,,https://gamemarket.jp/booth/6506,6506,2026a
723,山田田中企画,土曜 - K026,一般土曜,,https://gamemarket.jp/booth/6888,6888,2026a
724,二度あることはサンドボックス,土曜 - K027,一般土曜,,https://gamemarket.jp/booth/6183,6183,2026a
725,アンシャンゲームズ,土曜 - K028,一般土曜,,https://gamemarket.jp/booth/5260,5260,2026a
726,ピリオド・ゲームズ,土曜 - K029,一般土曜,,https://gamemarket.jp/booth/2074,2074,2026a
727,studio KAWAZOI,土曜 - K030,一般土曜,,https://gamemarket.jp/booth/5539,5539,2026a
728,0169,土曜 - K031,一般土曜,,https://gamemarket.jp/booth/3690,3690,2026a
729,アヂサワゲーム,土曜 - K032,一般土曜,,https://gamemarket.jp/booth/1503,1503,2026a
730,じゅごんゲームズ,土曜 - K033,一般土曜,,https://gamemarket.jp/booth/4863,4863,2026a
731,愉快班,土曜 - K034,一般土曜,,https://gamemarket.jp/booth/4133,4133,2026a
732,いかるが図録,土曜 - K035,一般土曜,,https://gamemarket.jp/booth/6889,6889,2026a
733,Dusk Games,土曜 - K036,一般土曜,,https://gamemarket.jp/booth/6612,6612,2026a
734,王道エンターテイメント,土曜 - K037,一般土曜,,https://gamemarket.jp/booth/2059,2059,2026a
735,POLAR POND GAMES,土曜 - K038,一般土曜,,https://gamemarket.jp/booth/1901,1901,2026a
736,オマエんチ,土曜 - K039,一般土曜,,https://gamemarket.jp/booth/5943,5943,2026a
737,TakeWatchGames,土曜 - K040,一般土曜,,https://gamemarket.jp/booth/3529,3529,2026a
738,ずんだボードゲーム会,土曜 - K041,一般土曜,,https://gamemarket.jp/booth/6890,6890,2026a
739,鳴海製作所娯楽部,土曜 - K042,一般土曜,,https://gamemarket.jp/booth/2118,2118,2026a
740,かるくる,土曜 - K043,一般土曜,,https://gamemarket.jp/booth/4766,4766,2026a
741,セイムテーブル,土曜 - K044,一般土曜,,https://gamemarket.jp/booth/5616,5616,2026a
742,茄子工房,土曜 - K045,一般土曜,,https://gamemarket.jp/booth/6720,6720,2026a
743,残ったピザどうする～？！,土曜 - K046,一般土曜,,https://gamemarket.jp/booth/6718,6718,2026a
744,ヴェルフェル@大宮ボドゲ会,土曜 - K047,一般土曜,,https://gamemarket.jp/booth/1423,1423,2026a
745,パンダキネマ,土曜 - K048,一般土曜,,https://gamemarket.jp/booth/6184,6184,2026a
746,kiit,土曜 - K049,一般土曜,,https://gamemarket.jp/booth/5538,5538,2026a
747,タビノミチヅレ,土曜 - K050,一般土曜,,https://gamemarket.jp/booth/6891,6891,2026a
748,Tier-4 Games,土曜 - K051,一般土曜,,https://gamemarket.jp/booth/5552,5552,2026a
749,ワサビゲームズ,土曜 - K052,一般土曜,,https://gamemarket.jp/booth/6141,6141,2026a
750,Seeker Games,土曜 - K053,一般土曜,,https://gamemarket.jp/booth/4605,4605,2026a
751,Avignon Games,土曜 - K054,一般土曜,,https://gamemarket.jp/booth/4431,4431,2026a
752,ぽんべに商店,土曜 - K055,一般土曜,,https://gamemarket.jp/booth/6892,6892,2026a
753,株式会社木元省美堂,土曜 - K056,一般土曜,,https://gamemarket.jp/booth/6893,6893,2026a
754,十月十日+十人十色,土曜 - K057,一般土曜,,https://gamemarket.jp/booth/5089,5089,2026a
755,一般社団法人REARV,土曜 - K058,一般土曜,,https://gamemarket.jp/booth/5624,5624,2026a
756,一般社団法人国際箸学会,土曜 - K059,一般土曜,,https://gamemarket.jp/booth/6185,6185,2026a
757,キカクケイカク,土曜 - K060,一般土曜,,https://gamemarket.jp/booth/5890,5890,2026a
758,くろねこループ,土曜 - K061,一般土曜,,https://gamemarket.jp/booth/5071,5071,2026a
759,YYKオークションポーカー,土曜 - K062,一般土曜,,https://gamemarket.jp/booth/6894,6894,2026a
760,空葉堂(KUYODO),土曜 - K063,一般土曜,,https://gamemarket.jp/booth/4042,4042,2026a
761,JUGAME STUDIO,土曜 - K064,一般土曜,,https://gamemarket.jp/booth/1801,1801,2026a
762,てねずっとGames,土曜 - K065,一般土曜,,https://gamemarket.jp/booth/5891,5891,2026a
763,からあげチョコパイ,土曜 - K066,一般土曜,,https://gamemarket.jp/booth/5284,5284,2026a
764,NajiraGames,土曜 - K067,一般土曜,,https://gamemarket.jp/booth/5531,5531,2026a
765,Dimidium木星文庫,土曜 - K068,一般土曜,,https://gamemarket.jp/booth/4797,4797,2026a
766,Dice-Knot(PR),土曜 - K069,一般土曜,,https://gamemarket.jp/booth/2269,2269,2026a
767,福岡芸術高等学校 eスポーツ ボド部,土曜 - K070,一般土曜,,https://gamemarket.jp/booth/6895,6895,2026a
768,夕焼けゲームズ,土曜 - K071,一般土曜,,https://gamemarket.jp/booth/6896,6896,2026a
769,RAMCLEAR,土曜 - K072,一般土曜,,https://gamemarket.jp/booth/1800,1800,2026a
770,弾弾王国（タンタンおうこく）,土曜 - K073,一般土曜,,https://gamemarket.jp/booth/6897,6897,2026a
771,教授のここだけのゲーム,土曜 - K074,一般土曜,,https://gamemarket.jp/booth/1121,1121,2026a
772,EnterKeyGames,土曜 - K075,一般土曜,,https://gamemarket.jp/booth/6202,6202,2026a
773,ヤマヤタケシと203GAMES,土曜 - K076,一般土曜,,https://gamemarket.jp/booth/3183,3183,2026a
774,ルドルフゲームズ,土曜 - L001,一般土曜,,https://gamemarket.jp/booth/5073,5073,2026a
775,つわもの製作所,土曜 - L002,一般土曜,,https://gamemarket.jp/booth/5264,5264,2026a
776,酔いどれ趣造,土曜 - L003,一般土曜,,https://gamemarket.jp/booth/3731,3731,2026a
777,みすたーあんどみせすげーむず,土曜 - L004,一般土曜,,https://gamemarket.jp/booth/4754,4754,2026a
778,On bOARｄ,土曜 - L005,一般土曜,,https://gamemarket.jp/booth/6898,6898,2026a
779,カクテル,土曜 - L006,一般土曜,,https://gamemarket.jp/booth/5683,5683,2026a
780,鴨井ファイターズ,土曜 - L007,一般土曜,,https://gamemarket.jp/booth/6899,6899,2026a
781,Metoo,土曜 - L008,一般土曜,,https://gamemarket.jp/booth/5574,5574,2026a
782,日刊工業新聞社,土曜 - L009,一般土曜,,https://gamemarket.jp/booth/4983,4983,2026a
783,HITOYS,土曜 - L010,一般土曜,,https://gamemarket.jp/booth/5854,5854,2026a
784,はまじゅり亭,土曜 - L011,一般土曜,,https://gamemarket.jp/booth/6900,6900,2026a
785,Escapesheep&Scapegoat,土曜 - L012,一般土曜,,https://gamemarket.jp/booth/2434,2434,2026a
786,KYO-DO GAMES,土曜 - L013,一般土曜,,https://gamemarket.jp/booth/5898,5898,2026a
787,Life is Dice,土曜 - L014,一般土曜,,https://gamemarket.jp/booth/6901,6901,2026a
788,siroup games,土曜 - L015,一般土曜,,https://gamemarket.jp/booth/2190,2190,2026a
789,篠原遊戯重工,土曜 - L016,一般土曜,,https://gamemarket.jp/booth/1113,1113,2026a
790,CALUX GAMES,土曜 - L017,一般土曜,,https://gamemarket.jp/booth/6477,6477,2026a
791,電脳海鳥茶房,土曜 - L018,一般土曜,,https://gamemarket.jp/booth/4699,4699,2026a
792,株式会社BlasTrain,土曜 - L019,一般土曜,,https://gamemarket.jp/booth/5949,5949,2026a
793,コセイ,土曜 - L020,一般土曜,,https://gamemarket.jp/booth/3697,3697,2026a
794,foobar工房,土曜 - L021,一般土曜,,https://gamemarket.jp/booth/6902,6902,2026a
795,株式会社三和製作所,土曜 - L022,一般土曜,,https://gamemarket.jp/booth/6733,6733,2026a
796,Ending Maker's,土曜 - L023,一般土曜,,https://gamemarket.jp/booth/4045,4045,2026a
797,ボドゲパーク調布フォックス,土曜 - L024,一般土曜,,https://gamemarket.jp/booth/4989,4989,2026a
798,どすこい喫茶やま工房,土曜 - L025,一般土曜,,https://gamemarket.jp/booth/4982,4982,2026a
799,でじたるぱすた,土曜 - L026,一般土曜,,https://gamemarket.jp/booth/4970,4970,2026a
800,おすしファクトリー,土曜 - L027,一般土曜,,https://gamemarket.jp/booth/6903,6903,2026a
801,ラムゲームズ / ランビーフィッシュ,土曜 - L028,一般土曜,,https://gamemarket.jp/booth/5636,5636,2026a
802,チームしまね,土曜 - L029,一般土曜,,https://gamemarket.jp/booth/6904,6904,2026a
803,SHINSHI TALES,土曜 - L030,一般土曜,,https://gamemarket.jp/booth/6905,6905,2026a
804,FTE,土曜 - L031,一般土曜,,https://gamemarket.jp/booth/6906,6906,2026a
805,シェアデッキカードゲーム「伍ッ己」,土曜 - L032,一般土曜,,https://gamemarket.jp/booth/6907,6907,2026a
806,ツイモットゲームズ,土曜 - L033,一般土曜,,https://gamemarket.jp/booth/6284,6284,2026a
807,いがぼど,土曜 - L034,一般土曜,,https://gamemarket.jp/booth/6569,6569,2026a
808,びじゅつぶ,土曜 - L035,一般土曜,,https://gamemarket.jp/booth/6908,6908,2026a
809,ビーランバー,土曜 - L036,一般土曜,,https://gamemarket.jp/booth/4285,4285,2026a
810,ちゅーボド,土曜 - L037,一般土曜,,https://gamemarket.jp/booth/6657,6657,2026a
811,オペトロスノラボ,土曜 - L038,一般土曜,,https://gamemarket.jp/booth/3369,3369,2026a
812,ゆるるQ,土曜 - L039,一般土曜,,https://gamemarket.jp/booth/4747,4747,2026a
813,コスメボックス,土曜 - L040,一般土曜,,https://gamemarket.jp/booth/4102,4102,2026a
814,あんみつスタジオ,土曜 - L041,一般土曜,,https://gamemarket.jp/booth/5588,5588,2026a
815,2° game,土曜 - L042,一般土曜,,https://gamemarket.jp/booth/5562,5562,2026a
816,SSS-trypleS-,土曜 - L043,一般土曜,,https://gamemarket.jp/booth/6909,6909,2026a
817,ほめ太郎,土曜 - L044,一般土曜,,https://gamemarket.jp/booth/6910,6910,2026a
818,Joyple Games,土曜 - L045,一般土曜,,https://gamemarket.jp/booth/3397,3397,2026a
819,4Seasons,土曜 - L046,一般土曜,,https://gamemarket.jp/booth/3411,3411,2026a
820,WEFREE,土曜 - L047,一般土曜,,https://gamemarket.jp/booth/5294,5294,2026a
821,よっけ亭,土曜 - L048,一般土曜,,https://gamemarket.jp/booth/3987,3987,2026a
822,未確認スリーブ,土曜 - L049,一般土曜,,https://gamemarket.jp/booth/6230,6230,2026a
823,L.A.G.Craft,土曜 - L050,一般土曜,,https://gamemarket.jp/booth/2775,2775,2026a
824,Wondria Games,土曜 - L051,一般土曜,,https://gamemarket.jp/booth/6082,6082,2026a
825,ForGames,土曜 - L052,一般土曜,,https://gamemarket.jp/booth/6911,6911,2026a
826,Analogue Court,土曜 - L053,一般土曜,,https://gamemarket.jp/booth/6912,6912,2026a
827,量産型ザクを量産する会,土曜 - L054,一般土曜,,https://gamemarket.jp/booth/3982,3982,2026a
828,さるすべり,土曜 - L055,一般土曜,,https://gamemarket.jp/booth/4962,4962,2026a
829,MUTAN/ブラウニーズ,土曜 - L056,一般土曜,,https://gamemarket.jp/booth/6383,6383,2026a
830,KiraKira KuruKuru,土曜 - L057,一般土曜,,https://gamemarket.jp/booth/6913,6913,2026a
831,ぼーどぼーや,土曜 - L058,一般土曜,,https://gamemarket.jp/booth/4088,4088,2026a
832,ぼうしや,土曜 - L059,一般土曜,,https://gamemarket.jp/booth/5525,5525,2026a
833,Rock and Gaes,土曜 - L060,一般土曜,,https://gamemarket.jp/booth/3569,3569,2026a
834,トマト同盟堂王国,土曜 - L061,一般土曜,,https://gamemarket.jp/booth/4712,4712,2026a
835,アボカド大好き,土曜 - L062,一般土曜,,https://gamemarket.jp/booth/6914,6914,2026a
836,爆速ターボ,土曜 - L063,一般土曜,,https://gamemarket.jp/booth/6915,6915,2026a
837,board & craft,土曜 - L064,一般土曜,,https://gamemarket.jp/booth/6916,6916,2026a
838,ナナイロ企画,土曜 - L065,一般土曜,,https://gamemarket.jp/booth/5273,5273,2026a
839,Adacoda,土曜 - L066,一般土曜,,https://gamemarket.jp/booth/6385,6385,2026a
840,ボドゲ工房R,土曜 - L067,一般土曜,,https://gamemarket.jp/booth/3704,3704,2026a
841,コバヤシネマ,土曜 - L068,一般土曜,,https://gamemarket.jp/booth/6917,6917,2026a
842,ラビットガーデン,土曜 - L069,一般土曜,,https://gamemarket.jp/booth/5169,5169,2026a
843,北陵文学史チーム,土曜 - L070,一般土曜,,https://gamemarket.jp/booth/6918,6918,2026a
844,プロトクラフト,土曜 - L071,一般土曜,,https://gamemarket.jp/booth/2155,2155,2026a
845,知転悩(してんのう) & lam LAM GAME,土曜 - L072,一般土曜,,https://gamemarket.jp/booth/4235,4235,2026a
846,ペンネーム：藪から棒,土曜 - L073,一般土曜,,https://gamemarket.jp/booth/1955,1955,2026a
847,PULPIQUE,土曜 - L074,一般土曜,,https://gamemarket.jp/booth/6168,6168,2026a
848,Hi-ROM,土曜 - L075,一般土曜,,https://gamemarket.jp/booth/6919,6919,2026a
849,フォトマトペ,土曜 - L076,一般土曜,,https://gamemarket.jp/booth/4803,4803,2026a
850,ここでしかできないこと,土曜 - M001,一般土曜,,https://gamemarket.jp/booth/6259,6259,2026a
851,ボドゲラジオ研究会,土曜 - M002,一般土曜,,https://gamemarket.jp/booth/5585,5585,2026a
852,Biscuit Forge,土曜 - M003,一般土曜,,https://gamemarket.jp/booth/6920,6920,2026a
853,ボドまん,土曜 - M004,一般土曜,,https://gamemarket.jp/booth/2402,2402,2026a
854,ランチタイムゲームズ,土曜 - M005,一般土曜,,https://gamemarket.jp/booth/2255,2255,2026a
855,SCHEMERS,土曜 - M006,一般土曜,,https://gamemarket.jp/booth/4844,4844,2026a
856,八川社,土曜 - M007,一般土曜,,https://gamemarket.jp/booth/1184,1184,2026a
857,さいころ結社,土曜 - M008,一般土曜,,https://gamemarket.jp/booth/1118,1118,2026a
858,三国志 英傑群像,土曜 - M009,一般土曜,,https://gamemarket.jp/booth/4836,4836,2026a
859,デザイート,土曜 - M010,一般土曜,,https://gamemarket.jp/booth/6349,6349,2026a
860,黒鍋組,土曜 - M011,一般土曜,,https://gamemarket.jp/booth/4848,4848,2026a
861,魔王軍直轄領,土曜 - M012,一般土曜,,https://gamemarket.jp/booth/2137,2137,2026a
862,バルバス・バウ,土曜 - M013,一般土曜,,https://gamemarket.jp/booth/6831,6831,2026a
863,クマさん工房,土曜 - M014,一般土曜,,https://gamemarket.jp/booth/5471,5471,2026a
864,盤処すばる,土曜 - M015,一般土曜,,https://gamemarket.jp/booth/6465,6465,2026a
865,栃木県発！ENTER亭,土曜 - M016,一般土曜,,https://gamemarket.jp/booth/6832,6832,2026a
866,ねこひげーむず,土曜 - M017,一般土曜,,https://gamemarket.jp/booth/5158,5158,2026a
867,鳩羽庵,土曜 - M018,一般土曜,,https://gamemarket.jp/booth/6833,6833,2026a
868,しょっぱいゲームズ,土曜 - M019,一般土曜,,https://gamemarket.jp/booth/5630,5630,2026a
869,Moppen Games,土曜 - M020,一般土曜,,https://gamemarket.jp/booth/5419,5419,2026a
870,D研究所,土曜 - M021,一般土曜,,https://gamemarket.jp/booth/6172,6172,2026a
871,チップキックゲームズ,土曜 - M022,一般土曜,,https://gamemarket.jp/booth/3194,3194,2026a
872,タイムイーター,土曜 - M023,一般土曜,,https://gamemarket.jp/booth/5742,5742,2026a
873,CitrineNe Studio,土曜 - M024,一般土曜,,https://gamemarket.jp/booth/6488,6488,2026a
874,ジャスメノルーム,土曜 - M025,一般土曜,,https://gamemarket.jp/booth/5875,5875,2026a
875,やほまる水産,土曜 - M026,一般土曜,,https://gamemarket.jp/booth/5220,5220,2026a
876,PORCUBE,土曜 - M027,一般土曜,,https://gamemarket.jp/booth/6044,6044,2026a
877,DcraftStudio,土曜 - M028,一般土曜,,https://gamemarket.jp/booth/6834,6834,2026a
878,#サケバト,土曜 - M029,一般土曜,,https://gamemarket.jp/booth/5886,5886,2026a
879,グループ乾坤一擲,土曜 - M030,一般土曜,,https://gamemarket.jp/booth/1207,1207,2026a
880,くまとらげーみんぐ,土曜 - M031,一般土曜,,https://gamemarket.jp/booth/6835,6835,2026a
881,アルキミスタス,土曜 - M032,一般土曜,,https://gamemarket.jp/booth/6836,6836,2026a
882,ごらく趣造,土曜 - M033,一般土曜,,https://gamemarket.jp/booth/3676,3676,2026a
883,不飽和世界,土曜 - M034,一般土曜,,https://gamemarket.jp/booth/5126,5126,2026a
884,Laro Games,土曜 - M035,一般土曜,,https://gamemarket.jp/booth/6837,6837,2026a
885,ぽかさん,土曜 - M036,一般土曜,,https://gamemarket.jp/booth/6838,6838,2026a
886,ゲームさむおど,土曜 - M037,一般土曜,,https://gamemarket.jp/booth/6710,6710,2026a
887,テラミ部,土曜 - M038,一般土曜,,https://gamemarket.jp/booth/6839,6839,2026a
888,空理計画,土曜 - M039,一般土曜,,https://gamemarket.jp/booth/1882,1882,2026a
889,MICHIKUSA Works,土曜 - M040,一般土曜,,https://gamemarket.jp/booth/6840,6840,2026a
890,ShowHouse Games,土曜 - M041,一般土曜,,https://gamemarket.jp/booth/2356,2356,2026a
891,Lazini,土曜 - M042,一般土曜,,https://gamemarket.jp/booth/6602,6602,2026a
892,11 A.M. Games,土曜 - M043,一般土曜,,https://gamemarket.jp/booth/6503,6503,2026a
893,ナニカソン・新規事業ユニット,土曜 - M044,一般土曜,,https://gamemarket.jp/booth/4752,4752,2026a
894,ぐるぐるゲームズ,土曜 - M045,一般土曜,,https://gamemarket.jp/booth/6568,6568,2026a
895,餃ビ商会,土曜 - M046,一般土曜,,https://gamemarket.jp/booth/6841,6841,2026a
896,K-History Hunters,土曜 - M047,一般土曜,,https://gamemarket.jp/booth/6842,6842,2026a
897,地味ゲーム開発部,土曜 - M048,一般土曜,,https://gamemarket.jp/booth/4832,4832,2026a
898,EMPLAY GAME,土曜 - M049,一般土曜,,https://gamemarket.jp/booth/4756,4756,2026a
899,やもいげーむす,土曜 - M050,一般土曜,,https://gamemarket.jp/booth/1132,1132,2026a
900,StoryBoard,土曜 - M051,一般土曜,,https://gamemarket.jp/booth/5174,5174,2026a
901,TaiMEN GAMES,土曜 - M052,一般土曜,,https://gamemarket.jp/booth/4772,4772,2026a
902,ボドゲ製作委員会,土曜 - M053,一般土曜,,https://gamemarket.jp/booth/4075,4075,2026a
903,オイハル実験室,土曜 - M054,一般土曜,,https://gamemarket.jp/booth/6666,6666,2026a
904,ルール26,土曜 - M055,一般土曜,,https://gamemarket.jp/booth/5757,5757,2026a
905,ハレクラフト,土曜 - M056,一般土曜,,https://gamemarket.jp/booth/6843,6843,2026a
906,ばのえGame,土曜 - M057,一般土曜,,https://gamemarket.jp/booth/6844,6844,2026a
907,Key Unit,土曜 - M058,一般土曜,,https://gamemarket.jp/booth/4110,4110,2026a
908,ファウンデーションゲームス,土曜 - M059,一般土曜,,https://gamemarket.jp/booth/3818,3818,2026a
909,taradice,土曜 - M060,一般土曜,,https://gamemarket.jp/booth/6845,6845,2026a
910,ほたる屋,土曜 - M061,一般土曜,,https://gamemarket.jp/booth/6846,6846,2026a
911,みなで娯楽,土曜 - M062,一般土曜,,https://gamemarket.jp/booth/6847,6847,2026a
912,Project Ctrl+,土曜 - M063,一般土曜,,https://gamemarket.jp/booth/5428,5428,2026a
913,あまざ,土曜 - M064,一般土曜,,https://gamemarket.jp/booth/4841,4841,2026a
914,Cyflow,土曜 - M065,一般土曜,,https://gamemarket.jp/booth/6848,6848,2026a
915,studioTurbine,土曜 - M066,一般土曜,,https://gamemarket.jp/booth/2142,2142,2026a
916,花札のキタミ堂,土曜 - M067,一般土曜,,https://gamemarket.jp/booth/5232,5232,2026a
917,ペットと飼い主,土曜 - M068,一般土曜,,https://gamemarket.jp/booth/6528,6528,2026a
918,心理魔闘技ココロシアム,土曜 - M069,一般土曜,,https://gamemarket.jp/booth/6849,6849,2026a
919,ツワブキ,土曜 - M070,一般土曜,,https://gamemarket.jp/booth/6850,6850,2026a
920,一夜干しトークン,土曜 - M071,一般土曜,,https://gamemarket.jp/booth/6039,6039,2026a
921,カクザトウ,土曜 - M072,一般土曜,,https://gamemarket.jp/booth/4692,4692,2026a
922,The Fool’s Games,土曜 - M073,一般土曜,,https://gamemarket.jp/booth/6537,6537,2026a
923,符亀,土曜 - M074,一般土曜,,https://gamemarket.jp/booth/2358,2358,2026a
924,とんぼきり,土曜 - M075,一般土曜,,https://gamemarket.jp/booth/5983,5983,2026a
925,ミーアキャット,土曜 - M076,一般土曜,,https://gamemarket.jp/booth/6851,6851,2026a
926,SK_Games,土曜 - M077,一般土曜,,https://gamemarket.jp/booth/6852,6852,2026a
927,オーヤマゲーム,土曜 - M078,一般土曜,,https://gamemarket.jp/booth/2687,2687,2026a
928,ひつじ特攻,土曜 - M079,一般土曜,,https://gamemarket.jp/booth/6853,6853,2026a
929,専大ボドゲ☆スイム,土曜 - M080,一般土曜,,https://gamemarket.jp/booth/6854,6854,2026a
930,専大ボドゲ☆不動組,土曜 - M081,一般土曜,,https://gamemarket.jp/booth/6855,6855,2026a
931,Quoth Games,土曜 - M082,一般土曜,,https://gamemarket.jp/booth/1725,1725,2026a
932,もみじ工房,土曜 - M083,一般土曜,,https://gamemarket.jp/booth/6856,6856,2026a
933,社会貢献,土曜 - M084,一般土曜,,https://gamemarket.jp/booth/6471,6471,2026a
934,次世代党,土曜 - M085,一般土曜,,https://gamemarket.jp/booth/6857,6857,2026a
935,石ノ神,土曜 - M086,一般土曜,,https://gamemarket.jp/booth/6858,6858,2026a
936,DICE工房,土曜 - M087,一般土曜,,https://gamemarket.jp/booth/5912,5912,2026a
937,スタジオ 和楽,土曜 - M088,一般土曜,,https://gamemarket.jp/booth/6187,6187,2026a
938,さむがりヤスコ,土曜 - M089,一般土曜,,https://gamemarket.jp/booth/6490,6490,2026a
939,今日午後お茶会で,土曜 - M090,一般土曜,,https://gamemarket.jp/booth/6859,6859,2026a
940,森羅万象ゲームズ,土曜 - M091,一般土曜,,https://gamemarket.jp/booth/6860,6860,2026a
941,ナディ屋,土曜 - M092,一般土曜,,https://gamemarket.jp/booth/6861,6861,2026a
942,秘教機械,土曜 - M093,一般土曜,,https://gamemarket.jp/booth/2477,2477,2026a
943,サトー猫壱堂,土曜 - M094,一般土曜,,https://gamemarket.jp/booth/5861,5861,2026a
944,かわちかい,土曜 - M095,一般土曜,,https://gamemarket.jp/booth/3165,3165,2026a
945,つきあかりゲームズ,土曜 - M096,一般土曜,,https://gamemarket.jp/booth/6401,6401,2026a
946,つくえといす,土曜 - M097,一般土曜,,https://gamemarket.jp/booth/4769,4769,2026a
947,マンボウ･ザ･グレート,土曜 - M098,一般土曜,,https://gamemarket.jp/booth/4023,4023,2026a
948,かめうき,土曜 - M099,一般土曜,,https://gamemarket.jp/booth/1107,1107,2026a
949,サンライズゲームズ,土曜 - M100,一般土曜,,https://gamemarket.jp/booth/5167,5167,2026a
950,ＰＡＲＡＮＯＩＤ,土曜 - M101,一般土曜,,https://gamemarket.jp/booth/5973,5973,2026a
951,のごま,土曜 - M102,一般土曜,,https://gamemarket.jp/booth/6862,6862,2026a
952,ニル工房,土曜 - M103,一般土曜,,https://gamemarket.jp/booth/6863,6863,2026a
953,仮名ゲームス,土曜 - M104,一般土曜,,https://gamemarket.jp/booth/7096,7096,2026a
954,そらす堂,土曜 - M105,一般土曜,,https://gamemarket.jp/booth/6864,6864,2026a
955,Paradise Parakeet,土曜 - M106,一般土曜,,https://gamemarket.jp/booth/6865,6865,2026a
956,ねこらべる,土曜 - M107,一般土曜,,https://gamemarket.jp/booth/6218,6218,2026a
957,かめりあクィンテット,土曜 - M108,一般土曜,,https://gamemarket.jp/booth/3109,3109,2026a
958,皆勤賞,土曜 - M109,一般土曜,,https://gamemarket.jp/booth/6866,6866,2026a
959,ぷあぷあイデオロギー,土曜 - M110,一般土曜,,https://gamemarket.jp/booth/5629,5629,2026a
960,Highji_Works,土曜 - M111,一般土曜,,https://gamemarket.jp/booth/3964,3964,2026a
961,Timentier Games,土曜 - M112,一般土曜,,https://gamemarket.jp/booth/5303,5303,2026a
962,にゃんぷる,土曜 - M113,一般土曜,,https://gamemarket.jp/booth/4741,4741,2026a
963,みこしかつぐしろいるか,土曜 - M114,一般土曜,,https://gamemarket.jp/booth/5436,5436,2026a
964,かたくり兎のCG露店,土曜 - M115,一般土曜,,https://gamemarket.jp/booth/6867,6867,2026a
965,千の匣,土曜 - M116,一般土曜,,https://gamemarket.jp/booth/4491,4491,2026a
966,ろーりん☆つーりす,土曜 - M117,一般土曜,,https://gamemarket.jp/booth/1387,1387,2026a
967,嘴広卿,土曜 - M118,一般土曜,,https://gamemarket.jp/booth/2199,2199,2026a
968,親子ボドゲ,土曜 - M119,一般土曜,,https://gamemarket.jp/booth/2166,2166,2026a
969,Unclear,土曜 - M120,一般土曜,,https://gamemarket.jp/booth/6871,6871,2026a
970,80GAMES,土曜 - M121,一般土曜,,https://gamemarket.jp/booth/5067,5067,2026a
971,チャトラゲームズ,土曜 - M122,一般土曜,,https://gamemarket.jp/booth/2866,2866,2026a
972,EBAGEM,土曜 - M123,一般土曜,,https://gamemarket.jp/booth/4048,4048,2026a
973,LASTHOPE,土曜 - M124,一般土曜,,https://gamemarket.jp/booth/4644,4644,2026a
974,Doubt Games,土曜 - M125,一般土曜,,https://gamemarket.jp/booth/5843,5843,2026a
975,（一社）日本しりとり協会,土曜 - M126,一般土曜,,https://gamemarket.jp/booth/6314,6314,2026a
976,玉匣~たまくしげ~,土曜 - M127,一般土曜,,https://gamemarket.jp/booth/6590,6590,2026a
977,秘密結社しゃっかー,土曜 - M128,一般土曜,,https://gamemarket.jp/booth/5710,5710,2026a
978,ARCAREST,土曜 - M129,一般土曜,,https://gamemarket.jp/booth/4316,4316,2026a
979,LUXIA,土曜 - M130,一般土曜,,https://gamemarket.jp/booth/6868,6868,2026a
980,とんじる,土曜 - M131,一般土曜,,https://gamemarket.jp/booth/4677,4677,2026a
981,ハッピーゲームズ,土曜 - M132,一般土曜,,https://gamemarket.jp/booth/1538,1538,2026a
982,Children's Tree Games,土曜 - M133,一般土曜,,https://gamemarket.jp/booth/1466,1466,2026a
983,梟老堂,土曜 - M134,一般土曜,,https://gamemarket.jp/booth/1307,1307,2026a
984,みとなゲームズ,土曜 - M135,一般土曜,,https://gamemarket.jp/booth/6154,6154,2026a
985,今日、僕が船を出さない理由,土曜 - M136,一般土曜,,https://gamemarket.jp/booth/5869,5869,2026a
986,木須ゲームズ,土曜 - M137,一般土曜,,https://gamemarket.jp/booth/5395,5395,2026a
987,年間ぱら,土曜 - M138,一般土曜,,https://gamemarket.jp/booth/6616,6616,2026a
988,Table Cross,土曜 - M139,一般土曜,,https://gamemarket.jp/booth/1250,1250,2026a
989,リトルハーミット,土曜 - M140,一般土曜,,https://gamemarket.jp/booth/3746,3746,2026a
990,遊び村,土曜 - M141,一般土曜,,https://gamemarket.jp/booth/6316,6316,2026a
991,オデットスタジオ,土曜 - M142,一般土曜,,https://gamemarket.jp/booth/6869,6869,2026a
992,揺れる蕾を愛でる会,土曜 - M143,一般土曜,,https://gamemarket.jp/booth/3965,3965,2026a
993,賽子屋,土曜 - M144,一般土曜,,https://gamemarket.jp/booth/6870,6870,2026a
994,Uesama Games,土曜 - M145,一般土曜,,https://gamemarket.jp/booth/2580,2580,2026a
995,Native Studio,土曜 - M146,一般土曜,,https://gamemarket.jp/booth/6716,6716,2026a
996,ワークショップゲームをつくる会,土曜 - M147,一般土曜,,https://gamemarket.jp/booth/3698,3698,2026a
997,A01PRODUCTION,土曜 - M148,一般土曜,,https://gamemarket.jp/booth/6241,6241,2026a
998,永夜,土曜 - N014,一般土曜,,https://gamemarket.jp/booth/5517,5517,2026a
999,BlackPoker,土曜 - N015,一般土曜,,https://gamemarket.jp/booth/1853,1853,2026a
1000,ポイエータイ,土曜 - N016,一般土曜,,https://gamemarket.jp/booth/5593,5593,2026a
1001,Melee the Crystal,土曜 - N017,一般土曜,,https://gamemarket.jp/booth/6222,6222,2026a
1002,蒼空久遠工房,土曜 - N018,一般土曜,,https://gamemarket.jp/booth/4603,4603,2026a
1003,AsobuzZ-アソバズ-,土曜 - N019,一般土曜,,https://gamemarket.jp/booth/5290,5290,2026a
1004,レジェンド・オブ・スターズ,土曜 - N020,一般土曜,,https://gamemarket.jp/booth/5959,5959,2026a
1005,しゅうかくタイム,土曜 - N021,一般土曜,,https://gamemarket.jp/booth/6971,6971,2026a
1006,Pair Games,土曜 - N022,一般土曜,,https://gamemarket.jp/booth/4957,4957,2026a
1007,あなろぐれたす,土曜 - N037,一般土曜,,https://gamemarket.jp/booth/6076,6076,2026a
1008,すたじおかろん,土曜 - N038,一般土曜,,https://gamemarket.jp/booth/6972,6972,2026a
1009,バトルオブレガシィ,土曜 - N039,一般土曜,,https://gamemarket.jp/booth/6973,6973,2026a
1010,漫と日々,土曜 - N040,一般土曜,,https://gamemarket.jp/booth/6663,6663,2026a
1011,動物王,土曜 - N041,一般土曜,,https://gamemarket.jp/booth/6975,6975,2026a
1012,「妖精の森」管理局,土曜 - N042,一般土曜,,https://gamemarket.jp/booth/6186,6186,2026a
1013,けむりちゅーどく,土曜 - N043,一般土曜,,https://gamemarket.jp/booth/5967,5967,2026a
1014,記卓部,土曜 - N044,一般土曜,,https://gamemarket.jp/booth/3069,3069,2026a
1015,神津島ジュニアクリエイターズ,土曜 - N045,一般土曜,,https://gamemarket.jp/booth/6974,6974,2026a
1016,クレイズ出版,土曜 - P013,一般土曜,,https://gamemarket.jp/booth/7057,7057,2026a
1017,シンキングファクトリー,土曜 - P014,一般土曜,,https://gamemarket.jp/booth/5587,5587,2026a
1018,@Dokkoi_JP,土曜 - P015,一般土曜,,https://gamemarket.jp/booth/4078,4078,2026a
1019,@Dokkoi_JP_LIFE,土曜 - P016,一般土曜,,https://gamemarket.jp/booth/5909,5909,2026a
1020,Artesuar ＆ ころん、ゆらん,土曜 - P017,一般土曜,,https://gamemarket.jp/booth/3064,3064,2026a
1021,いたやま商会,土曜 - P018,一般土曜,,https://gamemarket.jp/booth/1355,1355,2026a
1022,ドミノガーデン＠ボドゲクロス,土曜 - P019,一般土曜,,https://gamemarket.jp/booth/2343,2343,2026a
1023,JoyStock,土曜 - P020,一般土曜,,https://gamemarket.jp/booth/5828,5828,2026a
1024,KTK関西特許研究会,土曜 - P021,一般土曜,,https://gamemarket.jp/booth/7056,7056,2026a
1025,ふうぶつし,土曜 - P032,一般土曜,,https://gamemarket.jp/booth/3227,3227,2026a
1026,ホットゲームズ＋まーまゆ食堂,土曜 - P033,一般土曜,,https://gamemarket.jp/booth/2049,2049,2026a
1027,ジェーンとマトン,土曜 - P034,一般土曜,,https://gamemarket.jp/booth/2567,2567,2026a
1028,竜哭堂,土曜 - P035,一般土曜,,https://gamemarket.jp/booth/4403,4403,2026a
1029,久遠堂,土曜 - P036,一般土曜,,https://gamemarket.jp/booth/1473,1473,2026a
1030,ながめてる工房,土曜 - P037,一般土曜,,https://gamemarket.jp/booth/7055,7055,2026a
1031,うめゆ Word Works,土曜 - P038,一般土曜,,https://gamemarket.jp/booth/5374,5374,2026a
1032,TailCrafter,土曜 - P039,一般土曜,,https://gamemarket.jp/booth/7054,7054,2026a
1033,TIW工房,土曜 - P040,一般土曜,,https://gamemarket.jp/booth/5750,5750,2026a
1034,Peerless Games,土曜 - Q001,一般土曜,,https://gamemarket.jp/booth/6242,6242,2026a
1035,TOXY GAMES,土曜 - Q002,一般土曜,,https://gamemarket.jp/booth/4188,4188,2026a
1036,LUMI:X,土曜 - Q003,一般土曜,,https://gamemarket.jp/booth/1539,1539,2026a
1037,ボドゲーン同好会,土曜 - Q004,一般土曜,,https://gamemarket.jp/booth/3327,3327,2026a
1038,謎廊倶楽部,土曜 - Q005,一般土曜,,https://gamemarket.jp/booth/6486,6486,2026a
1039,マダミステリ屋,土曜 - Q006,一般土曜,,https://gamemarket.jp/booth/4965,4965,2026a
1040,イマーシブクラウド,土曜 - Q007,一般土曜,,https://gamemarket.jp/booth/6189,6189,2026a
1041,Sushi.Lab,土曜 - Q008,一般土曜,,https://gamemarket.jp/booth/4946,4946,2026a
1042,静岡テーブルゲーム工房,土曜 - Q019,一般土曜,,https://gamemarket.jp/booth/4607,4607,2026a
1043,ROSSIⅡ,土曜 - Q020,一般土曜,,https://gamemarket.jp/booth/6135,6135,2026a
1044,幽界航路,土曜 - Q021,一般土曜,,https://gamemarket.jp/booth/7068,7068,2026a
1045,屈折キネマ,土曜 - Q022,一般土曜,,https://gamemarket.jp/booth/7069,7069,2026a
1046,3分ラボ,土曜 - Q023,一般土曜,,https://gamemarket.jp/booth/7070,7070,2026a
1047,阿萬家,土曜 - Q024,一般土曜,,https://gamemarket.jp/booth/6643,6643,2026a
1048,newmerous,土曜 - Q025,一般土曜,,https://gamemarket.jp/booth/2864,2864,2026a
1049,TheLightHouse,土曜 - R001,一般土曜,,https://gamemarket.jp/booth/4854,4854,2026a
1050,100人で制作マダミス,土曜 - R002,一般土曜,,https://gamemarket.jp/booth/4853,4853,2026a
1051,STUDIO GREAT GIGATON GAR,土曜 - R003,一般土曜,,https://gamemarket.jp/booth/5480,5480,2026a
1052,ちばアナログゲームサークル,土曜 - R004,一般土曜,,https://gamemarket.jp/booth/5669,5669,2026a
1053,星屑ゲームズ,土曜 - R005,一般土曜,,https://gamemarket.jp/booth/7066,7066,2026a
1054,ぶたゆめ堂,土曜 - R006,一般土曜,,https://gamemarket.jp/booth/6200,6200,2026a
1055,我月家,土曜 - R007,一般土曜,,https://gamemarket.jp/booth/1363,1363,2026a
1056,7thKINGS,土曜 - R008,一般土曜,,https://gamemarket.jp/booth/4669,4669,2026a
1057,ＡＨＣマダミス,土曜 - R009,一般土曜,,https://gamemarket.jp/booth/6605,6605,2026a
1058,天氷川商店,土曜 - R010,一般土曜,,https://gamemarket.jp/booth/6056,6056,2026a
1059,Y.Seminar,土曜 - R011,一般土曜,,https://gamemarket.jp/booth/1980,1980,2026a
1060,三ツ首工房,土曜 - R012,一般土曜,,https://gamemarket.jp/booth/4865,4865,2026a
1061,うみのくるしみゲームス,土曜 - R013,一般土曜,,https://gamemarket.jp/booth/6070,6070,2026a
1062,ぱわー,土曜 - R014,一般土曜,,https://gamemarket.jp/booth/7067,7067,2026a
1063,アノマリス,土曜 - R015,一般土曜,,https://gamemarket.jp/booth/6016,6016,2026a
1064,窓際デスク,土曜 - R016,一般土曜,,https://gamemarket.jp/booth/1470,1470,2026a
1065,ブレードライン作成室,土曜 - S001,一般土曜,,https://gamemarket.jp/booth/6985,6985,2026a
1066,おひとつTRPGいかが会,土曜 - S002,一般土曜,,https://gamemarket.jp/booth/6987,6987,2026a
1067,怒る弟子瑕疵,土曜 - S018,一般土曜,,https://gamemarket.jp/booth/6984,6984,2026a
1068,Radiant azure,土曜 - S019,一般土曜,,https://gamemarket.jp/booth/6993,6993,2026a
1069,ロコボックス,土曜 - S020,一般土曜,,https://gamemarket.jp/booth/3602,3602,2026a
1070,auroraloop,土曜 - T001,一般土曜,,https://gamemarket.jp/booth/3240,3240,2026a
1071,納豆庵,土曜 - T002,一般土曜,,https://gamemarket.jp/booth/2518,2518,2026a
1072,2be (禿筆) @ 台灣,土曜 - T003,一般土曜,,https://gamemarket.jp/booth/6989,6989,2026a
1073,へい堂,土曜 - T004,一般土曜,,https://gamemarket.jp/booth/6992,6992,2026a
1074,呼吸(せん)とす,土曜 - T005,一般土曜,,https://gamemarket.jp/booth/6983,6983,2026a
1075,上智大学ストーリー研究会,土曜 - T006,一般土曜,,https://gamemarket.jp/booth/6996,6996,2026a
1076,えびのおすし探偵団,土曜 - T007,一般土曜,,https://gamemarket.jp/booth/4912,4912,2026a
1077,こば屋,土曜 - T008,一般土曜,,https://gamemarket.jp/booth/6986,6986,2026a
1078,機械花,土曜 - T009,一般土曜,,https://gamemarket.jp/booth/3590,3590,2026a
1079,川犬卓&餐題奇劇,土曜 - T015,一般土曜,,https://gamemarket.jp/booth/6995,6995,2026a
1080,RSゲームズ,土曜 - T016,一般土曜,,https://gamemarket.jp/booth/1457,1457,2026a
1081,夜ふかし卓（仮）,土曜 - T017,一般土曜,,https://gamemarket.jp/booth/6988,6988,2026a
1082,玄夏堂,土曜 - T018,一般土曜,,https://gamemarket.jp/booth/6092,6092,2026a
1083,お笑いTRPGサークル,土曜 - T019,一般土曜,,https://gamemarket.jp/booth/4159,4159,2026a
1084,ゆきかゞみ,土曜 - T020,一般土曜,,https://gamemarket.jp/booth/6994,6994,2026a
1085,生き地獄連合軍,土曜 - T021,一般土曜,,https://gamemarket.jp/booth/6990,6990,2026a
1086,ろくでもいあいあ,土曜 - T022,一般土曜,,https://gamemarket.jp/booth/6991,6991,2026a
1087,健康卓,土曜 - T023,一般土曜,,https://gamemarket.jp/booth/6040,6040,2026a
1088,うしみつどき,土曜 - U006,一般土曜,,https://gamemarket.jp/booth/7079,7079,2026a
1089,Quadora,土曜 - U007,一般土曜,,https://gamemarket.jp/booth/7078,7078,2026a
1090,智謎,土曜 - U008,一般土曜,,https://gamemarket.jp/booth/6450,6450,2026a
1091,くいーんもーにんぐ,土曜 - U009,一般土曜,,https://gamemarket.jp/booth/5162,5162,2026a
1092,牛骨商人,土曜 - U010,一般土曜,,https://gamemarket.jp/booth/4665,4665,2026a
1093,趣茶屋,土曜 - U016,一般土曜,,https://gamemarket.jp/booth/5685,5685,2026a
1094,ドサンコゲームス,土曜 - U017,一般土曜,,https://gamemarket.jp/booth/4326,4326,2026a
1095,反社会人サークル,土曜 - U018,一般土曜,,https://gamemarket.jp/booth/1505,1505,2026a
1096,ふくらみゲームズ,土曜 - Z003,一般土曜,,https://gamemarket.jp/booth/6049,6049,2026a
1097,GOTO16,土曜 - Z004,一般土曜,,https://gamemarket.jp/booth/7095,7095,2026a
1098,しめりけ,土曜 - Z008,一般土曜,,https://gamemarket.jp/booth/1829,1829,2026a
1099,冒険少女ギルド,土曜 - Z009,一般土曜,,https://gamemarket.jp/booth/6025,6025,2026a
1100,monacolors,日曜 - G006,一般日曜,,https://gamemarket.jp/booth/6359,6359,2026a
1101,TOM Design,日曜 - G007,一般日曜,,https://gamemarket.jp/booth/7049,7049,2026a
1102,TUKAPON,日曜 - H072,一般日曜,,https://gamemarket.jp/booth/1219,1219,2026a
1103,ブッコ,日曜 - H073,一般日曜,,https://gamemarket.jp/booth/1526,1526,2026a
1104,ヌケガケ企画,日曜 - H074,一般日曜,,https://gamemarket.jp/booth/6941,6941,2026a
1105,ショウ(Sho),日曜 - H075,一般日曜,,https://gamemarket.jp/booth/5155,5155,2026a
1106,おっさん水産,日曜 - H076,一般日曜,,https://gamemarket.jp/booth/2082,2082,2026a
1107,6×6マス研究所,日曜 - H077,一般日曜,,https://gamemarket.jp/booth/6942,6942,2026a
1108,パニーニゲームズ,日曜 - H078,一般日曜,,https://gamemarket.jp/booth/6196,6196,2026a
1109,SHM,日曜 - H079,一般日曜,,https://gamemarket.jp/booth/6943,6943,2026a
1110,WHIMORE,日曜 - H080,一般日曜,,https://gamemarket.jp/booth/6237,6237,2026a
1111,秘密結社isenn,日曜 - H081,一般日曜,,https://gamemarket.jp/booth/6944,6944,2026a
1112,幻想卓上界,日曜 - H082,一般日曜,,https://gamemarket.jp/booth/1295,1295,2026a
1113,DOMICOLLE,日曜 - H083,一般日曜,,https://gamemarket.jp/booth/6945,6945,2026a
1114,CampingGames,日曜 - H084,一般日曜,,https://gamemarket.jp/booth/5814,5814,2026a
1115,あんとん,日曜 - H085,一般日曜,,https://gamemarket.jp/booth/6946,6946,2026a
1116,CASるボードゲーム班,日曜 - H086,一般日曜,,https://gamemarket.jp/booth/6947,6947,2026a
1117,GCS会制作部,日曜 - H087,一般日曜,,https://gamemarket.jp/booth/3359,3359,2026a
1118,チャイムが鳴ったら。,日曜 - H088,一般日曜,,https://gamemarket.jp/booth/6544,6544,2026a
1119,元素であそぼ くらげラボ,日曜 - H089,一般日曜,,https://gamemarket.jp/booth/4134,4134,2026a
1120,Regalez,日曜 - H090,一般日曜,,https://gamemarket.jp/booth/1117,1117,2026a
1121,ゲームの殿堂,日曜 - H091,一般日曜,,https://gamemarket.jp/booth/2797,2797,2026a
1122,休日の秘密基地,日曜 - H092,一般日曜,,https://gamemarket.jp/booth/6948,6948,2026a
1123,さいたまオフライン,日曜 - H093,一般日曜,,https://gamemarket.jp/booth/1177,1177,2026a
1124,Re-one,日曜 - H094,一般日曜,,https://gamemarket.jp/booth/5850,5850,2026a
1125,レーザー隊,日曜 - H095,一般日曜,,https://gamemarket.jp/booth/2432,2432,2026a
1126,Dot.,日曜 - H096,一般日曜,,https://gamemarket.jp/booth/6949,6949,2026a
1127,stJOINTJOINT,日曜 - H097,一般日曜,,https://gamemarket.jp/booth/6674,6674,2026a
1128,朋優学院ボードゲーム部,日曜 - H098,一般日曜,,https://gamemarket.jp/booth/4527,4527,2026a
1129,学習ゲーム・インダストリーズ,日曜 - H099,一般日曜,,https://gamemarket.jp/booth/5556,5556,2026a
1130,あひる研究所,日曜 - H100,一般日曜,,https://gamemarket.jp/booth/6950,6950,2026a
1131,絶滅動物研究部,日曜 - H101,一般日曜,,https://gamemarket.jp/booth/6951,6951,2026a
1132,math channel,日曜 - H102,一般日曜,,https://gamemarket.jp/booth/4554,4554,2026a
1133,第二遊戯,日曜 - H103,一般日曜,,https://gamemarket.jp/booth/6952,6952,2026a
1134,KEY商会,日曜 - H104,一般日曜,,https://gamemarket.jp/booth/1176,1176,2026a
1135,ノエルのアトリエ,日曜 - H105,一般日曜,,https://gamemarket.jp/booth/4763,4763,2026a
1136,未踏デザインゲーム研究室,日曜 - H106,一般日曜,,https://gamemarket.jp/booth/5698,5698,2026a
1137,カツオゲームズ,日曜 - H107,一般日曜,,https://gamemarket.jp/booth/4487,4487,2026a
1138,演劇×ゲーム ねりあめ企画,日曜 - H108,一般日曜,,https://gamemarket.jp/booth/6953,6953,2026a
1139,ハラハラハラスメント,日曜 - H109,一般日曜,,https://gamemarket.jp/booth/6954,6954,2026a
1140,Project:LEMO,日曜 - H110,一般日曜,,https://gamemarket.jp/booth/6233,6233,2026a
1141,パンパス,日曜 - H111,一般日曜,,https://gamemarket.jp/booth/3659,3659,2026a
1142,ゆうひ,日曜 - J001,一般日曜,,https://gamemarket.jp/booth/6955,6955,2026a
1143,触覚かるたととり助,日曜 - J002,一般日曜,,https://gamemarket.jp/booth/2544,2544,2026a
1144,P.C.I.P,日曜 - J003,一般日曜,,https://gamemarket.jp/booth/6921,6921,2026a
1145,ペンギンのカードゲーム屋さん,日曜 - J004,一般日曜,,https://gamemarket.jp/booth/6428,6428,2026a
1146,ケンチャンヌ,日曜 - J005,一般日曜,,https://gamemarket.jp/booth/2721,2721,2026a
1147,切札ゲームズ,日曜 - J006,一般日曜,,https://gamemarket.jp/booth/6922,6922,2026a
1148,AiPlanDo_珈琲よいち,日曜 - J007,一般日曜,,https://gamemarket.jp/booth/6426,6426,2026a
1149,無いゲー制作所,日曜 - J008,一般日曜,,https://gamemarket.jp/booth/4631,4631,2026a
1150,FROX games,日曜 - J009,一般日曜,,https://gamemarket.jp/booth/6034,6034,2026a
1151,choco_hack,日曜 - J010,一般日曜,,https://gamemarket.jp/booth/6923,6923,2026a
1152,図書館とゲーム部,日曜 - J011,一般日曜,,https://gamemarket.jp/booth/6924,6924,2026a
1153,安心安全AAA,日曜 - J012,一般日曜,,https://gamemarket.jp/booth/6925,6925,2026a
1154,按理具庵,日曜 - J013,一般日曜,,https://gamemarket.jp/booth/2396,2396,2026a
1155,STUDIOFUNNNY,日曜 - J014,一般日曜,,https://gamemarket.jp/booth/6926,6926,2026a
1156,あらたま農園企画開発部,日曜 - J015,一般日曜,,https://gamemarket.jp/booth/6927,6927,2026a
1157,星ノ子ゲームズ,日曜 - J016,一般日曜,,https://gamemarket.jp/booth/6928,6928,2026a
1158,れんげちゃんの創作工房,日曜 - J017,一般日曜,,https://gamemarket.jp/booth/6337,6337,2026a
1159,kartoludo,日曜 - J018,一般日曜,,https://gamemarket.jp/booth/6662,6662,2026a
1160,中学生がゲーム作りました,日曜 - J019,一般日曜,,https://gamemarket.jp/booth/6628,6628,2026a
1161,ニンマチプロジェクト,日曜 - J020,一般日曜,,https://gamemarket.jp/booth/6929,6929,2026a
1162,棗堂,日曜 - J021,一般日曜,,https://gamemarket.jp/booth/6930,6930,2026a
1163,からすとうなぎ,日曜 - J022,一般日曜,,https://gamemarket.jp/booth/4478,4478,2026a
1164,ハムさんの本棚,日曜 - J023,一般日曜,,https://gamemarket.jp/booth/3224,3224,2026a
1165,三ツ星まかろん,日曜 - J024,一般日曜,,https://gamemarket.jp/booth/3564,3564,2026a
1166,FUJIMOSCALE,日曜 - J025,一般日曜,,https://gamemarket.jp/booth/2693,2693,2026a
1167,TANAX GAMES,日曜 - J026,一般日曜,,https://gamemarket.jp/booth/3176,3176,2026a
1168,REAL12E soft.,日曜 - J027,一般日曜,,https://gamemarket.jp/booth/6931,6931,2026a
1169,ぽぽた堂,日曜 - J028,一般日曜,,https://gamemarket.jp/booth/6940,6940,2026a
1170,竜刃ゲームズ,日曜 - J029,一般日曜,,https://gamemarket.jp/booth/2178,2178,2026a
1171,やきぶぎょう！,日曜 - J030,一般日曜,,https://gamemarket.jp/booth/6932,6932,2026a
1172,フジハムレット,日曜 - J031,一般日曜,,https://gamemarket.jp/booth/6933,6933,2026a
1173,３６ＬＥＭＯＮＡＤＥ,日曜 - J032,一般日曜,,https://gamemarket.jp/booth/6934,6934,2026a
1174,企鵝舍,日曜 - J033,一般日曜,,https://gamemarket.jp/booth/6935,6935,2026a
1175,遊戯工房,日曜 - J034,一般日曜,,https://gamemarket.jp/booth/5810,5810,2026a
1176,トコトコガメガメズ,日曜 - J035,一般日曜,,https://gamemarket.jp/booth/6936,6936,2026a
1177,ケレンミ書房,日曜 - J036,一般日曜,,https://gamemarket.jp/booth/5815,5815,2026a
1178,tanh-タンエイチ-,日曜 - J037,一般日曜,,https://gamemarket.jp/booth/6937,6937,2026a
1179,Again&Again,日曜 - J038,一般日曜,,https://gamemarket.jp/booth/5199,5199,2026a
1180,鍵,日曜 - J039,一般日曜,,https://gamemarket.jp/booth/6938,6938,2026a
1181,J.C.クリエイツ,日曜 - J040,一般日曜,,https://gamemarket.jp/booth/1173,1173,2026a
1182,超変身仮面アキバ,日曜 - J041,一般日曜,,https://gamemarket.jp/booth/6518,6518,2026a
1183,NUTz Games,日曜 - J042,一般日曜,,https://gamemarket.jp/booth/6939,6939,2026a
1184,もんじろう,日曜 - J043,一般日曜,,https://gamemarket.jp/booth/1244,1244,2026a
1185,私掠船,日曜 - J044,一般日曜,,https://gamemarket.jp/booth/1189,1189,2026a
1186,Street.Master.Dragon.,日曜 - N014,一般日曜,,https://gamemarket.jp/booth/5777,5777,2026a
1187,水彩画トレーディングカードゲーム,日曜 - N015,一般日曜,,https://gamemarket.jp/booth/4716,4716,2026a
1188,Roko Nabebuta,日曜 - N016,一般日曜,,https://gamemarket.jp/booth/6220,6220,2026a
1189,おスンの遊び場,日曜 - N037,一般日曜,,https://gamemarket.jp/booth/6489,6489,2026a
1190,海の仲間たち,日曜 - N038,一般日曜,,https://gamemarket.jp/booth/5310,5310,2026a
1191,VISIX_TCG,日曜 - N039,一般日曜,,https://gamemarket.jp/booth/6976,6976,2026a
1192,古とのは,日曜 - N040,一般日曜,,https://gamemarket.jp/booth/6682,6682,2026a
1193,コロカン屋,日曜 - P013,一般日曜,,https://gamemarket.jp/booth/6124,6124,2026a
1194,ミニチュアゲームパブリッシング,日曜 - P014,一般日曜,,https://gamemarket.jp/booth/5054,5054,2026a
1195,番次郎書店,日曜 - P032,一般日曜,,https://gamemarket.jp/booth/2316,2316,2026a
1196,常世の渦川敷,日曜 - P033,一般日曜,,https://gamemarket.jp/booth/5486,5486,2026a
1197,技師屋の工房 - SIDE: TRPG,日曜 - P034,一般日曜,,https://gamemarket.jp/booth/7058,7058,2026a
1198,ファンブルペンギンズ,日曜 - Q001,一般日曜,,https://gamemarket.jp/booth/6498,6498,2026a
1199,いざにむ,日曜 - Q002,一般日曜,,https://gamemarket.jp/booth/5804,5804,2026a
1200,江五心,日曜 - Q003,一般日曜,,https://gamemarket.jp/booth/4635,4635,2026a
1201,開拓工房,日曜 - Q004,一般日曜,,https://gamemarket.jp/booth/3262,3262,2026a
1202,ワラビーのおにく,日曜 - Q005,一般日曜,,https://gamemarket.jp/booth/5784,5784,2026a
1203,とらいあんぐる.sys,日曜 - Q007,一般日曜,,https://gamemarket.jp/booth/4028,4028,2026a
1204,NAMINNA STUDIO,日曜 - Q008,一般日曜,,https://gamemarket.jp/booth/7071,7071,2026a
1205,大権現ファンブル,日曜 - Q023,一般日曜,,https://gamemarket.jp/booth/7037,7037,2026a
1206,タワマンヒグマ部,日曜 - Q024,一般日曜,,https://gamemarket.jp/booth/6708,6708,2026a
1207,欲張りオンライン,日曜 - Q025,一般日曜,,https://gamemarket.jp/booth/4493,4493,2026a
1208,卓ゲらぼ,日曜 - R001,一般日曜,,https://gamemarket.jp/booth/6476,6476,2026a
1209,ぱしゅみな,日曜 - R002,一般日曜,,https://gamemarket.jp/booth/6726,6726,2026a
1210,トロマグロ大聖堂,日曜 - R003,一般日曜,,https://gamemarket.jp/booth/4473,4473,2026a
1211,ブースターSTAR,日曜 - R004,一般日曜,,https://gamemarket.jp/booth/4464,4464,2026a
1212,チームみるきー☆彡Tune`s,日曜 - R005,一般日曜,,https://gamemarket.jp/booth/6086,6086,2026a
1213,冬星支部,日曜 - R006,一般日曜,,https://gamemarket.jp/booth/6413,6413,2026a
1214,武嵐柔照威治,日曜 - R007,一般日曜,,https://gamemarket.jp/booth/6999,6999,2026a
1215,北東のオルク,日曜 - R008,一般日曜,,https://gamemarket.jp/booth/4651,4651,2026a
1216,偵察局改修船,日曜 - S001,一般日曜,,https://gamemarket.jp/booth/5414,5414,2026a
1217,抹茶の日,日曜 - S002,一般日曜,,https://gamemarket.jp/booth/3926,3926,2026a
1218,くろろま,日曜 - S018,一般日曜,,https://gamemarket.jp/booth/5456,5456,2026a
1219,TRPG GAME KIDS,日曜 - S019,一般日曜,,https://gamemarket.jp/booth/5221,5221,2026a
1220,竹輪屋本舗.,日曜 - S020,一般日曜,,https://gamemarket.jp/booth/3837,3837,2026a
1221,待機TM,日曜 - T008,一般日曜,,https://gamemarket.jp/booth/5825,5825,2026a
1222,ころころ庫,日曜 - T009,一般日曜,,https://gamemarket.jp/booth/6556,6556,2026a
1223,ろみろみ亭,日曜 - T022,一般日曜,,https://gamemarket.jp/booth/4877,4877,2026a
1224,Arateno,日曜 - T023,一般日曜,,https://gamemarket.jp/booth/5437,5437,2026a
1225,ZITTE,日曜 - U006,一般日曜,,https://gamemarket.jp/booth/4933,4933,2026a
1226,petit fluffy,日曜 - U016,一般日曜,,https://gamemarket.jp/booth/6088,6088,2026a
1227,多箱屋商会,日曜 - V001,一般日曜,,https://gamemarket.jp/booth/4664,4664,2026a
1228,久世文庫,日曜 - V003,一般日曜,,https://gamemarket.jp/booth/3033,3033,2026a
1229,ハッカ海岸,日曜 - V004,一般日曜,,https://gamemarket.jp/booth/5460,5460,2026a
1230,蝶巳涼,日曜 - V005,一般日曜,,https://gamemarket.jp/booth/3710,3710,2026a
1231,全部アイツのせい,日曜 - V006,一般日曜,,https://gamemarket.jp/booth/2659,2659,2026a
1232,もすら屋,日曜 - V007,一般日曜,,https://gamemarket.jp/booth/5762,5762,2026a
1233,RE-ANIMATOR,日曜 - V008,一般日曜,,https://gamemarket.jp/booth/6997,6997,2026a
1234,KASO集落工房,日曜 - V009,一般日曜,,https://gamemarket.jp/booth/7001,7001,2026a
1235,スクラップ園,日曜 - V010,一般日曜,,https://gamemarket.jp/booth/7003,7003,2026a
1236,三叉路書店,日曜 - V011,一般日曜,,https://gamemarket.jp/booth/5667,5667,2026a
1237,落魄総合病院,日曜 - V012,一般日曜,,https://gamemarket.jp/booth/5411,5411,2026a
1238,黒猫パンケーキ,日曜 - V013,一般日曜,,https://gamemarket.jp/booth/4668,4668,2026a
1239,書肆ショコラ,日曜 - V014,一般日曜,,https://gamemarket.jp/booth/5787,5787,2026a
1240,ふぁいと犬の小屋,日曜 - V015,一般日曜,,https://gamemarket.jp/booth/5187,5187,2026a
1241,トドノツマリ海峡,日曜 - V016,一般日曜,,https://gamemarket.jp/booth/6260,6260,2026a
1242,落陽樹林,日曜 - V018,一般日曜,,https://gamemarket.jp/booth/7017,7017,2026a
1243,殻付き花鳥園,日曜 - V019,一般日曜,,https://gamemarket.jp/booth/7018,7018,2026a
1244,漁火文庫,日曜 - V020,一般日曜,,https://gamemarket.jp/booth/6404,6404,2026a
1245,こたつで膝を強打,日曜 - V021,一般日曜,,https://gamemarket.jp/booth/7019,7019,2026a
1246,蝋国,日曜 - V022,一般日曜,,https://gamemarket.jp/booth/7020,7020,2026a
1247,TRPG研究会さくらこねこ,日曜 - V023,一般日曜,,https://gamemarket.jp/booth/2134,2134,2026a
1248,ふわふわ帝国,日曜 - V024,一般日曜,,https://gamemarket.jp/booth/4779,4779,2026a
1249,虚無税込ゼロ円,日曜 - V025,一般日曜,,https://gamemarket.jp/booth/3460,3460,2026a
1250,孝奇浸,日曜 - V026,一般日曜,,https://gamemarket.jp/booth/3169,3169,2026a
1251,おしまい相互不理解ランド,日曜 - V027,一般日曜,,https://gamemarket.jp/booth/7022,7022,2026a
1252,35min,日曜 - V028,一般日曜,,https://gamemarket.jp/booth/6147,6147,2026a
1253,犬点書店,日曜 - V029,一般日曜,,https://gamemarket.jp/booth/5930,5930,2026a
1254,へるぷ餅屋,日曜 - V030,一般日曜,,https://gamemarket.jp/booth/7032,7032,2026a
1255,雲海音楽商店,日曜 - V031,一般日曜,,https://gamemarket.jp/booth/6341,6341,2026a
1256,下衆の寄席集め／邪神喫茶,日曜 - V032,一般日曜,,https://gamemarket.jp/booth/5368,5368,2026a
1257,うさぎのお宿,日曜 - V033,一般日曜,,https://gamemarket.jp/booth/7006,7006,2026a
1258,源泉かけ流しタップダンス協会,日曜 - V034,一般日曜,,https://gamemarket.jp/booth/6457,6457,2026a
1259,もしもシティ,日曜 - V035,一般日曜,,https://gamemarket.jp/booth/5672,5672,2026a
1260,春鳥茶寮,日曜 - V036,一般日曜,,https://gamemarket.jp/booth/6651,6651,2026a
1261,白糖堂,日曜 - V037,一般日曜,,https://gamemarket.jp/booth/3221,3221,2026a
1262,そるとの調味料棚,日曜 - V038,一般日曜,,https://gamemarket.jp/booth/7029,7029,2026a
1263,仙望廊,日曜 - V039,一般日曜,,https://gamemarket.jp/booth/4781,4781,2026a
1264,つなまる水産,日曜 - V040,一般日曜,,https://gamemarket.jp/booth/7026,7026,2026a
1265,パラサイ・サイト,日曜 - V041,一般日曜,,https://gamemarket.jp/booth/7025,7025,2026a
1266,TDUアミューズメント研究部,日曜 - V042,一般日曜,,https://gamemarket.jp/booth/3372,3372,2026a
1267,生姜畑と小麦色商店,日曜 - V043,一般日曜,,https://gamemarket.jp/booth/6089,6089,2026a
1268,櫻縁家,日曜 - V044,一般日曜,,https://gamemarket.jp/booth/6584,6584,2026a
1269,天使ノ生贄,日曜 - V045,一般日曜,,https://gamemarket.jp/booth/6408,6408,2026a
1270,喫茶りべるた,日曜 - V046,一般日曜,,https://gamemarket.jp/booth/5458,5458,2026a
1271,壱鬼徘徊,日曜 - V047,一般日曜,,https://gamemarket.jp/booth/2305,2305,2026a
1272,ねむゆたび。,日曜 - V048,一般日曜,,https://gamemarket.jp/booth/7012,7012,2026a
1273,林檎型収穫艦,日曜 - V049,一般日曜,,https://gamemarket.jp/booth/5233,5233,2026a
1274,大正大学TRPG研究会,日曜 - V050,一般日曜,,https://gamemarket.jp/booth/3612,3612,2026a
1275,優勝卓,日曜 - V051,一般日曜,,https://gamemarket.jp/booth/4330,4330,2026a
1276,娯楽福堂,日曜 - V052,一般日曜,,https://gamemarket.jp/booth/6608,6608,2026a
1277,竹ノ飯店,日曜 - V053,一般日曜,,https://gamemarket.jp/booth/5489,5489,2026a
1278,RIE production,日曜 - V054,一般日曜,,https://gamemarket.jp/booth/6113,6113,2026a
1279,おまち堂,日曜 - V055,一般日曜,,https://gamemarket.jp/booth/5512,5512,2026a
1280,蛙屋,日曜 - V056,一般日曜,,https://gamemarket.jp/booth/4324,4324,2026a
1281,一二三堂,日曜 - V057,一般日曜,,https://gamemarket.jp/booth/5196,5196,2026a
1282,尾和屋芸香堂,日曜 - V058,一般日曜,,https://gamemarket.jp/booth/6119,6119,2026a
1283,Alpha,日曜 - V059,一般日曜,,https://gamemarket.jp/booth/6466,6466,2026a
1284,ヒコノスケジム,日曜 - W001,一般日曜,,https://gamemarket.jp/booth/6098,6098,2026a
1285,早稲田大学乾坤堂,日曜 - W002,一般日曜,,https://gamemarket.jp/booth/6637,6637,2026a
1286,矧矢工房,日曜 - W003,一般日曜,,https://gamemarket.jp/booth/6429,6429,2026a
1287,もう寝ろ卓,日曜 - W004,一般日曜,,https://gamemarket.jp/booth/6134,6134,2026a
1288,はなむけ屋,日曜 - W005,一般日曜,,https://gamemarket.jp/booth/5775,5775,2026a
1289,嶺上開花-TRPG専門店,日曜 - W006,一般日曜,,https://gamemarket.jp/booth/7004,7004,2026a
1290,ハッピーエンド主義,日曜 - W007,一般日曜,,https://gamemarket.jp/booth/5785,5785,2026a
1291,メリーバッドエンド推進協会,日曜 - W009,一般日曜,,https://gamemarket.jp/booth/6511,6511,2026a
1292,なめうたふれんず,日曜 - W010,一般日曜,,https://gamemarket.jp/booth/4628,4628,2026a
1293,宵ノ海月,日曜 - W011,一般日曜,,https://gamemarket.jp/booth/6597,6597,2026a
1294,虚白館,日曜 - W012,一般日曜,,https://gamemarket.jp/booth/4629,4629,2026a
1295,dor de duc?,日曜 - W013,一般日曜,,https://gamemarket.jp/booth/5760,5760,2026a
1296,グローツラング葬儀社,日曜 - W014,一般日曜,,https://gamemarket.jp/booth/5412,5412,2026a
1297,DG&をまち堂,日曜 - W015,一般日曜,,https://gamemarket.jp/booth/2795,2795,2026a
1298,茶屋 桑一葉,日曜 - W016,一般日曜,,https://gamemarket.jp/booth/6543,6543,2026a
1299,アサギリツキノ,日曜 - W017,一般日曜,,https://gamemarket.jp/booth/4883,4883,2026a
1300,ゆめまぼろし,日曜 - W018,一般日曜,,https://gamemarket.jp/booth/5767,5767,2026a
1301,チーズフォンデュ工房,日曜 - W019,一般日曜,,https://gamemarket.jp/booth/6091,6091,2026a
1302,おやつaruca,日曜 - W020,一般日曜,,https://gamemarket.jp/booth/6114,6114,2026a
1303,おきつね書房,日曜 - W021,一般日曜,,https://gamemarket.jp/booth/5768,5768,2026a
1304,七伏怪奇倶楽部,日曜 - W022,一般日曜,,https://gamemarket.jp/booth/6998,6998,2026a
1305,回卓社,日曜 - W023,一般日曜,,https://gamemarket.jp/booth/7000,7000,2026a
1306,すずろ倉庫,日曜 - W024,一般日曜,,https://gamemarket.jp/booth/7002,7002,2026a
1307,山下還元反応,日曜 - W025,一般日曜,,https://gamemarket.jp/booth/5193,5193,2026a
1308,臨界極まりて時を越えるレタス,日曜 - W026,一般日曜,,https://gamemarket.jp/booth/7033,7033,2026a
1309,牡蠣必中同好会,日曜 - W027,一般日曜,,https://gamemarket.jp/booth/5589,5589,2026a
1310,Add Toybox &うもん屋,日曜 - W028,一般日曜,,https://gamemarket.jp/booth/2957,2957,2026a
1311,龍賽庵,日曜 - W029,一般日曜,,https://gamemarket.jp/booth/2557,2557,2026a
1312,馬刺しゲームス,日曜 - W030,一般日曜,,https://gamemarket.jp/booth/4010,4010,2026a
1313,TRPGヶ丘町一丁目町内会,日曜 - W031,一般日曜,,https://gamemarket.jp/booth/7040,7040,2026a
1314,躑躅の籠,日曜 - W032,一般日曜,,https://gamemarket.jp/booth/5919,5919,2026a
1315,王湊盤遊会,日曜 - W033,一般日曜,,https://gamemarket.jp/booth/6514,6514,2026a
1316,つきのふね,日曜 - W034,一般日曜,,https://gamemarket.jp/booth/7021,7021,2026a
1317,ょわめまじょ,日曜 - W035,一般日曜,,https://gamemarket.jp/booth/5421,5421,2026a
1318,ゆにばんGのおみせ,日曜 - W036,一般日曜,,https://gamemarket.jp/booth/7007,7007,2026a
1319,可能世界編纂部,日曜 - W037,一般日曜,,https://gamemarket.jp/booth/7034,7034,2026a
1320,PoPoLa,日曜 - W038,一般日曜,,https://gamemarket.jp/booth/6035,6035,2026a
1321,Anti-Emotional,日曜 - W039,一般日曜,,https://gamemarket.jp/booth/4426,4426,2026a
1322,せんとえるもふ,日曜 - W040,一般日曜,,https://gamemarket.jp/booth/7036,7036,2026a
1323,いあプロジェクト,日曜 - W041,一般日曜,,https://gamemarket.jp/booth/4937,4937,2026a
1324,アヒル兄貴のシナリオ制作所,日曜 - W042,一般日曜,,https://gamemarket.jp/booth/7039,7039,2026a
1325,スザク・ゲームズ同人制作部,日曜 - W043,一般日曜,,https://gamemarket.jp/booth/3620,3620,2026a
1326,ケイ素ラボラトリー,日曜 - W044,一般日曜,,https://gamemarket.jp/booth/4925,4925,2026a
1327,オムニ社,日曜 - W045,一般日曜,,https://gamemarket.jp/booth/1834,1834,2026a
1328,山梨大学TRPG研究会,日曜 - W046,一般日曜,,https://gamemarket.jp/booth/5505,5505,2026a
1329,マジックキャット,日曜 - W047,一般日曜,,https://gamemarket.jp/booth/3160,3160,2026a
1330,掛川TRPG先進都市化計画,日曜 - W048,一般日曜,,https://gamemarket.jp/booth/4947,4947,2026a
1331,そんな日もあるぱか,日曜 - W049,一般日曜,,https://gamemarket.jp/booth/7030,7030,2026a
1332,どこかの海辺,日曜 - W050,一般日曜,,https://gamemarket.jp/booth/7009,7009,2026a
1333,西洋當歸倶楽部,日曜 - W051,一般日曜,,https://gamemarket.jp/booth/6105,6105,2026a
1334,絵空屋,日曜 - W052,一般日曜,,https://gamemarket.jp/booth/5181,5181,2026a
1335,蒼色書房,日曜 - W053,一般日曜,,https://gamemarket.jp/booth/7027,7027,2026a
1336,秋染めコルベイユ,日曜 - W054,一般日曜,,https://gamemarket.jp/booth/6535,6535,2026a
1337,NPゲームス,日曜 - W055,一般日曜,,https://gamemarket.jp/booth/6575,6575,2026a
1338,Koloroj,日曜 - W056,一般日曜,,https://gamemarket.jp/booth/7011,7011,2026a
1339,岩手医科大学非電脳系ゲーム部,日曜 - W057,一般日曜,,https://gamemarket.jp/booth/7024,7024,2026a
1340,辻談議,日曜 - W058,一般日曜,,https://gamemarket.jp/booth/1348,1348,2026a
1341,しおまめ本舗,日曜 - W059,一般日曜,,https://gamemarket.jp/booth/7005,7005,2026a
1342,ナナイロダイス,日曜 - W060,一般日曜,,https://gamemarket.jp/booth/5754,5754,2026a
1343,でかいじゅ,日曜 - X001,一般日曜,,https://gamemarket.jp/booth/6261,6261,2026a
1344,NO TITLE ＆ 一人二卓,日曜 - X002,一般日曜,,https://gamemarket.jp/booth/3238,3238,2026a
1345,WeekendWizard,日曜 - X003,一般日曜,,https://gamemarket.jp/booth/2264,2264,2026a
1346,ハロウ・ヒル,日曜 - X004,一般日曜,,https://gamemarket.jp/booth/1455,1455,2026a
1347,猫又公司,日曜 - X005,一般日曜,,https://gamemarket.jp/booth/1454,1454,2026a
1348,HAT＿BURN,日曜 - X006,一般日曜,,https://gamemarket.jp/booth/5377,5377,2026a
1349,たこうさ出版,日曜 - X007,一般日曜,,https://gamemarket.jp/booth/5776,5776,2026a
1350,アンデス空手部,日曜 - X009,一般日曜,,https://gamemarket.jp/booth/5201,5201,2026a
1351,シアワセ修練場,日曜 - X010,一般日曜,,https://gamemarket.jp/booth/3239,3239,2026a
1352,コトノハゲームズ,日曜 - X011,一般日曜,,https://gamemarket.jp/booth/1351,1351,2026a
1353,シャチノラクエン,日曜 - X012,一般日曜,,https://gamemarket.jp/booth/6099,6099,2026a
1354,奏夜丘,日曜 - X013,一般日曜,,https://gamemarket.jp/booth/5206,5206,2026a
1355,かりかりうめ,日曜 - X014,一般日曜,,https://gamemarket.jp/booth/2122,2122,2026a
1356,キングダムランド帝国,日曜 - X015,一般日曜,,https://gamemarket.jp/booth/7031,7031,2026a
1357,Schizoidfox and,日曜 - X016,一般日曜,,https://gamemarket.jp/booth/1333,1333,2026a
1358,六畳間幻想空間,日曜 - X018,一般日曜,,https://gamemarket.jp/booth/3299,3299,2026a
1359,あかつきのさなぎ,日曜 - X019,一般日曜,,https://gamemarket.jp/booth/5491,5491,2026a
1360,アルゴラインズ,日曜 - X020,一般日曜,,https://gamemarket.jp/booth/3118,3118,2026a
1361,NEW GAME PLUS 同人部,日曜 - X021,一般日曜,,https://gamemarket.jp/booth/7041,7041,2026a
1362,ROUTE50,日曜 - X022,一般日曜,,https://gamemarket.jp/booth/5807,5807,2026a
1363,I was game,日曜 - X023,一般日曜,,https://gamemarket.jp/booth/1819,1819,2026a
1364,自由奔堂,日曜 - X024,一般日曜,,https://gamemarket.jp/booth/6256,6256,2026a
1365,はてなべテーブル,日曜 - X025,一般日曜,,https://gamemarket.jp/booth/7028,7028,2026a
1366,FEATURE!,日曜 - X026,一般日曜,,https://gamemarket.jp/booth/3799,3799,2026a
1367,たかやま屋,日曜 - X028,一般日曜,,https://gamemarket.jp/booth/6423,6423,2026a
1368,Inside Rain,日曜 - X029,一般日曜,,https://gamemarket.jp/booth/6530,6530,2026a
1369,クレメリア情報局,日曜 - X030,一般日曜,,https://gamemarket.jp/booth/6087,6087,2026a
1370,あどあすとら,日曜 - X031,一般日曜,,https://gamemarket.jp/booth/6355,6355,2026a
1371,たけのこ邸,日曜 - X032,一般日曜,,https://gamemarket.jp/booth/5189,5189,2026a
1372,あらぶり屋,日曜 - X033,一般日曜,,https://gamemarket.jp/booth/7038,7038,2026a
1373,しゃちほこの尾びれ亭,日曜 - X034,一般日曜,,https://gamemarket.jp/booth/5794,5794,2026a
1374,ラムダ・プランニング,日曜 - X035,一般日曜,,https://gamemarket.jp/booth/7042,7042,2026a
1375,九十九亭,日曜 - X036,一般日曜,,https://gamemarket.jp/booth/3560,3560,2026a
1376,すみれのひとふさ亭,日曜 - X037,一般日曜,,https://gamemarket.jp/booth/5934,5934,2026a
1377,クリティカルキャンプ,日曜 - X038,一般日曜,,https://gamemarket.jp/booth/7010,7010,2026a
1378,豆鉄砲対策室,日曜 - X039,一般日曜,,https://gamemarket.jp/booth/6671,6671,2026a
1379,凛として賢犬,日曜 - X040,一般日曜,,https://gamemarket.jp/booth/4122,4122,2026a
1380,伊-No.3,日曜 - X041,一般日曜,,https://gamemarket.jp/booth/7023,7023,2026a
1381,どぶ川出版,日曜 - X042,一般日曜,,https://gamemarket.jp/booth/2763,2763,2026a
1382,蟷道楽,日曜 - X043,一般日曜,,https://gamemarket.jp/booth/4121,4121,2026a
1383,レイメイキママ,日曜 - X044,一般日曜,,https://gamemarket.jp/booth/7035,7035,2026a
1384,Salon de Creer,日曜 - X045,一般日曜,,https://gamemarket.jp/booth/4472,4472,2026a
1385,くるみ王国,日曜 - X046,一般日曜,,https://gamemarket.jp/booth/4117,4117,2026a
1386,こわけ工房,日曜 - X047,一般日曜,,https://gamemarket.jp/booth/7008,7008,2026a
1387,そんなことないだろう,日曜 - X048,一般日曜,,https://gamemarket.jp/booth/7013,7013,2026a
1388,源十朗シナリオ屋,日曜 - X049,一般日曜,,https://gamemarket.jp/booth/7014,7014,2026a
1389,K's伝奇,日曜 - X050,一般日曜,,https://gamemarket.jp/booth/7015,7015,2026a
1390,望月幻奏楽団,日曜 - X051,一般日曜,,https://gamemarket.jp/booth/4482,4482,2026a
1391,金魚姫と筆字絵,日曜 - X052,一般日曜,,https://gamemarket.jp/booth/5675,5675,2026a
1392,深遠の水底,日曜 - X053,一般日曜,,https://gamemarket.jp/booth/5314,5314,2026a
1393,メメントスモリコーラ,日曜 - X054,一般日曜,,https://gamemarket.jp/booth/4327,4327,2026a
1394,UEC-TRPG同好会,日曜 - X055,一般日曜,,https://gamemarket.jp/booth/4650,4650,2026a
1395,あかつきライブラリー,日曜 - X056,一般日曜,,https://gamemarket.jp/booth/3623,3623,2026a
1396,3D6,日曜 - X057,一般日曜,,https://gamemarket.jp/booth/1125,1125,2026a
1397,ふか商黒狸支店,日曜 - X058,一般日曜,,https://gamemarket.jp/booth/7016,7016,2026a
1398,SuNaHori Games (スナホリゲームズ),日曜 - 横001,一般日曜,,https://gamemarket.jp/booth/7080,7080,2026a
1399,トーカイ屋,日曜 - 横002,一般日曜,,https://gamemarket.jp/booth/2634,2634,2026a
1400,ボドゲ廃,日曜 - 横003,一般日曜,,https://gamemarket.jp/booth/7081,7081,2026a
1401,富士家商店,日曜 - 横004,一般日曜,,https://gamemarket.jp/booth/5979,5979,2026a
1402,のざわな,日曜 - 横005,一般日曜,,https://gamemarket.jp/booth/7082,7082,2026a
1403,JET創遊社,日曜 - 横006,一般日曜,,https://gamemarket.jp/booth/6309,6309,2026a
1404,TsukubaGames,日曜 - 横007,一般日曜,,https://gamemarket.jp/booth/1847,1847,2026a
1405,初心者も安心♪髪色ネイル自由!!,日曜 - 横008,一般日曜,,https://gamemarket.jp/booth/5996,5996,2026a
1406,オーノワークス,日曜 - 横009,一般日曜,,https://gamemarket.jp/booth/5997,5997,2026a
1407,藤らぼ,日曜 - 横010,一般日曜,,https://gamemarket.jp/booth/6615,6615,2026a
1408,与儀新一,日曜 - 横011,一般日曜,,https://gamemarket.jp/booth/5738,5738,2026a
1409,三角寺工房～悠々司的～,日曜 - 横012,一般日曜,,https://gamemarket.jp/booth/7083,7083,2026a
1410,いるかのおしゅしやさん,日曜 - 横013,一般日曜,,https://gamemarket.jp/booth/6403,6403,2026a
1411,くりあれすと,日曜 - 横014,一般日曜,,https://gamemarket.jp/booth/6307,6307,2026a
1412,寿寿ゲームズ,日曜 - 横015,一般日曜,,https://gamemarket.jp/booth/7084,7084,2026a
1413,交通占い,日曜 - 横016,一般日曜,,https://gamemarket.jp/booth/6598,6598,2026a
1414,みかんセカンド,日曜 - 横017,一般日曜,,https://gamemarket.jp/booth/7085,7085,2026a
1415,ナゴリビ,日曜 - 横018,一般日曜,,https://gamemarket.jp/booth/6667,6667,2026a
1416,テーブルゲーム同好海図,日曜 - 横019,一般日曜,,https://gamemarket.jp/booth/7086,7086,2026a
1417,コタニ（from teamOJyO）,日曜 - 横020,一般日曜,,https://gamemarket.jp/booth/7087,7087,2026a
1418,メタルスピード,日曜 - 横021,一般日曜,,https://gamemarket.jp/booth/7088,7088,2026a
1419,ヒノマルゲームズ,日曜 - 横022,一般日曜,,https://gamemarket.jp/booth/6234,6234,2026a
1420,よりみちゲームス,日曜 - 横023,一般日曜,,https://gamemarket.jp/booth/6683,6683,2026a
1421,にこみ亭,日曜 - 横024,一般日曜,,https://gamemarket.jp/booth/7092,7092,2026a
1422,スタジオAloudysあらうでぃーず,日曜 - 横025,一般日曜,,https://gamemarket.jp/booth/7089,7089,2026a
1423,星読み屋,日曜 - 横026,一般日曜,,https://gamemarket.jp/booth/7090,7090,2026a
1424,椿井性ソリティア理論,日曜 - 横027,一般日曜,,https://gamemarket.jp/booth/7091,7091,2026a
1425,小雨謎傘,日曜 - 横028,一般日曜,,https://gamemarket.jp/booth/7093,7093,2026a
1426,カナイ製作所,日曜 - Z003,一般日曜,,https://gamemarket.jp/booth/1164,1164,2026a
1427,どらこにあん,日曜 - Z004,一般日曜,,https://gamemarket.jp/booth/1755,1755,2026a
