seq,booth_name,booth_number,booth_type,booth_url,booth_id,booth_status,booth_overview,game_list_url,game_list_status,games_count
1,新作ゲーム展示コーナー,特設01,特設,https://gamemarket.jp/booth/5139,5139,ok,"おかげさまで拡大を続けているゲームマーケットですが、同時に「会場が広くなりすぎて、回りきれない」「どんな新作があるか、把握しきれない」といったご意見も多く耳にするようになりました。
そうした事態のひとつの解決策になればと、本コーナーを用意させていただきました。ここでは出展者のみなさまより任意でご提供いただいた、今回のゲームマーケット新作を展示し、来場者のみなさまが一度に確認できるようにしてあります。
来場者のみなさまは、ここにあるゲームを自由に手に取って、中身などをご確認いただくことができます。出展ブースさんの前で、購入せずに作品を確認するのは、購入されるお客様の邪魔にもなりますし、遠慮される向きもあるでしょう。また残念ながら品切れにより購入できなかった新作も、ここにあればご確認いただくことができます。
まずここに来て新作を確認してから会場を歩くか、会場をひと通り歩いたのち、見落としがないかここを確認しに来るか。自分のペースに合わせてご利用ください。",https://gamemarket.jp/booth/game/5139,ok,0
2,ゲームマーケット・チャレンジ,特設02,特設,https://gamemarket.jp/booth/4822,4822,ok,"ゲームマーケット・チャレンジ（通称：ゲムチャレ）とは、「ゲームマーケット事務局が定期的に出す『お題』に沿ってゲームをつくり、ゲムマに出展してみよう！」という企画です。
本ブースでは今期のお題に沿った参加作品を展示させていただいております。
展示作品にはふせんが貼ってあり、新作ゲーム展示コーナーと同様に販売団体名とブース番号が書かれています。 直接作品を触って、じっくり中身を見ることができるので、ズラッと並んだ作品群を見比べて気になる作品を見つけたら、ぜひそのブースに立ち寄ってみてください！
ゲムチャレは毎回30 ～ 50作品ほどが展示されており、まだまだ始まったばかりの企画ですがシンプルながらアイデアや工夫がキラリと光る作品も現れています。
興味を持たれた方は、ぜひお越しください！",https://gamemarket.jp/booth/game/4822,ok,0
3,ゲーム制作者支援コーナー,特設03,特設,https://gamemarket.jp/booth/6397,6397,ok,"ゲームを作ってみたいと思ったら、まずこのブースにお越しください！
ここは「はじめてボードゲームを作りたい」と考えているあなたのための案内所。
ゲーム制作の第一歩を踏み出すための情報をご提供します。企画の立て方から、イラスト・グラフィック、印刷…
あなたの夢をカタチにするためのヒントがここにあります！！
・ボードゲーム制作のヒントをパネルでご紹介！
・会場をフル活用！ゲーム制作お役立ちブースをご案内
・YouTubeなどゲムマから出ているお役立ち情報もご紹介！
ゲームマーケットがあなたの創作活動をサポートします！",https://gamemarket.jp/booth/game/6397,ok,0
4,マーダーミステリーブース,特設04,特設,https://gamemarket.jp/booth/5137,5137,ok,"この度、『StudioOZON』様と共同でマーダーミステリー専門の特設ブースが展示ホール4に登場！！
こちらのブースではマーダーミステリーの宣伝や説明・販売を行います。
既にマーダーミステリーを楽しんでいる人はもちろんのこと、まだマーダーミステリーをやったことが無いという人にとって、マーダーミステリーを始めるきっかけになれば幸いです。
※作品情報は順次更新される場合がございます。
作品一覧はこちらから！！",https://gamemarket.jp/booth/game/5137,ok,30
5,ドラマチック謎解きゲーム,特設05,特設,https://gamemarket.jp/booth/1367,1367,ok,"ゲームマーケット×ドラマチック謎解きゲーム
このコマ、知りませんか？
ゲームマーケット会場内を回って遊ぶ、周遊型謎解きゲームです。
受付で冊子を受け取り会場内で情報を得たりチェックポイントで追加情報を受け取ったりしながら、物語のエンディングまで辿りつくアナログゲームになります。
＜ストーリー＞
このコマ、知りませんか？
おそらく何かのボードゲームで使われていたコマだと思います。
コマについて何かご存知の方がいらっしゃいました、どうか教えていただけないでしょうか。
また、一緒に調べてくれる方も探しています。
＜ドラマチック謎解きゲームとは＞
参加者が物語の主人公となり、実際に頭や体を動かしてリアルに散りばめられた謎やパズルを解いていく、体感型のゲームです。 実際に「見て」「動いて」「探して」物語の世界に入り込み、謎を解くことで物語が展開します。 特に、よだかのレコードが作るドラマチック謎解きゲームでは、「物語」を重視した構成と謎で、よりドラマチックな非日常の体験ができます。
よだかのレコードでは新作持ち帰り謎の発売もあります。",https://gamemarket.jp/booth/game/1367,ok,23
6,ビッグゲームパーク,特設06,特設,https://gamemarket.jp/booth/5371,5371,ok,"あのゲーム！ このゲームの！？ 巨大版であそべる！！
いつもは机の上で遊ぶボードゲームが巨大化！？
ビッグな楽しさを全身で体験できるコーナーです。
開催日時
2026年10月17日（土） 11:00-17:30
2026年10月18日（日） 11:00-16:30
開催場所
展示ホール2 特設エリア",https://gamemarket.jp/booth/game/5371,ok,0
7,本当に面白いユーロゲームの世界,特設07,特設,https://gamemarket.jp/booth/4821,4821,ok,"大好評の試遊ブースがゲームマーケット2026秋でも登場！
名作から新作まで、選りすぐりの人気ゲームが楽しめます！
海外の人気定番ボードゲームを遊んでみよう！
ボードゲーム界のアカデミー賞といわれる「ドイツ年間ゲーム大賞」の受賞作を中心に人気の海外ボードゲームを実際に遊ぶことができます。
今回も人気メーカー各社にご協賛いただき、プレイできるゲームが質、量ともにパワーアップしました！
初めてでも安心！ お子さまが遊べるゲームも揃ってます！
簡単ルールで楽しめる面白いゲームをたくさんご用意してお待ちしております。
お子様連れのご家族でも、スタッフがルールを丁寧に説明いたしますので、初めての方でもお気軽にお遊びいただけます。
今回も数量限定「ユーロゲームがわかる小冊子」を配布予定！
雑誌『本当に面白いボードゲームの世界』(太田出版)編集部監修のユーロゲームとは何かが分かる小冊子を配布します。
冊子に掲載されている世界の人気ゲームを実際にプレイして、識者のレビューに書かれた面白さや魅力を体験できます。
面白いゲームを探している方も、ぜひお立ち寄りください！
『本当に面白いボードゲームの世界』編集長の河上 や、各メーカーの担当者等、ボードゲームに詳しいメンバーがスタッフとして参加していますので「このジャンルの面白いゲームを探していて～」等の相談にも（手が空いていれば）対応できます！
その他
開催位置
全体マップはこちらから
🎫 入場にはチケットが必要です（好評販売中）
・土曜 早期11時入場 3,000円【先着2,900枚／ぴあ限定】
・土曜 12時入場 1,500円
・日曜 11時入場 1,500円
※当日現金は各日2,000円。事前購入がお得です。
※土曜12時以降・日曜11時以降は、高校生以下は学生証提示で
入場無料
、小学生以下は保護者同伴で
入場無料
となります。（※土曜11時早期入場の時間帯は高校生以下・小学生以下もチケットが必要です。未就学児は全時間帯保護者同伴で無料です）
▼チケットぴあ
https://w.pia.jp/t/gamemarket/
▼イープラス
https://eplus.jp/gamemarket/
皆様のご来場を心よりお待ちしております。
ゲームマーケットとは
開催概要＆アクセス
ブース＆ホールMAP
ブログ一覧
ゲーム一覧
ブース一覧
出展申し込み
お問い合わせ
公式Twitter
来場者向けFAQ
運営会社
利用規約
個人情報保護方針
開催データ
GameMarket",https://gamemarket.jp/booth/game/4821,ok,0
8,ゲームマーケットスペシャルステージ,特設08,特設,https://gamemarket.jp/booth/5140,5140,ok,"ゲームマーケット2026秋に特設ステージが登場！！
今回のゲームマーケットスペシャルステージでは、豪華ゲストをお迎えした全6つのプログラムをお届けいたします！
デジタルゲーム開発者とのコラボや文化庁助成事業（J-TAN）の解説、権利問題・著作権ガイドラインの最前線、デジタル技術と融合する「遊び」の未来像に迫るトークセッションに加え、観客参加型のステージや恒例のTRPG落語まで、多様な切り口でアナログゲームの今と未来を深掘りします。
ご来場の際は、ぜひ
展示ホール5
の特設ステージにお立ち寄りください！
ステージ一覧
『ボードゲームと著作権に関するガイドライン』
10/17（土）13:00 ～ 14:00
ボードゲームの開発、ローンチにあたって、あるいは遊んでみた動画を作ったり、イベントをしたりするときに著作権に関するガイドラインについて考えたことがありますか？
どうやって自分のゲームに関するガイドラインを作ったらいいかわからない、あるいは「ガイドライン」って聞いたことがあるけれど見たことはない、という方もいらっしゃるかもしれません。
開発者とユーザーを繋ぐガイドラインの役割について、実際のガイドラインを読み解きながら、多様なガイドラインの役割や在り方についてゲストを招いてお話をします。
［出演］
湯口 太郎（CODA）、海苔太郎（ニトロプラス）
［共催］
一般社団法人コンテンツ海外流通促進機構（CODA）
『CEDEC×ゲームマーケット デジタルゲーム開発者から見たボードゲームとは？』
10/17（土）14:45 ～ 15:45
国内最大のデジタルゲーム開発者会議「CEDEC」（Computer Entertainment Developers Conference）とのコラボ企画！ボードゲームにゆかりのあるデジタルゲーム開発者が集まり、ボドゲとデジゲの共通点やそれらの深い関係について語り合うトークセッションです。
［出演］
知久 温（CEDEC2026運営委員 ビデオゲームデザイナー）、岩倉 宏介（CEDEC2026運営委員）、山岸 和記（株式会社スタジオサザンカ ビデオゲームデザイナー）、上杉 真人（ボードゲームデザイナー）
『ボードゲームに関わる疑問を解決！ゲムマ座談会7 ～文化庁「クリエイター支援基金」採択を受けたJ-TANとは～』
10/17（土）16:30 ～ 17:30
日本のアナログゲームを世界へ！文化庁の助成を受けた次世代クリエイター支援事業「J-TAN」が始動します。業界を牽引する3社が、海外展開や実践的な育成（OJT）をどう伴走支援するのか？世界市場で戦うための具体的なプログラム内容をステージで詳しく解説します。ぜひご観覧ください。
［出演］
白坂 翔（ピチカートデザイン 代表取締役）、田中 滋（ホビーベース イエローサブマリン 代表取締役 ）、青柳 昌行（アークライト 代表取締役）
『TRPG落語「アイテム屋（仮）」（根多卸し）他』
10/18（日）12:30 ～ 13:30
TPRG落語とは、今年4月に真打に昇進した二代目三遊亭小圓楽師匠が創案した、TRPG（テーブルトーク・ロールプレイングゲーム）をテーマとした落語。
「ドラゴンほめ」「インスマス長屋」「積みゲー幽霊」インタラクティヴ死神」「初ダンジョン」「モンスター根問」「ソドワ算」などさまざまな演目があり、2023年には『三遊亭小圓楽のTRPG落語』（グループSNE／新紀元社）としても書籍化されています。
［出演］
三遊亭小圓楽
『TRPGでホラーを語れるのか？』
10/18（日）14:00 ～ 15:00
『インセイン』の河嶋陶一朗と『クトゥルフ神話TRPG』の内山靖二郎が、ホラーとTRPGについてざっくばらんに語ります。観客の皆さまには「Yes／No」で答える質問を投げかけ、その反応を見ながらトークを展開。皆さまの参加で話の行方が変わるトークショーです。ぜひあなたのご意見もお聞かせください！
［出演］
河嶋 陶一朗（冒険企画局）、内山 靖二郎（アーカムメンバーズ）
『もっと広がる、アナログゲームの「遊び」のカタチ』
10/18（日）15:30 ～ 16:30
アナログとデジタルの融合はどんな新しい可能性を生むのか？制作者・配信者など多様な視点から、実際の体験談や工夫を交えて双方の親和性を紐解き、これからの「遊び」の未来と広がりについて語り合います。
［出演］
1-1（司会/StudioOZON）、白坂 翔（ピチカートデザイン代表）、鳥頭めう（ココフォリア開発チーム）、まだら牛（配信者／ゲームクリエイター）、テラゾー（配信者／ゲームクリエイター）、平石 英太郎（Sally代表）",https://gamemarket.jp/booth/game/5140,ok,0
9,TRPGギルド,特設09,特設,https://gamemarket.jp/booth/4401,4401,ok,"■ TRPGギルドとは？
誰でも手軽に「物語の主人公」になれるTRPG（テーブルトーク・ロールプレイングゲーム）が楽しめる「TRPGギルド」へようこそ！
作者と直接遊べる試遊や新体験など、ここでしか味わえない冒険があなたを待っています。初めての方も、ぜひお気軽にお越しください！
体験できるゲームは、下記の団体がご提供いたします。
有限会社F.E.A.R.
● 団体紹介
1993年の創業以来、ＴＲＰＧを制作してきた会社です。今回は、試遊卓に加え、新作ＴＲＰＧ『格闘令嬢RPG ノーブルバウト』の物販も行ないます。
▼ 当日遊べる試遊タイトル
・『ブレイド・オブ・アルカナ ―聖痕英雄譚ＲＰＧ―』キャラクター作成体験
・『格闘令嬢RPG ノーブルバウト』キャラクター作成＆戦闘体験
▼ 試遊予約方法
当日受付
ドラゴンブック編集部（KADOKAWA）
● 団体紹介
株式会社KADOKAWAのTRPG専門レーベル。『ソード・ワールド2.5』『ダブルクロスThe 3rd Edition』シリーズをはじめ、『HacKClaD TRPG』『ELDEN RING NIGHTREIGN TRPG』など人気作品のTRPG化も行っています。
▼ 当日遊べる試遊タイトル
・ソード・ワールド2.5
・ELDEN RING NIGHTREIGN TRPG
・TRPG ARMORED CORE VI FIRES OF RUBICON
▼ 試遊予約方法
当日受付、整理券配布
アーカム・メンバーズ／スタジオ・アーカム
● 団体紹介
“クトゥルフ神話TRPG”シリーズ日本語版の企画・執筆を行なっているアーカム・メンバーズ／スタジオ・アーカムのコーナーです。当日参加可能な体験会を開催。ぜひお立ち寄りください。（※協賛：KADOKAWA）
▼ 当日遊べる試遊タイトル
・“新クトゥルフ神話TRPG”
▼ イベント・企画実施
邪神総選挙
▼ 試遊予約方法
当日受付、整理券配布
CCFOLIA
● 団体紹介
オンラインセッションツール「CCFOLIA」を開発・運営しています。CCFOLIA BOOKSで販売中の大人気作品「TEA TIME RPG」の試遊をしてますので、お気軽にご参加ください！
▼ 当日遊べる試遊タイトル
大人気作品『祠こわしちゃったの？』または最新作『マオウ城へようこそ！』のどちらか好きな作品を1作品試遊いただけます！
▼ 試遊予約方法
当日受付
株式会社バーチャルパーティー
● 団体紹介
TRPG・マーダーミステリー・ボードゲームなどを題材に、VR空間で遊べるゲームの開発やイベントの企画・運営、関連商品の販売などを行う、アナログゲームの新しい遊び方をつくる会社です。
▼ 当日遊べる試遊タイトル
・次元リンクカードRPG XyberDraw
▼ イベント・企画実施
カードゲーム×TRPGの新境地！制作中のオリジナルTRPG「次元リンクカードRPG XyberDraw」（企画：バーチャルパーティー／ルールデザイン：平野累次・冒険企画局）の試遊が可能です。※発売前のタイトルにつき製品化の際仕様が異なる場合があります。
▼ 試遊予約方法
当日整理券配布
HJ-TRPG（ホビージャパン）
● 団体紹介
HJ-TRPGは、国内外の魅力的なTRPGを日本語でお届けするホビージャパンのTRPGブランドです。多彩な世界と冒険をお届けします。
▼ 当日遊べる試遊タイトル
・サイバーパンクRED
・FINAL FANTASY XIV TTRPG
▼ 試遊予約方法
当日、TRPGギルドのHJ-TRPGブースにて整理券を配布いたします。
冒険企画局
● 団体紹介
冒険企画局は、テーブルトークRPGを中心に、書籍や様々なゲームの企画・制作を手がけるクリエイター集団です。誰もが物語の登場人物となり、テーブルを囲む仲間たちと驚きや笑いを分かち合える、個性豊かな遊びをお届けしています。
▼ 当日遊べる試遊タイトル
・忍術バトルRPG シノビガミ
・マルチジャンル・ホラーRPG インセイン
・HacKClaD TRPG
・ネジクレネジマキ 鉄錆の荒野を渡るTRPG（土曜のみ）
・夜のあしあと（日曜のみ）
▼ 試遊予約方法
当日受付、整理券配布
アークライト出版部
● 団体紹介
アークライト出版部は、『Role&Roll』をはじめ、さまざまなTRPG関連書籍を企画・制作しています。国内外の魅力的な作品を通じて、TRPGの楽しさをより多くの人へ届けるべく活動しています。
▼ 当日遊べる試遊タイトル
・忍術バトルRPG シノビガミ
・東京ラヴクラフト
・ケダモノオペラ
・怪異捜査RPG ツクモツムギ
などを予定
▼ 試遊予約方法
当日受付、整理券配布",https://gamemarket.jp/booth/game/4401,ok,0
10,こどもゲームコーナー,特設10,特設,https://gamemarket.jp/booth/6739,6739,ok,"東京おもちゃ美術館セレクトのグッドボードゲームで遊ぼう！
東京おもちゃ美術館で活動しているおもちゃ学芸員やおもちゃコンサルタントが、キッズゲームを中心に子どもにも分かりやすく遊び方を伝えます。
当日、遊びに来てくれた方には特製ステッカー兼東京おもちゃ美術館子ども招待券を配布します。（無くなり次第終了）
開催日時
2026年10月17日（土）11:00～18:00
2026年10月18日（日）11:00～17:00
開催場所
展示ホール2 特設エリア",https://gamemarket.jp/booth/game/6739,ok,0
11,BOOTH,特設11,特設,https://gamemarket.jp/booth/6740,6740,ok,"「ゲームマーケット2026秋」では、
BOOTH
のショップ開設・ご利用相談をはじめとして、クリエイターや来場者の皆さんが創作物を通して楽しめるような企画を用意しています。
・自分のショップや推しの作品を自由に書き込める「
BOOTHなんでも掲示板
」
・ゲームを作りたいクリエイター同士をつなぐ「
ゲーム制作メンバーの募集・立候補掲示板
」
・BOOTHショップ開設・ご利用方法などの
相談コーナー
・BOOTHオリジナルグッズの販売、ステッカー無料配布",https://gamemarket.jp/booth/game/6740,ok,0
12,【周遊型イマーシブ・ライト】店番 / 【周遊型カードゲーム】周集襲,特設12,特設,https://gamemarket.jp/booth/7097,7097,ok,"【周遊型イマーシブ・ライト】店番
ゲームマーケットで見つけた、高額な「店番」のアルバイト。
仕事内容は、SNSの指示に従い、予約客へ商品を渡すだけ。簡単な仕事のはずだった。
──最後の客を見送るまでは。
その直後、雇い主から届いた一通のメッセージをきっかけに、あなたたちは思いもよらない出来事へと巻き込まれていく。
・参加費：2,500円（定員達し次第終了）
・所要時間：70分程度
【周遊型カードゲーム】周集襲
ゲームマーケット会場で出会った、奇妙なピエロ。
彼から渡されたのは、「ボスピエロに勝利すれば⬛︎⬛︎が当たる」という一枚の招待状だった。
会場に散らばるMISSIONを攻略し、カードを集め、ボスピエロのもとへ辿り着け。
・参加費：500円（定員達し次第終了）
・所要時間：20~30分程度
【イベント共通情報】
・日時：10月17日（土）〜 10月18日（日）実施
・受付場所：幕張メッセ 特設12 エリア85「ウズプロダクション」ブース
・販売形式：事前販売チケット / 現地販売",https://gamemarket.jp/booth/game/7097,ok,0
13,伝統ゲーム（郷土ゲーム）,特設13,特設,https://gamemarket.jp/booth/5721,5721,ok,"◇全国各地から15団体16の郷土ゲームが集まり、ゲームの紹介、展示、販売、試遊などを実施します。
参加する16の郷土ゲーム：
ゴニンカン（青森）、投扇興（東京）、信州クロック（長野）、信州モリス（長野）、ごいた（石川）、旗源平（石川）、加賀藩職制双六（石川）、遠州花（静岡）、モザイク（岐阜）、カロム（滋賀）、盤双六（京都）、☆貝覆い（京都）、かりうち（奈良）、球磨拳（熊本）、☆なんこ（鹿児島）、島札（沖縄）
☆は伝統ゲームブース初参加の郷土ゲーム
◇今回も郷土ゲームスタンプラリーを開催！
詳細は追って告知いたします。",https://gamemarket.jp/booth/game/5721,ok,0
14,カンファレンスエリア,特設14,特設,https://gamemarket.jp/booth/7099,7099,ok,"「特設カンファレンスエリア」を日曜限定で開設！
文化庁「クリエイター支援基金」採択を受けたJ-TANの解説や「ゲムマことばあつめ2026秋」上位者の表彰を予定しています。",https://gamemarket.jp/booth/game/7099,ok,0
15,BitSummit,特設15,特設,https://gamemarket.jp/booth/7100,7100,ok,ゲームマーケットのパートナーイベントである、日本最大級のインディーデジタルゲームの祭典「BitSummit」の魅力を、展示物などでご紹介いたします。,https://gamemarket.jp/booth/game/7100,ok,0
16,ゲームメーカーズ,特設16,特設,https://gamemarket.jp/booth/7101,7101,ok,"ゲーム制作系Webメディア「ゲームメーカーズ」の特設ブースが登場！
ブースでは、プロの現場でも使われるツールを使った3Dアクションゲーム制作を体験できるほか、ボードゲーム制作にも通じる記事をパネルでご紹介します。
【「3Dアクションゲーム制作キット」でデジタルゲーム制作を体験！】
プロのゲーム開発でも採用されるゲームエンジン「Unreal Engine（アンリアルエンジン）」を使って、シンプルな3Dアクションゲームを組み立てる過程を体験できます。
体験時間の目安は15分〜です。「ちょっと触ってみたいかも？」という軽い気持ちで、お気軽にお越しください。
【ゲームメーカーズ記事パネル展示】
アークライト 野澤 邦仁氏によるボードゲーム制作ノウハウや、「アイデアや企画の作り方」など、「ボードゲーム制作にも活かせる？」な記事を一部抜粋してご紹介します！",https://gamemarket.jp/booth/game/7101,ok,0
17,これはゲームなのか？展3.3,特設17,特設,https://gamemarket.jp/booth/7098,7098,ok,"2026年2月、渋谷で7年ぶりに開催された「これはゲームなのか？展3」がゲームマーケットに「これはゲームなのか？展3.3」として特別出張版で登場。多様な作家による多様な作品があなたを揺さぶります。
10月18日日曜日のみ出展予定です。単純ななのか展3の巡回展ではなく、なのか展3.3として新たな姿をお見せします。
第一弾としての出展者はこちら。
朝戸一聖（TANSAN）
@tansanasa
Atelier Mimir
@AtelierMimir_JP
安藤耀司（なの）
@_andoyoji
IKE
@tenken1031
itten
@itten_games
大山徹・島田賢一
@DaiTai_Tokyo
木原共（Other Rules）
@tomokihara
ニルギリ（するめデイズ）
@NILGlRl
田中英樹
@japanill
トキキル（常春）
@halnanndesu
明地宙
@SoLunerG
米光ゲーム
@yonemitsu
and more
続報をお楽しみに、、！！",https://gamemarket.jp/booth/game/7098,ok,0
18,GEOGAMES,エリア - 01,エリア,https://gamemarket.jp/booth/3867,3867,ok,"【楽しく夢中になって知的好奇心を刺激】
ボードゲームを通じて、家族の時間や絆を深めて欲しい。遊びながら学びの要素を取り入れたジオゲームズ。
子どもから大人まで、国を超えて世界中の人々へ届けるべく「幾何学」「色彩」「感覚」「学び」をコンセプトに開発された、家族で学びながら遊べる知育ボードゲームです。
ゲームを通じて論理的思考力・記憶力・想像力・推理力・理解力を高め、皆で遊ぶことで協調性を養います。
楽しみながら学ぶことで、子ども達が学ぶことに対して意欲的に、そして継続的に取り組める力が身についていくと考えます。
「夢中になって遊ぶ体験を増やし、家族の未来をつくる」ことをお手伝いしたい。
そんな想いを込めてゲームの開発に取り組んでいます。",https://gamemarket.jp/booth/game/3867,ok,15
19,株式会社メガハウス,エリア - 02,エリア,https://gamemarket.jp/booth/4828,4828,ok,"おもちゃ大賞2026 ゲーム・パズル部門 大賞受賞！
話題の投資ボードゲーム 「投資番付」を無料で体験できる！
試遊いただいた方には 🎁 ノベルティをプレゼント！
「金」「株」「暗号資産」を駆使して資産を増やし、夢の実現を目指そう！
投資の知識がなくても大丈夫。 ゲームで遊びながら、お金や投資の仕組みを体感しよう！
ちょこっと体験から、本格試遊まで大歓迎！ 会場では商品の販売も行っています。",https://gamemarket.jp/booth/game/4828,ok,12
20,リゴレ,エリア - 03,エリア,https://gamemarket.jp/booth/2822,2822,ok,"よこはま中華街から来ました。
遊べる、買える、ボードゲーム専門店リゴレです！
ファミリー向けのゲームを中心に、様々なゲームを取り揃えております。",https://gamemarket.jp/booth/game/2822,ok,17
21,シエラゲームズ,エリア - 04,エリア,https://gamemarket.jp/booth/2702,2702,ok,"アナログゲーム制作サークルです。
学生時代の友人達と共にアナログゲームを制作活動中です。
ボードゲームやクトゥルフTRPGを制作しています。
制作物
ボードゲーム
『マウナ・ケア』『ペンデュラム・ドールズ』『ペンデュラム・ドールズ新章WINTER WAR』
TRPG
『山に棲む者』『火星サスペンス劇場』『駅』",https://gamemarket.jp/booth/game/2702,ok,7
22,ポケモンボドゲくらぶ,エリア - 05,エリア,https://gamemarket.jp/booth/6690,6690,ok,,https://gamemarket.jp/booth/game/6690,ok,0
23,ブックオフ(BOOKOFF),エリア - 06,エリア,https://gamemarket.jp/booth/4224,4224,ok,,https://gamemarket.jp/booth/game/4224,ok,0
24,トキキル,エリア - 07,エリア,https://gamemarket.jp/booth/5145,5145,ok,"※この情報は2026年秋のものです
謎を解けないと着れない。
ちょっと不思議な謎解き専門アパレルブランド「トキキル」が贈る、新作ボードゲームがゲームマーケットに再び。
商品購入にはお並びいただく可能性がございます。
どのくらいお待ちいただくかはその時の状況次第となりますので予めご了承ください。
＝＝＝＝＝＝
新作ボードゲーム準備中。
詳しくは公式Xをご確認ください。
＝＝＝
最新情報はトキキル公式Xにてご確認ください",https://gamemarket.jp/booth/game/5145,ok,0
25,（株）ナナトリー/Mob+,エリア - 08,エリア,https://gamemarket.jp/booth/2516,2516,ok,"ボードゲーム創作サークル「Mob+(モブプラス)」です。
プロゲームデザイナーの宮野華也が、個人としてゲームを開発、販売していくためのサークルです。
「誰でも遊べて、誰でも楽しい」を目標に、がんばっております。",https://gamemarket.jp/booth/game/2516,ok,23
26,ジーピー,エリア - 09,エリア,https://gamemarket.jp/booth/1017,1017,ok,"ボードゲームの王様「カタン」シリーズや傑作パズルゲーム「ウボンゴ」シリーズの日本語版出版社です。
カタンシリーズに加え、話題の新作を限定数にて発売いたします。
ぜひお立ち寄りください。",https://gamemarket.jp/booth/game/1017,ok,6
27,イエローサブマリン,エリア - 10,エリア,https://gamemarket.jp/booth/1004,1004,ok,ボードゲームは勿論TRPGやTCG、プラモデルなどホビー全般を扱っているホビーショップです。北は北海道から、南は九州まで店舗を展開しています。ここ最近は海外ゲームの日本語版も製作しています。よろしくお願いします。,https://gamemarket.jp/booth/game/1004,ok,4
28,14games,エリア - 11,エリア,https://gamemarket.jp/booth/4537,4537,ok,"【14games】
・エレメンティカ / Elementica
あなたは魔法技師として、様々なエレメントから魔力を生み出すプラントを建設し、エレメンティカに魔力を供給します。
人を雇い、権利を獲得し、拠点を構築、研究を進めて、計画書を駆使しながら魔力の産出量を増やしていきましょう。
選ぶプラントによって魔力産出の方法は様々で、時には古代の技術であるアーティファクトも重要です。
他プレイヤーとの競争やパワーバランスも楽しめるゲームです。
プレイ人数1～4人
プレイ時間60分～100分
推奨年齢 12歳以上
ソロルール、English Rules",https://gamemarket.jp/booth/game/4537,ok,5
29,スタジオムンディ,エリア - 12,エリア,https://gamemarket.jp/booth/3086,3086,ok,"『世界は遊びでできている。』がコンセプトの株式会社スタジオムンディ。
ゲムマ2026春の新作は、「エクスゴースト 電霊の削除人 #1 冥き婚礼」
が先行発売されます！
リーディングゲームブック第一弾の本作は、「脚本」を声を出して読み合い、マルチエンディングの物語を楽しむという新機軸のゲームとなっています。
(3人専用/60分)
当日は、試遊卓を準備しており、体験してもらうことも可能です。
こだわりの「脚本」部分は、日本映画界で使われているフォーマットと完全に同じ仕様！
プロと同じ脚本で、読み合わせを体験できます。
そして、本作の原作/脚本は宮城陽亮。
アニメ「ギルディクラウン」各話脚本・⽂芸。同コミカライズ版の構成・脚本。
ゲーム「戦国 BASARA4/4 皇」脚本。
舞台「イケメン戦国 THE STAGE」脚本・演出。
オリジナル舞台を中心にゲーム・アニメ・コミックなど様々なジャンルの作品を手掛けている宮城さんの魅力ある物語が、読み合わせの世界へダイブさせます！",https://gamemarket.jp/booth/game/3086,ok,17
30,スピカデザイン&遭遇設計,エリア - 13,エリア,https://gamemarket.jp/booth/5714,5714,ok,"弊社は、人材育成 及び 組織開発のための、ツール開発、研修、事業創出などを行う体験設計会社です。
代表作は、ウツ会議（掲載：NHK）／「カウンセリングの極意」（東京大学と共同研究）／異端児中心設計（ベンチャー学会にて研究報告）など。
2019年、文京区社会福祉協議会の助成金に採択「お仕事ボードゲームを使った地域交流事業」。
2021年、内閣府オープンイノベーションプログラム教育部門 採択「お仕事ボードゲームでキャリア教育」。
2022-23年、日本国内ゲーミフィケーションカオスマップ製作委員参画。",https://gamemarket.jp/booth/game/5714,ok,1
31,ビジネススキル育成Project,エリア - 14,エリア,https://gamemarket.jp/booth/5146,5146,ok,,https://gamemarket.jp/booth/game/5146,ok,0
32,イブインク（Ibuink）,エリア - 15,エリア,https://gamemarket.jp/booth/5398,5398,ok,"かんたんでシンプルなゲームを制作している京都の大学生です。
作品：「オバケパレード」「死神ダウト」「ぬすっとキャット」「ピタッコカルタ」",https://gamemarket.jp/booth/game/5398,ok,5
33,Sui Works,エリア - 16,エリア,https://gamemarket.jp/booth/4768,4768,ok,"Sui Worksはボードゲームの出版およびボードゲーム作りの制作支援を行うデザインスタジオです。
2021年から活動をスタートし、2023年から本格的にボードゲーム出版事業を展開しています。
私たちは「遊びながら自由にモノづくりができる世界」を目指し、日々積極的に活動しています。
ボードゲームを通じて、クリエイティブなアイデアや楽しさを広め、ユーザーに新しい体験を提供することに情熱を傾けています。
◆新作『Astro Out アストロアウト』
◆今まで『ESOTERIC エソテリック』『RATORO ラトーロ』『Baladerie バラドリー』『EAUCHEMIN オーシェミン』『EUKAO ウカオの丘』『Desolito デソリト』
◆製作協力『SWEET DOG HOTEL スイートドッグホテル』『ELAA ROTU エラロト』",https://gamemarket.jp/booth/game/4768,ok,7
34,LIQUOR GAMERS CLUB｜サントリー,エリア - 17,エリア,https://gamemarket.jp/booth/4829,4829,ok,"一緒に遊べば、距離が縮まる「ボードゲーム」。
一緒に飲めば、本音を語り合える「洋酒」。
もしもこのふたつを掛け合わせたなら、
人と人とのつながりの輪が自然と広がっていく、
素敵な交流の場が生まれるはず。
私たち「LIQUOR GAMERS CLUB(リカーゲーマーズクラブ)」は、
そんな想いから生まれた、洋酒とボドゲのコミュニティです。
「JELLY JELLY GAMES」に所属するLGCメンバーを中心に、たくさんのボドゲ好き、洋酒好きのメンバーが集まって、テストプレイを重ねながら開発したオリジナルボードゲームを、""ゲムマ特別価格""で販売しています。ブースには、BARカウンターが出現し、無料特典がもらえる特別イベントも実施予定！
皆様のご来店、心よりお待ちしております。
公式サイト：
https://LiquorGamersClub.jp/
公式X：
https://x.com/LGC__official",https://gamemarket.jp/booth/game/4829,ok,9
35,Smart Ape Games,エリア - 18,エリア,https://gamemarket.jp/booth/4193,4193,ok,ボードゲームレーベルのスマートエイプゲームスです。最新情報はXで随時更新中！フォローお願いします！,https://gamemarket.jp/booth/game/4193,ok,11
36,KUMAGERA,エリア - 19,エリア,https://gamemarket.jp/booth/6741,6741,ok,"北海道ニセコ町からやってきました、『YOTEI（ヨウテイ）』の製作をしているクマゲラです。
羊蹄山のふもと、ニセコの雄大な自然と文化を舞台に、魅力的な街をつくりあげる戦略ゲームです。限られた人手で土地を広げ、通貨である""ジャガイモ""を使って競りに勝ち、街を発展させましょう。最も多くの魅力ポイントを集めたプレイヤーの勝利です。
かわいいイラストとは裏腹の、ちょっと意地悪な駆け引きをお楽しみください。
『YOTEI』はマルタの出版社 Mighty Boards との提携により世界展開が決定しており、2026年10月のSPIEL ESSEN（ドイツ）での海外リリースを予定しています。
ブースでは試遊もできますので、ぜひお気軽にお立ち寄りください。",https://gamemarket.jp/booth/game/6741,ok,1
37,ヨフカシプロジェクト,エリア - 20,エリア,https://gamemarket.jp/booth/4073,4073,ok,"ブシロードクリエイティブが贈るボードゲームブランド「TERIYAKI GAMES」と
名作＆挑戦策を送り出してきたボードゲームプロジェクト「ヨフカシプロジェクト」が合同出展!!
テリテリマン滅亡の危機！？
TERIYAKI GAMES新作１本でこの危機を乗り越えられるのかーー！？フォローと応援よろしくお願いします!!",https://gamemarket.jp/booth/game/4073,ok,21
38,ESPER GAME STUDIO,エリア - 21,エリア,https://gamemarket.jp/booth/6538,6538,ok,"Esper Gamesが東京ゲームマーケットに帰ってきます！
2026年のラインナップをご紹介します。
まず、大人気の『JISOGI: Anime Studio Tycoon』ですが、今回は「JISOGI 1.5 アップグレードパック」が登場。新しいコンポーネントと改善されたルールにより、ゲーム体験がさらに進化します。
さらに、期待の新作『ELDERTIDE』は完成版を展示し、最後の先行予約を受け付けます。
そして最後に、小箱カードゲーム『FOMO』を、ささやかな特典付きで販売いたします。",https://gamemarket.jp/booth/game/6538,ok,0
39,ジャイアントホビー,エリア - 22,エリア,https://gamemarket.jp/booth/1032,1032,ok,"ジャイアントホビーは文京区千石にあるミニチュアゲームのお店です。
現在オリジナルボードゲーム「DORASURE」を展開中！",https://gamemarket.jp/booth/game/1032,ok,9
40,Engames,エリア - 23,エリア,https://gamemarket.jp/booth/2427,2427,ok,,https://gamemarket.jp/booth/game/2427,ok,21
41,ClaGla,エリア - 24,エリア,https://gamemarket.jp/booth/2887,2887,ok,ClaGla（クラグラ）は、ボードゲームや謎解きイベントの制作・販売、Sapporo Game Spaceと藻岩下BRICKの運営を行う札幌市にある小さな会社です。,https://gamemarket.jp/booth/game/2887,ok,30
42,ホビージャパン,エリア - 25,エリア,https://gamemarket.jp/booth/1003,1003,ok,こんにちは、ホビージャパンです！ 当社はボードゲームの輸入・開発・販売を行っています。,https://gamemarket.jp/booth/game/1003,ok,0
43,KAMITSUBAKI STUDIO,エリア - 26,エリア,https://gamemarket.jp/booth/6009,6009,ok,"TCG「KAMITSUBAKI CARD GAME」の試遊・購入ができるブースです。
KAMITSUBAKI STUDIOのアーティストをモチーフとした、
対戦型トレーディングカードゲームです。
60枚のカードを組み合わせてデッキを作り、
最高のLIVEをプロデュースしましょう。",https://gamemarket.jp/booth/game/6009,ok,0
44,SUSABI GAMES,エリア - 27,エリア,https://gamemarket.jp/booth/3111,3111,ok,"SUSABI GAMES（スサビゲームズ）は「""面白い""で火を付ける」ボードゲームレーベルです。
【出展歴：リリース作品】
◼️ゲムマ2026春: 『エンクラティア』
◼️ゲムマ2025秋: 『スターリーチフェスティバル』
◼️ゲムマ2025春: 『アイドルアライブ Vsinger』
◼️ゲムマ2024秋:『HacKClaD.DeltA』『アイドルアライブ ステラビーツ』
◼️ゲムマ2024春: 新作サプライ
◼️ゲムマ2023秋:『アイドルアライブ』『ナイトフラワーズ新版』
◼️ゲムマ2023春:『ギブトレ』
◼️ゲムマ2022秋:『HacKClaD CROSS FATE』
◼️ゲムマ2022春:『イビルフロント拡張セット 邪神招来』
◼️ゲムマ2021秋:『HacKClaD』
◼️ゲムマ2021春:『イビルフロント２』
◼️ゲムマ2021大阪:『忍尾将棋 神機縦横』
◼️ゲムマ2020秋:『イビルフロント』,『忍尾将棋 新装版』
◼️ゲムマ2020春:『イビルパクト』, 忍尾将棋 拡張第二弾『奇策妙計』
◼️ゲムマ2019秋:『ガラクタリウム』, 忍尾将棋 拡張第一弾『光芒一閃』
◼️ゲムマ2019春:『忍尾将棋』",https://gamemarket.jp/booth/game/3111,ok,17
45,JELLY JELLY GROUP,エリア - 28,エリア,https://gamemarket.jp/booth/1393,1393,ok,"JELLY JELLY GAMES はボードゲームカフェ「JELLY JELLY CAFE」を運営する
株式会社ピチカートデザインが企画するボードゲームブランドです。
多くのお客様にボードゲームの楽しさを伝えてきたスタッフが自信をもっておすすめできるゲームを、
幅広い年齢層や興味を持ってくれた方々のもとに届けることによって、ボードゲームの普及へ貢献することを信念としています。",https://gamemarket.jp/booth/game/1393,ok,21
46,アークライト,エリア - 29,エリア,https://gamemarket.jp/booth/1001,1001,ok,"アークライトはボードゲームなど様々な事業を幅広く展開しているアナログゲームの総合企業です。
▼公式HP
https://arclightgames.jp/",https://gamemarket.jp/booth/game/1001,ok,30
47,ガリバー_勝手にボドゲ事業部,エリア - 30,エリア,https://gamemarket.jp/booth/6326,6326,ok,"勝手にボドゲ事業部を立ち上げ、ボードゲームの企画から販売までおこなっています！
SNSで話題になった重ねて色をつくるゲームをはじめ、イベント先行販売商品など会場特別価格にてご用意しております！",https://gamemarket.jp/booth/game/6326,ok,14
48,バザールの商人たち,エリア - 31,エリア,https://gamemarket.jp/booth/6742,6742,ok,,https://gamemarket.jp/booth/game/6742,ok,0
49,Mandoo Games,エリア - 32,エリア,https://gamemarket.jp/booth/6328,6328,ok,"Mandoo Games は韓国を拠点とするボードゲームブランドです。
ご家族からゲーマーの方まで楽しめる、美しく独創的なゲームを制作しています。",https://gamemarket.jp/booth/game/6328,ok,13
50,“PLAY by CASTJAPAN,エリア - 33,エリア,https://gamemarket.jp/booth/6743,6743,ok,,https://gamemarket.jp/booth/game/6743,ok,0
51,EJPゲームズ,エリア - 34,エリア,https://gamemarket.jp/booth/3054,3054,ok,"墨田区横川を拠点に活動するボードゲーム制作ブランド
WEB：
EJPゲームズ",https://gamemarket.jp/booth/game/3054,ok,13
52,CMON JAPAN,エリア - 35,エリア,https://gamemarket.jp/booth/4818,4818,ok,"CMON JAPANのブースです。
世界中で人気のテーブルトップゲームを、日本の皆さまへお届けしています。
話題の新作や注目タイトルの販売に加え、迫力あるコンポーネントを使用したゲームの展示も実施予定です。
実際に見て、その魅力を体感していただけます。
ボードゲームの新しい魅力と出会える場として、皆さまのご来場をお待ちしています。",https://gamemarket.jp/booth/game/4818,ok,2
53,USAPAGAMES&モチの木印刷,エリア - 36,エリア,https://gamemarket.jp/booth/3737,3737,ok,"USAPAGAMESは剣と魔法のファンタジーにこだわったテーマに毎回チャレンジしています。いつかは超巨大な大作MMO風なボードゲームを作ることを目標に！
https://lit.link/usapagames",https://gamemarket.jp/booth/game/3737,ok,6
54,MARU. Game Design,エリア - 37,エリア,https://gamemarket.jp/booth/4283,4283,ok,"ボードゲームのデザインとアートワークを手がける個人クリエイターです。
ハムファームやGROW SKYなど、軽量級から重量級まで、様々なタイプのボードゲームを制作してきました。",https://gamemarket.jp/booth/game/4283,ok,10
55,サンセットゲームズ,エリア - 38,エリア,https://gamemarket.jp/booth/1025,1025,ok,"大阪発！サイコロとウォーゲームの店
通信販売もやっています！
公式通販サイト https://sunsetgames.theshop.jp/
サンセットゲームズ公式サイト http://www.sunsetgames.co.jp/
ブログ sunsetgames.cocolog-nifty.com/slg/
Twitter ID：hkokado",https://gamemarket.jp/booth/game/1025,ok,8
56,TRYBE GAMES,エリア - 39,エリア,https://gamemarket.jp/booth/5955,5955,ok,,https://gamemarket.jp/booth/game/5955,ok,0
57,Head Quarter Games,エリア - 40,エリア,https://gamemarket.jp/booth/5086,5086,ok,"Head Quarter Gamesは、 慶應HQのOBによるボードゲームブランドです。
ディープなボードゲームファンの皆さんにも楽しんでいただける、 やりごたえのあるゲームを制作しています。
また、私たちのゲーム経験・知識もコラムとして発信中です。
Webサイト：https://hqgamesjp.com",https://gamemarket.jp/booth/game/5086,ok,6
58,やのまん,エリア - 41,エリア,https://gamemarket.jp/booth/3149,3149,ok,「楽しさ創造カンパニー」を目指してアナログゲームやパズルを企画、販売しています。商会発展ゲーム『ファーム・ウィズ・ブラウニーズ』、クトゥルフ世界の探索ゲーム『マッドネスアワー』をシリーズ展開中です。2024年5月上旬に新製品、『ノーザンブランチ フェストボックス！』発売！（※生産と売買の商会発展ゲーム『ノーザンブランチ ファーム・ウィズ・ブラウニーズ』の追加セットです）,https://gamemarket.jp/booth/game/3149,ok,19
59,Anaguma,エリア - 42,エリア,https://gamemarket.jp/booth/3044,3044,ok,"『昼ドラ川柳』『あいうえバトル』『シークレットランキング』など、大人のパーティーゲームでお馴染みのAnagumaから、新作を販売！
Anagumaは新作『ゲームキーホルダー』シリーズを販売します🙌
🖌️爆NEWの向こうがわ
📅限界デイズ
👼好キーホルダー
❤️シークレットランキング ポータブル
💣その他準備中！
アークライト賞2025佳作「密輸最前線」も再販✨
これまでの作品もゲムマ特別価格で一挙販売します！
Anagumaメンバー一同、皆様のご来場お待ちしています◎",https://gamemarket.jp/booth/game/3044,ok,30
60,KT&G SangsangMadang,エリア - 43,エリア,https://gamemarket.jp/booth/6744,6744,ok,"KT&G SangsangMadang
KT&G SangsangMadang
（KT&G サンサンマダン）は、韓国・ソウルにある複合文化芸術施設です。さまざまな文化芸術コンテンツを発信し、クリエイターの活動を支援しています。
ボードゲームメーカープロダクション
「ボードゲームメーカープロダクション」は、
ボードゲーム作家としてのデビューを目指し
、アイデアから実際に販売できるボードゲームの完成までを経験する教育プログラムです。
第1期の参加者は、約5か月間のチーム制作とプレイテストを経て、
4作品のボードゲームを完成させました。
出展作品
クシクシ
オーマイズー！
ペットカブー
トリックジャック",https://gamemarket.jp/booth/game/6744,ok,1
61,エンスカイゲームズ,エリア - 44,エリア,https://gamemarket.jp/booth/6007,6007,ok,,https://gamemarket.jp/booth/game/6007,ok,0
62,アソビション,エリア - 45,エリア,https://gamemarket.jp/booth/3140,3140,ok,大阪のボードゲーム出版社です。日本のゲームを製品化して国内および海外に販売しています。また、輸入販売なども行っています！,https://gamemarket.jp/booth/game/3140,ok,5
63,amii project.,エリア - 46,エリア,https://gamemarket.jp/booth/4785,4785,ok,"サプライとボドゲ。
TCGサプライとボードゲームを通して、あなたの遊びの時間がもっと楽しく、もっと心地よくなりますように。
ちいさなトキメキと、遊び心をお届けします。
contact ✉️ https://x.gd/ogKUJ",https://gamemarket.jp/booth/game/4785,ok,6
64,MottainaiGames,エリア - 47,エリア,https://gamemarket.jp/booth/5921,5921,ok,2022年に設立された学生団体を起源とするサークルです！,https://gamemarket.jp/booth/game/5921,ok,4
65,アクウカンゲームズ,エリア - 48,エリア,https://gamemarket.jp/booth/2743,2743,ok,"「真面目なテーマを、本気で楽しいゲームに。」
教育・心理・社会課題といったシリアスなテーマの本質を、本気で楽しいボードゲームへ翻訳するボードゲームパブリッシャーです。埼玉県所沢市を拠点に活動しています。
学びを目的として押し付けるのではなく、遊んでいるうちに自然と思考が立ち上がる——そんな設計を追求しています。",https://gamemarket.jp/booth/game/2743,ok,3
66,マッシュルームパンク,エリア - 49,エリア,https://gamemarket.jp/booth/4700,4700,ok,アーティストグループ（イラストレーターやクリエーターなど）による様々なジャンルのボードゲームを展開！,https://gamemarket.jp/booth/game/4700,ok,22
67,双葉社＆ドロッセルマイヤーズ,エリア - 50,エリア,https://gamemarket.jp/booth/6005,6005,ok,"双葉社＆ドロッセルマイヤーズの合同出展ブース！
目玉の新作はこちらです！！
🐏ドロッセルマイヤーズ🐏
📗創業15周年記念作品📗
『ドロッセルマイヤーズ・ヒストリア』
2026年10月17日(土)発売決定！！！
定価：3300円（税込）
ゲームマーケット2026秋ブース番号：両日50
アナログゲーム【異能力バトル】大戦勃発！？
異世界の歴史書から召喚された歴代ドロマイ作品150キャラが総登場！！！
★基本ルールは各プレイヤーが「1〜5」のバトルカードを伏せてから同時公開し、数字が大きい方が勝ち。3ラウンド先取で勝利。
★しかし、そこに150キャラ＆オールユニークの「異能力」が絡むことで、全く予想しない展開が！？
→『ジョジョ』『H×H』などの【異能力バトルマンガ】さながらの「相手の能力を探り合いながら戦う」頭脳戦だけを無限に味わえる、究極の異能力バトル・カードゲーム🃏
「俺はいったい…どういう攻撃を受けているんだ！？」
★プレイ人数は2〜50（！）人
【2人用】VSモード：2人が5キャラずつ持ってデュエル！敵を全て破った方の勝ちだ！
【3〜6人用】勝ち抜きモード：勝者を破ることが出来そうな「アンチ能力」を持つプレイヤー達が次々と挑んでいく、ストリートファイト方式！
【7〜50人用】イベントモード：複数の対戦卓を渡り歩きながら腕試し！通行人はどいてた方がいいぜ！今日、この街は戦場と化すんだからよ！
佐藤雄介（新ボードゲーム党）による同人版『プリズンバトル』（60能力収録）から【150能力収録】に超絶ボリュームアップし、さらに3人以上でも遊べるマルチプレイゲームとしてアレンジした製品バージョン。
→一番のオススメは3〜6人の「勝ち抜きモード」ですが、なんと50人まで遊べる「イベントモード」は唯一無二のゲーム体験！『チャレンジャーズ』的ゲームデザインの日本的解釈にもなっています。
→10/4(日)12〜15時 ロフト9 Shibuyaにて開催予定のイベント『ドロッセルマイヤーズ15周年記念祭』で、世界初の50人プレイを実現したいと思っています。ぜひ皆さんご参加ください！
https://loft-prj.co.jp/schedule/loft9
※8/23(日)17時から前売チケット販売開始
※イベント会場で『ドロッセルマイヤーズ・ヒストリア』が超お得に先行入手できるスペシャル・チケットも！
【スタッフ】
ゲームデザイン：佐藤 雄介
プロデュース/ディレクション：渡辺 範明（ドロッセルマイヤーズ）
アートディレクション：グラフィックデザイン：TANSAN
ロゴデザイン：宇佐美 詠子
コンポーネントイラスト：宵町 めめ
イメージイラスト：山椒魚
イラストレーション（五十音順）：大山 功一、開田 裕治、キナコ、久坂んむり、ココナス★ルンバ、こむぎ、佐々木 隼、山椒魚、SWAV、daichi、ちゃんふみ、TSCR、寺田 てら、toudou ai、戸部 淑、Naoko Yasue、中道 裕大、平尾 リョウ、松本 智明、みなみ よしたか、U井、宵町 めめ、りんぴよ、渡辺 範明
【協力】
株式会社コナミデジタルエンタテインメント、株式会社ブシロードクリエイティブ、株式会社アークライト、株式会社小学館、株式会社双葉社、株式会社TBSラジオ、株式会社オインクゲームズ、SpiralAI株式会社
【発売元】
株式会社ドロッセルマイヤー商會
ⓒ2026 Drosselmeyer & http://Co.Ltd.
ⓒKonami Digital Entertainment
ⓒShogakukan Inc.
ⓒFutabasha Publishers Ltd.
ⓒTBS RADIO,Inc.
ⓒOink Games Inc.
ⓒSpiralAI Inc.",https://gamemarket.jp/booth/game/6005,ok,5
68,大興印刷株式会社,エリア - 51,エリア,https://gamemarket.jp/booth/3922,3922,ok,ゲーム制作者様と印刷会社が一緒に創った製品の販売・展示・ご相談を受け付けております。,https://gamemarket.jp/booth/game/3922,ok,0
69,NFCアニマルピコタッチ,エリア - 52,エリア,https://gamemarket.jp/booth/6325,6325,ok,"NFCカードを使った新感覚の推理ゲーム「アニマルピコタッチ」を出展します！
スマートフォンにカードをタッチしながら、数字を推理して遊ぶ2～6人向けのゲームです。
ブースでは実際にゲームを体験できる試遊スペースをご用意。
さらに、NFCを活用した「推しアニマル総選挙」も開催予定です！
前回出展時からUIをアップデートし、Android版もリリースしてさらに遊びやすくなりました。
試遊いただいた方には、オリジナル目印キーホルダーをプレゼント！
ぜひブースで、「カードをスマホにタッチして遊ぶ」新しいゲーム体験をお楽しみください。
また、NFCカードを活用したゲームづくりに興味のあるクリエイター・企業の方からのご相談もお待ちしています",https://gamemarket.jp/booth/game/6325,ok,0
70,Dexker Games,エリア - 53,エリア,https://gamemarket.jp/booth/6329,6329,ok,ボードゲームを台湾と日本にローカライズしています。,https://gamemarket.jp/booth/game/6329,ok,2
71,ナナワリ＆ルテシア,エリア - 54,エリア,https://gamemarket.jp/booth/3107,3107,ok,"ナナワリ笑って過ごすことを目標にしている夫婦ふたりで、ボードゲームの枠に収まらない「あそび」のゲームを製作しています。（2018〜）
ポラリッチで2019ゲームマーケット大賞キッズ賞、九九xジャンで2024キッズデザイン賞を受賞。
2024秋は、株式会社ルテシアと合同で出展します。",https://gamemarket.jp/booth/game/3107,ok,16
72,UNPOT Game Lab,エリア - 55,エリア,https://gamemarket.jp/booth/6278,6278,ok,"SPECIAL COLLABORATION BOOTH
UNPOT Game Lab × 銅鐸舎
― 2つの新鋭サークルが贈る、ゲムマ秋の注目コラボブース！ ―
全国推しボードゲームデザイナー総選挙にて
二年連続日本一
に輝いたゲームデザイナー「むかい」氏の最新作＆注目企画が目白押し！
数量限定
先行販売
UNPOT Game Lab 新作
『チキュウツアーズ』
宇宙人 × 日本観光！？ 気まぐれなインフルエンサー宇宙人をガイドして銀河マネーを稼ぎ出す、ドタバタツアーガイドゲーム！
先行販売
パワーアップ再販
『インポスターパーティー（第二版）』
発売半年で1000個完売後、長らく絶版となっていた人気作が復活！
【英語訳の追加】
や
【お子様でも遊びやすい調整】
を施し、さらにパワーアップして登場します。
［ 銅鐸舎 新作 ］
『イザベラ・バードの足あと』
『UMATAKA』を手掛けた銅鐸舎の最新作も同ブースにて発売決定！
📦 前作
『ニンゲンデビュー』
もブースにて併せて販売いたします！
✨ 「むかい」単独企画 ＆ 会場限定コンテンツ！
両サークルでゲームデザインを務めるむかい氏による
【単独特別企画】
をはじめ、限定グッズやブース企画など盛りだくさん！
詳細は順次公開いたしますので、続報をお楽しみに！",https://gamemarket.jp/booth/game/6278,ok,3
73,心火GAMES,エリア - 56,エリア,https://gamemarket.jp/booth/5590,5590,ok,心火GAMESは各国のボードゲームを日本語へとローカライズ、リメイクしたり、自社制作作品を出版したりする活動を行っています。,https://gamemarket.jp/booth/game/5590,ok,11
74,オインクゲームズ,エリア - 57,エリア,https://gamemarket.jp/booth/1029,1029,ok,アナログ・デジタル・その他に関わらず、いろんなゲームを作っています。,https://gamemarket.jp/booth/game/1029,ok,30
75,TMPA,エリア - 58,エリア,https://gamemarket.jp/booth/6017,6017,ok,,https://gamemarket.jp/booth/game/6017,ok,0
76,KiLab-CARD WORKS,エリア - 59,エリア,https://gamemarket.jp/booth/6745,6745,ok,"小ロットも対応！キラキラカード作れるカード印刷のキラボです☆
ゲームマット2026秋 10/17・18両日No.59に出展します！
トレカやボドゲ等印刷物のサンプルと、自社オリジナルゲームを展示予定です！",https://gamemarket.jp/booth/game/6745,ok,0
77,HOPES GAME MANUFACTURER,エリア - 60,エリア,https://gamemarket.jp/booth/6021,6021,ok,,https://gamemarket.jp/booth/game/6021,ok,0
78,株式会社プレス･トーク×いせごん,エリア - 61,エリア,https://gamemarket.jp/booth/6024,6024,ok,"7Lupクリエイター「いせごん」がデザインし、印刷会社が仕上げた本格仕様のカードゲームを展示！会場限定の試作ゲームや無料配布カードもあり！
試遊・展示あり！当日お楽しみに！",https://gamemarket.jp/booth/game/6024,ok,0
79,萬印堂,エリア - 62,エリア,https://gamemarket.jp/booth/3449,3449,ok,"萬印堂は、日本有数のカードゲーム・ボードゲーム・タロットカード専門の印刷所です。
日本でゲームマーケットが初めて開催された2000年から、ゲームを製作したいという個人・法人のお客様のご要望にお応えし続けてきました。
ゲームマーケットが盛り上がりを見せている近年では、年間700タイトル以上のゲーム製作を請け負っております。
ゲームの製作に興味関心おありの方はどうぞ萬印堂ブースにお立ち寄りください",https://gamemarket.jp/booth/game/3449,ok,3
80,RR Donnelley Asia,エリア - 63,エリア,https://gamemarket.jp/booth/6327,6327,ok,"RR Donnelley（アールアール・ドネリー）は1864年創業、160年超の歴史を持つ米国発のグローバル印刷ソリューション企業です。
大規模な製造拠点を背景に、大ロットはもちろん、小ロット・短納期にも柔軟に対応可能です。
TCGやボードゲーム等のリアルグッズ製造に強みを持ち、ゲーム・エンタメ企業のIP展開やメディアミックス戦略を支援する最適なパートナーとして、企画〜納品までワンストップでご提案いたします。
Founded in 1864, RR Donnelley is a U.S.-based global print solutions provider with over 160 years of history. Leveraging large-scale production facilities, we offer end-to-end support for both large and small-volume orders with rapid turnaround. We specialize in high-quality production of physical items such as trading cards and board games. For gaming and entertainment companies considering IP expansion or media mix strategies, we provide reliable manufacturing capabilities and consulting services—from planning to delivery—as a trusted partner for real-world product development.",https://gamemarket.jp/booth/game/6327,ok,0
81,LongPack,エリア - 64,エリア,https://gamemarket.jp/booth/5144,5144,ok,"LongPack Games is a subsidiary of LongPack Ltd, a printing and packaging company based in Shanghai, China. We have acquired a vast amount of
industry expertise with our more than ten years of experience in the printing and packaging fields. Over 500 different firms from all over the world have benefited from the printingand packaging solutions we have offered thanks to our high level of competence and specialized factories.Board games are one of our main business divisions,and we have a strong Western experienced team with strong technical and competent sourcing abilities, enabling us to produce the highest quality table top board games,accessories, and customized wooden, metal, and plastic components. Our experts can help you strike the perfect balance between cost, quality, and delivery time, allowing you to launch your game with confidence.At LongPack Games, we strive to collaborate with publishers and mer
chandisers that are searching for a full-service turnkey production facility supported by a competent and knowledgeable workforce capable of handling any assignment in an effective manner.
Quality, efficiency, and attention to detail are our top priorities. Our goal
is : to help you deliver the best possible board games in all aspects
of the project.
From concept to completion, we're ready to work with you on every step of the way.",https://gamemarket.jp/booth/game/5144,ok,0
82,エポック社,エリア - 65,エリア,https://gamemarket.jp/booth/6746,6746,ok,,https://gamemarket.jp/booth/game/6746,ok,0
83,itten,エリア - 66,エリア,https://gamemarket.jp/booth/2047,2047,ok,ittenはアナログゲームを作っています。一点を競うゲームを通じて、その場の状況が一転するような楽しい体験を。,https://gamemarket.jp/booth/game/2047,ok,30
84,Dig-A-Doo&BGMモリカワペーパー,エリア - 67,エリア,https://gamemarket.jp/booth/2615,2615,ok,"「遊び、笑い、成長する」ことをコンセプトにアナログゲームの製作販売を行っています！
""こどもをこども扱いしない""ことをコンセプトに
大人が楽しいゲームを作りつつも、こどもが一緒に遊べるように工夫してゲームを作っています。
Dig-A-Doo（ディガドゥ−）が作るゲームの世界を是非見に来てください！",https://gamemarket.jp/booth/game/2615,ok,17
85,SUNNY BIRD,エリア - 68,エリア,https://gamemarket.jp/booth/4397,4397,ok,SUNNY BIRD：海外製ボードゲームの出版・販売を行っております。,https://gamemarket.jp/booth/game/4397,ok,13
86,Homosapiens Lab,エリア - 69,エリア,https://gamemarket.jp/booth/1159,1159,ok,今回のゲムマ2026春は合同出展で、【エリア-57】にて出展いたします。,https://gamemarket.jp/booth/game/1159,ok,8
87,HEY!,エリア - 70,エリア,https://gamemarket.jp/booth/4407,4407,ok,,https://gamemarket.jp/booth/game/4407,ok,8
88,コロコロ堂,エリア - 71,エリア,https://gamemarket.jp/booth/1968,1968,ok,"世界のボードゲームで遊べるカフェ「コロコロ堂」です。上野御徒町と秋葉原に２店舗あります！
スタッフがルールを丁寧に説明するので、未経験の方でも安心して楽しめます。
ゲームマーケット当日は、オリジナルのボードゲームやグッズの販売を予定しています
どうぞお気軽にお立ち寄りください！",https://gamemarket.jp/booth/game/1968,ok,14
89,こぐま工房,エリア - 72,エリア,https://gamemarket.jp/booth/2021,2021,ok,"ゲーム体験に重きを置いた制作を心がけています。
16年秋初参加し、BABELという正体隠匿型のバランスゲームを製作しました。
以降、思わずプレイしたくなるアナログゲームを制作し、精力的に活動を続けています。
また、ご依頼をいただき、カイジュウオンジアースシリーズのユグドラサスや、
ハッククラッドのクラッドなどの立体コンポーネントの設計なども承っています。",https://gamemarket.jp/booth/game/2021,ok,7
90,Playte,エリア - 73,エリア,https://gamemarket.jp/booth/6006,6006,ok,Play the greatest idea.,https://gamemarket.jp/booth/game/6006,ok,30
91,グループSNE,エリア - 74,エリア,https://gamemarket.jp/booth/1028,1028,ok,グループSNEは安田均が中心になって設立した、クリエイター集団です。1987年の設立以来、神戸を拠点として、長年に渡って「ゲームの楽しさ、面白さ」を追求した作品を発表し続けています。,https://gamemarket.jp/booth/game/1028,ok,28
92,ムービック,エリア - 75,エリア,https://gamemarket.jp/booth/5659,5659,ok,"株式会社ムービック
より、ハリー・ポッター カードゲームの体験会とブース内物販を開催します！",https://gamemarket.jp/booth/game/5659,ok,0
93,ZUTOMAYO CARD -THE BATTLE BEGINS-,エリア - 76,エリア,https://gamemarket.jp/booth/6747,6747,ok,"「ZUTOMAYO CARD -THE BATTLE BEGINS-」
ずっと真夜中でいいのに。が手掛け、ずっと真夜中でいいのに。の世界観を再現した対戦型トレーディングカードゲーム「ZUTOMAYO CARD」
20枚のカードを組み合わせたデッキで時間を操り「夜」と「昼」で変わっていくキャラクターの攻撃力や効果が特徴で、イラストはこれまでずっと真夜中でいいのに。の作品を制作してきた数多くのクリエイターが参加。
ファンアートを採用したカードやMVを切り取ったカードによって、ずっと真夜中でいいのに。の世界観が再現されている。",https://gamemarket.jp/booth/game/6747,ok,0
94,マイリトルポニーTCG,エリア - 77,エリア,https://gamemarket.jp/booth/6748,6748,ok,"「マイリトルポニー」の仲間たちが登場する、TCG「マイリトルポニートレーディングカードゲーム」のブースです。
お気に入りのキャラクターたちとチームを作り、友情と魔法のストーリーを体験できるカードゲームです。
ブースでは、カードや関連商品の展示のほか、実際にゲームを遊べる試遊スペースをご用意しています。",https://gamemarket.jp/booth/game/6748,ok,0
95,わかさ生活,エリア - 78,エリア,https://gamemarket.jp/booth/6330,6330,ok,"わかさ生活から2つのボードゲームがリリース！
ゲームマーケット2025秋にて先行体験、先行販売を行います✨
＊＊＊＊＊＊＊＊＊＊＊＊＊＊＊＊＊＊＊＊＊＊＊＊＊＊＊
◎花鈴のバッティングプラクティス【所要時間：10分 所要人数：2～5人】
わかさ生活がおくる女子野球漫画「花鈴のマウンド」がボードゲームに✨
カードには花鈴をはじめとしたキャラクターたちのかわいいイラストが！
ピッチャーとバッターで心理戦を繰り広げ、野球のルールを楽しみながら学べます⚾
＊＊＊＊＊＊＊＊＊＊＊＊＊＊＊＊＊＊＊＊＊＊＊＊＊＊＊
◎ERROROID【所要時間：10～20分 所要人数：2人】
真実を暴き、「エラーロイド」を見つけ出せ―――
2024年に発売された人気作が、わかさ生活とのタイアップによりリニューアル！
イラストやデザインが一新された新装版として販売予定です✨
また、ゲームをより楽しめる拡張版も新登場！推理ゲーム好き必見の作品です🔍",https://gamemarket.jp/booth/game/6330,ok,2
96,BakaFire Party,エリア - 79,エリア,https://gamemarket.jp/booth/1031,1031,ok,"大きな星に、楼を立てて
私どもはコンテンツに尽くし、あなたに世界をお届けします。
■最新作■
『ドリームテーゼ』
■代表作（自社コンテンツ）■
『桜降る代に決闘を』シリーズ
『惨劇RoopeR』シリーズ
■代表作（共同制作）■
『Dominate Grail War -Fate/stay night on Board Game』",https://gamemarket.jp/booth/game/1031,ok,16
97,Grand Archive,エリア - 80,エリア,https://gamemarket.jp/booth/6749,6749,ok,,https://gamemarket.jp/booth/game/6749,ok,0
98,バトルスピリッツ,エリア - 81,エリア,https://gamemarket.jp/booth/6750,6750,ok,,https://gamemarket.jp/booth/game/6750,ok,0
99,NivelArena,エリア - 82,エリア,https://gamemarket.jp/booth/5657,5657,ok,自分のレベルを上げながら相手と戦うバトルフィールド！,https://gamemarket.jp/booth/game/5657,ok,7
100,DRAGON SHOGUN,エリア - 83,エリア,https://gamemarket.jp/booth/6686,6686,ok,"シールド型決闘型カードゲーム「DRAGON SHOGUN」のパイオニアキットα版を販売！
・ブースターパックを5個開けるだけでデッキが作れる「ブリッツシールド戦」で、カードゲーム初心者と熟練者が、対等なデッキで対戦することができます。
・対戦した後も、カードをパックに戻すことで何度でもブリッツシールド戦が可能！一度購入すれば繰り返し遊ぶことができます。
・この製品1つで構築できるデッキは1億通り以上！お気に入りのカードをぜひ探してみてください。
■内容物
○ゲームカード 80枚(全65種類) + カード封入用ブースターパック 10個
○クイックルールガイド・プレイシート 2枚
○ブリッツシールド戦マニュアル 1枚
■販売価格：2, 000円(税込)
イベント開催中は無料体験会を随時受付中！
体験会終了後、オープンチャットにご参加いただいた方全員に「DRAGON SHOGUN パイオニアキットα版」の半額割引券をプレゼント！
製品画像につきましては公式サイトをご確認ください。
https://dragon-shogun.com/topics/categoty-campaign/2672.html",https://gamemarket.jp/booth/game/6686,ok,0
101,インヴィクタス,エリア - 84,エリア,https://gamemarket.jp/booth/1394,1394,ok,"ヘムズユニバーサルゲームズ株式会社
私たちはアナログゲームの製造・輸入販売をしております。
ゲーム好きの方から、普段ゲームを遊ばない方まで幅広く楽しんで頂けるゲームを取り揃えております。
是非、一度私たちのブースに遊びに来て下さい。
試遊卓を準備してお待ちしております。",https://gamemarket.jp/booth/game/1394,ok,8
102,ウズ,エリア - 85,エリア,https://gamemarket.jp/booth/4382,4382,ok,"「ウズ」は、スマートフォンひとつでマーダーミステリーやストーリープレイングを楽しめる、オールインワンの通話アプリです。
ゲームマーケット2026秋では、ウズの作品やサービスの魅力を実際に見て、遊んで、知っていただける体験型ブースを展開します。ブース内には試遊スペースとステージを設置し、作品を体験できる試遊企画に加え、制作者によるトークイベントや、ゲストがステージ上で実際に作品を遊ぶプレイイベントを実施します。",https://gamemarket.jp/booth/game/4382,ok,0
103,冒険企画局,エリア - 86,エリア,https://gamemarket.jp/booth/1009,1009,ok,"TRPGをはじめ様々なジャンルのゲームで新しい冒険を提案する冒険企画局のブースです。試遊あります。
秋のゲムマはTRPGギルドと共に様々なゲームの試遊が可能ですので、ぜひ遊びに来てください。
試遊できるゲームの関連商品やスペシャルグッズも多数取り揃えてお待ちしております。",https://gamemarket.jp/booth/game/1009,ok,21
104,CCFOLIA,エリア - 87,エリア,https://gamemarket.jp/booth/3241,3241,ok,,https://gamemarket.jp/booth/game/3241,ok,0
105,KAGENAZO,エリア - 88,エリア,https://gamemarket.jp/booth/5603,5603,ok,「謎解き×地域活性」をコンセプトに日本中の地域に謎解きを仕掛けるKAGENAZOが遂にゲームマーケットに参戦！KAGENAZOならではのここでしか買えないオリジナル謎解きグッズや限定Tシャツなど楽しい商品が盛りだくさん！当日はKAGENAZOメンバーがブースに立ち皆様と楽しくイベントを盛り上げます。,https://gamemarket.jp/booth/game/5603,ok,0
106,NazoLock,エリア - 89,エリア,https://gamemarket.jp/booth/6539,6539,ok,"クイズ王集団 QuizKnock のゲームチャンネル「GameKnack」から、誰でも遊べるカジュアルゲーム『完全実力バトル』ver.β を発売します！
試遊スペースもありますので、ぜひ体験していってください！
また、QuizKnock発のナゾトキ制作チーム「NazoLock」からも新作持ち帰り謎解き『FUJI』を発売！
""知る""を楽しむ人のためのアパレル・雑貨ブランド「QurioS」からは遊べるノートとクリアファイル『""Traveling Traveler Problem""』を発売します！
ぜひチェックしてください！
GameKnack：https://x.com/GameKnack_qk
NazoLock：https://x.com/NazoLock_baton
QurioS（QurioStore）：https://x.com/QurioStore_QK",https://gamemarket.jp/booth/game/6539,ok,3
107,タカラッシュ,エリア - 90,エリア,https://gamemarket.jp/booth/4574,4574,ok,"タカラッシュ！は2001年に創業した日本で唯一の宝探し専門会社です。
【宝】を探し出す喜びを全ての人に提供するべく、日々宝探し・謎解きを広めています。
東京・下北沢、愛知県・名古屋の店舗『NANICA』では、独自の世界観を突き詰めた、謎解きをお届けしています。
謎解きグッズの取扱数で日本最大級を誇るオンラインショップ『TAKARA PORT』もぜひご利用ください！",https://gamemarket.jp/booth/game/4574,ok,4
108,THE NAZO STORE | ナゾストア,エリア - 91,エリア,https://gamemarket.jp/booth/3865,3865,ok,"THE NAZO STORE（ザ ナゾストア）は、物語を味わう謎解きキットの専門店です。
代表作は、不思議な家の中を探検しながら事件を解決する「不思議な家シリーズ」、実在するたばこをモチーフに、謎と物語をお届けする短編謎解き「たばこ謎シリーズ」、昔懐かしのテレビゲームをイメージした「レトロゲーム謎シリーズ」です。
在宅時間が増えたこの機会だからこそ、みなさんの生活に彩のある時間を提供できれば嬉しいです。",https://gamemarket.jp/booth/game/3865,ok,0
109,タンブルウィード,エリア - 92,エリア,https://gamemarket.jp/booth/3053,3053,ok,"謎でセカイが回りだす
私たち「謎解き制作団体タンブルウィード」は、おもしろいものを作る事にとても興味があります。
謎制作者、プログラマー、エンジニア、デザイナーなど、
様々な分野より集結した志が同じプロフェッショナルにより構成されています。
おもしろいものに魅了された私たちだからこそ、もっとおもしろいものを作りたいのです。
私たちは、エンターテインメントの可能性を信じています。
子供たちが将来の夢を語るとき、そこには必ず『体験』が存在します。
二番煎じの記憶に残らないコンテンツではなく、参加してくれた人の心を動かすような、人生に影響を与えるような、そんなコンテンツを制作できたらと日々励んでいます。
間違いなく私たちは、おもしろいものに出会って人生が変わっているのですから。
まだ、気付いていない感動をあなたに",https://gamemarket.jp/booth/game/3053,ok,10
110,四等星,両日 - A001,一般両日,https://gamemarket.jp/booth/2018,2018,ok,"４人の個性豊かなクリエイターが終結したボードゲーム制作サークル、それが「四等星」です！
好きなゲーム、好きなジャンル、得意なゲーム、それぞれが違う４人が、基本的に合作ではなく別々のものを制作して発表していきます♪
旧作、新作、いつもたくさんの種類の作品をお持ちして皆さんをお待ちしています。
あなたの好みに合う作品がきっと見つかる…？",https://gamemarket.jp/booth/game/2018,ok,30
111,11時03分駅前集合,両日 - A002,一般両日,https://gamemarket.jp/booth/5361,5361,ok,"ICチップ搭載カードゲーム新作「きくカード」を発売いたします！ICチップ搭載のカードに専用読み取りアプリをかざすと・・音が鳴る！
カードとスマホを連携させて遊ぶカードゲームを制作しています。
前回作品『音感~Perfect Pitch game~』も販売・試遊しております！",https://gamemarket.jp/booth/game/5361,ok,3
112,Amuri Studio,両日 - A003,一般両日,https://gamemarket.jp/booth/5429,5429,ok,"2026年ゲームマーケット秋で以下のゲームを販売します！
≪NINE TAILS≫★NEW★
▶Game 説明URL:
リンク
・価格: ¥3,000
・カテゴリー: Set collection, hand management, animals, fantasy, foxes, take that
・30-45 min / 14+Age / 2-5 players
≪BRISCOLA CHIAMATA≫
▶Game 説明URL:
リンク
・価格: ¥2,500
・カテゴリー: Auction/Bidding, Hand Management, Hidden Roles, Team-Based, Trick-taking
・10-90 min / 14+Age / 2-5 players
≪Hero or Villain: Battle Royale≫
▶Game 説明URL:
リンク
・価格: ¥3,000
・カテゴリー: Card fighting, bluffing, party game
・10-20 min / 14+Age / 2-5 players
≪Fantasy Tavern Brawl≫
▶Game 説明URL:
リンク
・価格: ¥3,000
・カテゴリー: Dexterity, party game
・5-15 min / 14+Age / 2-5 players
≪Demonuki≫
▶Game 説明URL:
リンク
・価格: ¥2,500
・カテゴリー: Deduction, bluffing, party game
・5-10 min / 14+Age / 3-5 players
≪Tute≫
▶Game 説明URL:
リンク
・価格: ¥2,500
・カテゴリー: Trick-taker
・20 min / 14+Age / 4 players
≪The Coil≫
▶Game 説明URL:
リンク
・価格: ¥3,000
・カテゴリー: Dice game, Area majority
・30-45 min / 14+Age / 2-5 players
🎟️ ご予約開始中！
当日の受け取りをご希望の方は、以下のフォームからご予約いただけます：
👉
予約フォームはこちら",https://gamemarket.jp/booth/game/5429,ok,6
113,有限浪漫,両日 - A004,一般両日,https://gamemarket.jp/booth/1136,1136,ok,"ボードゲームサークル有限浪漫です。
2011年秋から出展しております。
コンパクト＆ハイパワーをコンセプトとし、
軽いコンポーネントでじっくり楽しめるゲームを作っています。",https://gamemarket.jp/booth/game/1136,ok,21
114,TottoTottino,両日 - A005,一般両日,https://gamemarket.jp/booth/5026,5026,ok,"TottoTottinoは初心者から熟練者までが一緒にしっかり遊べるゲーム制作をめざしています。
私たちのゲームが、みなさんの大切な人と大切な時間を過ごす一助となったら嬉しいです！
なお、国内外のメーカーのみなさま、ライセンス契約についても積極的にお声がけいただけますと幸いです。
At TottoTottino, our mission is to create games that both beginners and seasoned players can thoroughly enjoy together.
We hope our games help you spend precious moments with your loved ones!
To publishers and manufacturers worldwide, we warmly welcome you to reach out to us regarding licensing opportunities.
Let's collaborate and bring great games to more people!",https://gamemarket.jp/booth/game/5026,ok,5
115,EdisonBrain（ひらがじゃん公式）,両日 - A006,一般両日,https://gamemarket.jp/booth/6507,6507,ok,"イベント当日は【ゲムマ価格】にて販売いたします！
■ひらがじゃんシリーズ（※税込み価格）
・【NEW】プロ版：14,800円→13,000円
・【NEW】牌版専用マット ワイド：2,680円→2,200円
・【NEW】カタカナ 牌：日本未発売→4,500円
・ひらがな カード：1,650円→1,000円
・ひらがな 牌：4,980円→4,500円
・アルファベット カード：1,650円→1,000円
・アルファベット 牌：4,980円→4,500円
・牌版専用マット：2,480円→2,000円
・牌用専用ケース：4,980円→4,500円
■その他ゲーム
・終電、終わってます。：1,980円→1,500円",https://gamemarket.jp/booth/game/6507,ok,6
116,Card Game Factory,両日 - A007,一般両日,https://gamemarket.jp/booth/6226,6226,ok,"日本でも指折りのカード加工技術を持つ（株）田中紙工と、創業120年以上の信頼を持つ印刷メーカーの（株）昇文堂が運営する「CARDGAMEFACTORY」。
ゲームマーケットでは自社で１から企画、製造したオリジナルカードゲームの販売を行っています。
オリジナルカード、トランプ、タロット製造のご相談も受け付けておりますので、ぜひお気軽にブースにお立ち寄りくださいませ！",https://gamemarket.jp/booth/game/6226,ok,0
117,偽善者の会,両日 - A008,一般両日,https://gamemarket.jp/booth/4353,4353,ok,"偽善者の会です。
今のところ、会長が１人で、やってます。
「アルティメット聖徳太子」
を出展します。",https://gamemarket.jp/booth/game/4353,ok,13
118,JumbleGames,両日 - A009,一般両日,https://gamemarket.jp/booth/4031,4031,ok,"【ゲムマ2025秋新作!!「ほどよく」】
全員に当てられてもダメ!!
全員がわからなくてもダメ!!
”ほどよく”お題を伝えろ!!
やってみると意外と難しい新感覚トークゲーム!!
〇簡単なゲーム概要
・出題者1名と解答者（残り全員）に分かれてゲーム開始
・出題者はお題を確認して、そのお題が全員には伝わらないけど誰かはわかるくらいにヒントを伝える
・解答者はお題を予測して答える！
たったこれだけのシンプルなルールなのに意外と難しくて盛り上がる!!
プレイ人数：4~6人
プレイ時間：5~15分
対象年齢：6歳～
販売価格：2,500円(税込)
販売日：11月22,23日
販売ブース：C07",https://gamemarket.jp/booth/game/4031,ok,2
119,ナナフシゲームズ,両日 - A010,一般両日,https://gamemarket.jp/booth/5527,5527,ok,"『オカネアライグマ』
ピカピカのオカネを愛してやまないアライグマたちが住まうステキな世界。
誰よりも早くピカピカのオカネを集めて勝利を目指そう！全国の大手家電量販店で販売中！
ーーーきたないオカネは徹底的に洗え。ーーー
『上司独裁』全国のロフトにて販売中！ゲームマーケット2026春ではゲムマ特別価格で販売予定！",https://gamemarket.jp/booth/game/5527,ok,2
120,Atelier Mimir,両日 - A011,一般両日,https://gamemarket.jp/booth/1145,1145,ok,"Atelier Mimir（アトリエ ミーミル）は「知を感じる遊び」をコンセプトに、
歴史と美術を題材にしたアナログゲームを創造するゲームブランドです。
ソロから２人用の物語体験がメインの作品を展開中。
プレイしたあとに世界の見方が変わるような遊びの体験をお届けします。
Atelier Mimir is game brand that develops tabletop game with a History and Art theme
and under concept of ""The game to stimulate intellectual curiosity"".
We will send a play experience that change the way one looks at the world.
https://www.ateliermimir.jp/",https://gamemarket.jp/booth/game/1145,ok,13
121,しらたまゲームズ,両日 - A012,一般両日,https://gamemarket.jp/booth/1135,1135,ok,"親馬鹿が高じて、しらたまさんのゲームを作る事になりました。
しらたまさんだけかと思いきや、もう一本趣味丸出しのゲームもできちゃいました。
げすらぶ。",https://gamemarket.jp/booth/game/1135,ok,28
122,遊宝洞,両日 - A013,一般両日,https://gamemarket.jp/booth/6817,6817,ok,カードゲームを創って25年。「カードファイト!! ヴァンガード」や「ヴァイスシュヴァルツ」を始めとする数多くのTCGを開発してきた有限会社遊宝洞です！,https://gamemarket.jp/booth/game/6817,ok,1
123,Rulemaker(ルールメーカー),両日 - A014,一般両日,https://gamemarket.jp/booth/3387,3387,ok,"UNO×名作インフェルノ
あと１枚にハラハラドキドキする
闇のゲーム",https://gamemarket.jp/booth/game/3387,ok,1
124,Dragon Create,両日 - A015,一般両日,https://gamemarket.jp/booth/5872,5872,ok,"ボードゲーム制作サークル『ドラゴンクリエイト』です。
カッコイイヴィジュアルと初心者にも簡単なプレイ感のゲームを制作しています。
仙台（宮城）を拠点に活動しています！",https://gamemarket.jp/booth/game/5872,ok,10
125,異世界アジャイル,両日 - A016,一般両日,https://gamemarket.jp/booth/5615,5615,ok,,https://gamemarket.jp/booth/game/5615,ok,1
126,Wablues(ウェーブルーズ),両日 - A017,一般両日,https://gamemarket.jp/booth/4060,4060,ok,"Wablues（ウェーブルーズ）は、Namiki（ナミキ）とアオヤギソーマによる、2人組のボードゲーム制作サークルです。
これまでに『レンソービンゴ』『これがアウチュー！』『ダグエイトチェス』『シノビノギ』など、みんなで気軽に楽しめるボードゲームを制作してきました。
2026年からは、新たなボードゲームブランドシリーズ「POP GAME」をスタート。
「POP GAME」が大切にしているのは、3つのこと。
1分で遊び始められる、シンプルでわかりやすいルール。
余白を活かした、絵本のような温かみのあるイラスト。
小さくて持ち運びやすい、コンパクトなパッケージ。
この3つの要素を軸に、誰でも気軽に手に取って遊べるボードゲームを制作しています。
普段あまりボードゲームを遊ばない方にもおすすめしやすいシリーズです。
ぜひ「POP GAME」を手に取って、遊んでみてください。",https://gamemarket.jp/booth/game/4060,ok,8
127,ノスゲムとさとーふぁみりあ,両日 - A018,一般両日,https://gamemarket.jp/booth/1494,1494,ok,2026秋はノスゲムとさとーふぁみりあ(両-A018)として『コロコロキッチンスクランブル』を販売します。,https://gamemarket.jp/booth/game/1494,ok,30
128,TeamRABI,両日 - A019,一般両日,https://gamemarket.jp/booth/3750,3750,ok,うさぎとVをテーマにしたボードゲームの製作を行っています。,https://gamemarket.jp/booth/game/3750,ok,14
129,ナゴヤ・ボードゲーム・ギルド,両日 - A020,一般両日,https://gamemarket.jp/booth/4794,4794,ok,"名古屋を拠点に活動するボードゲームデザイナーの連合サークルです。
代表:明地宙(@SoLunerG)",https://gamemarket.jp/booth/game/4794,ok,0
130,おかわりゲームス,両日 - A021,一般両日,https://gamemarket.jp/booth/6818,6818,ok,"""何度でもおかわりしたくなる""ボードゲームをつくりたい
そういう思いから立ち上げたサークルです。
第一作目は「さっきまで好きって言ってたのに」
砂時計で、好き嫌いがひっくり返る！？
リアルタイム協力連想ゲームです！",https://gamemarket.jp/booth/game/6818,ok,1
131,ソラガメスタジオ,両日 - A022,一般両日,https://gamemarket.jp/booth/4562,4562,ok,"「集いの時間を、もっと自由に、もっと広げよう」をコンセプトに、空（SORA）のように広がるゲーム（GAME）の世界を提供していきます。
ゲームのアートワーク制作もいたします。",https://gamemarket.jp/booth/game/4562,ok,8
132,ピーナツデザイン,両日 - A023,一般両日,https://gamemarket.jp/booth/4085,4085,ok,"言語依存のないボードゲームをデザイン、販売しています。
2021秋、2人用アブストラクトっぽいゲーム、VICKE（ビッケ）
2022秋、ブラフ・推測系カードゲーム、FLOPNIK（フロップニク）
2023秋、2人用アブストラクトゲーム、toreros(トレロス)
2025春、2人用非対称アブストラクトゲーム、CATTLE(キャトル)
2026春、2人用すごろく、DETROIT(デトロイト)
2026秋、2人用アブストラクトっぽいゲーム、pohjanmeri（ポフヤンメリ）",https://gamemarket.jp/booth/game/4085,ok,5
133,Whatz Games,両日 - A024,一般両日,https://gamemarket.jp/booth/6819,6819,ok,,https://gamemarket.jp/booth/game/6819,ok,0
134,自認シマエナガ／シェリベル,両日 - A025,一般両日,https://gamemarket.jp/booth/6820,6820,ok,,https://gamemarket.jp/booth/game/6820,ok,0
135,ねこねこパラダイス,両日 - A026,一般両日,https://gamemarket.jp/booth/6567,6567,ok,"ねこねこパラダイスは「心地よい」を追求し、事業の成果をまねくデザイン会社です。
アプリ・ウェブ等のサービス企画・設計、コンテンツ制作、分析調査、ボードゲーム開発や企業研修まで、さまざまな角度で心地よく愛されるしくみをデザインします🐾
ゲームマーケットは初出店です！
ネコをなが〜く伸ばすゲームを持っていきます！よろしくお願いします🐈",https://gamemarket.jp/booth/game/6567,ok,1
136,ロクジゾー,両日 - A027,一般両日,https://gamemarket.jp/booth/2108,2108,ok,趣味でボードゲームを作ってる京都の二人組です。,https://gamemarket.jp/booth/game/2108,ok,9
137,サザンクロスゲームズ,両日 - A028,一般両日,https://gamemarket.jp/booth/1789,1789,ok,"チキンダイスゲームズ解散後、代表のＮ２が中心となって作品の版権管理、ならびに新作の製作・販売を行なうサークルです。
「エイジオブ～」シリーズ好評発売中！最新作は「ギフトクラフト」「ツギハギクエスト」「エイジオブエイジ」「ペン」「ビルディン富豪」「三国志学園高等部」「ヒストリーオブギリシア」。",https://gamemarket.jp/booth/game/1789,ok,30
138,Hakuroku,両日 - A029,一般両日,https://gamemarket.jp/booth/3279,3279,ok,"ゲームの企画･開発･運用･デザインを行う会社...
から中の人がフリーに転身後もボードゲームを作成しています。",https://gamemarket.jp/booth/game/3279,ok,5
139,卸売センターサンエイ,両日 - A030,一般両日,https://gamemarket.jp/booth/5362,5362,ok,食品スーパーを営みながらゲームを作っています。X（旧Twitter）は中の人です。,https://gamemarket.jp/booth/game/5362,ok,9
140,EX FIRST GAMES,両日 - A031,一般両日,https://gamemarket.jp/booth/1422,1422,ok,"こんにちは。チャーリーです。長野県松本市で EX FIRST GAMES を運営しています。初心者から経験者まで楽しめる小箱のカードゲームをデザイン、イラスト、自費出版しています。クラウドファンディングでは、サイコロ「コインサイド」とRPGシステムで4回の資金調達に成功しました。
:::: Extra Fun :::: 余分な楽しみ。私たちのゲームは、より多くの人と一緒に楽しめるように、英語と日本語のバイリンガルルールを採用しています。
:::: Extra Free :::: 私たちのゲームは、無料でプリント＆プレイできます。
:::: Extra Fair :::: 私たちのゲームやボードゲームアクセサリーを買うたびに、1本の木が植えられます。これまでに10,000本以上の木を植えてきました。
宜しくお願いします！
Hello. I'm Charlie. I run EX FIRST GAMES from Matsumoto, Nagano. I design, illustrate, and self-publish small box card games for new and experienced gamers. I have successfully funded 4 crowdfunding campaigns for our spinning dice ""CoinSides"" and RPG system.
:::: Extra Fun :::: Our games are bilingual with rules in English and Japanese so that you can enjoy them with more people.
:::: Extra Free :::: Our games are available as free print and play games for you to try.
:::: Extra Fair :::: Every time you buy a copy of our games or board game accessories, you plant one tree. So far we have planted over 10,000 trees.
Thank you!",https://gamemarket.jp/booth/game/1422,ok,8
141,SAKURA-GO-ROUND,両日 - A032,一般両日,https://gamemarket.jp/booth/3242,3242,ok,"コドモからオトナまで
すぐ楽しめる！ ずっと楽しめる！
遊園地のお気に入りのアトラクションで一日遊んだような
気分になれるボードゲーム＆カードゲームがそろう!",https://gamemarket.jp/booth/game/3242,ok,18
142,ゲームNOWA,両日 - A033,一般両日,https://gamemarket.jp/booth/1157,1157,ok,"創作ゲームサークルのゲームNOWAです。
本年の目標は、遊び易さを最優先した作品作りです。
GM2026春では最新作『キンドロ』を始め、昨年秋の新作『ツクルテンダイス』、人気作『いきものボックスvo.1』（２作品同時収録）等を出展します。",https://gamemarket.jp/booth/game/1157,ok,30
143,TRICKTAKERs GAMEs,両日 - A034,一般両日,https://gamemarket.jp/booth/5601,5601,ok,"ゲームデザイン：HIROKEN
【2026-2027】トリックテイカーズ・リメイク制作中（２０キャラ）
【2026】
エターナルセブンズ（現代版七並べ：対戦カード配置ゲーム）
→2026年8月上旬発売予定で制作中です
【2024-2025】
エターナルデックス（協力ゲーム）
【2023春】
トリックテイカーズKINGs
【2022春】
リトル・トリックテイカーズ
【2021秋】
トリックテイカーズ（拡張）
【2021春】
トリックテイカーズ（基本）",https://gamemarket.jp/booth/game/5601,ok,2
144,scultur-at,両日 - A035,一般両日,https://gamemarket.jp/booth/3333,3333,ok,"ボードゲーム制作サークルscultur-at(スクルトゥラット)です。
ゲムマ2026春新作 TCGライク×陣地取り『ZWÖLF（ツヴェルフ）』頒布します。試遊あり。
旧作 タイル配置×ハンドマネジメント『ONESTORY』頒布中。試遊あり。
※支払いは現金のみです。
※予約は受け付けていません。",https://gamemarket.jp/booth/game/3333,ok,3
145,COTEN GAMES,両日 - A036,一般両日,https://gamemarket.jp/booth/6821,6821,ok,,https://gamemarket.jp/booth/game/6821,ok,0
146,SEIANGAME!,両日 - A037,一般両日,https://gamemarket.jp/booth/6156,6156,ok,"""SEIANGAME!""(セイアンゲーム)は、成安造形大学のボードゲーム制作ゼミです。",https://gamemarket.jp/booth/game/6156,ok,4
147,ゲームストア・バネスト,両日 - A038,一般両日,https://gamemarket.jp/booth/1007,1007,ok,"名古屋のボードゲームショップ、「ゲームストア・バネスト」です。
ゲームマーケットは1回目より欠かさず参加しております。
よろしくお願いいたします。
ご注意：
およそ直前のゲームマーケット2週間前ごろより更新をはじめます。荷物の到着状況より、商品が追加されたり見送ることがあります。
また価格は予価の場合があります。あしからずご了承くださいませ。失礼いたしました。
twitter: @banestolive",https://gamemarket.jp/booth/game/1007,ok,30
148,KOZU&Minori&totty,両日 - B001,一般両日,https://gamemarket.jp/booth/6825,6825,ok,,https://gamemarket.jp/booth/game/6825,ok,1
149,なるしす娯楽学会,両日 - B002,一般両日,https://gamemarket.jp/booth/2028,2028,ok,算数や数学をテーマにしたゲームなどを作成しています。,https://gamemarket.jp/booth/game/2028,ok,8
150,橙華堂,両日 - B003,一般両日,https://gamemarket.jp/booth/3050,3050,ok,"ボードゲームもグッズもハンドメイドしちゃう系サークルです。
制作と広報どっちもやるのが間に合わないため、最新情報はTwitterをご覧くださいませ。",https://gamemarket.jp/booth/game/3050,ok,7
151,フォントかるた,両日 - B004,一般両日,https://gamemarket.jp/booth/2380,2380,ok,"誰もが日常的に見て触れている『フォント』をテーマに、ゲームやグッズを展開しています。
深淵なるフォントの世界に、あなたも足を踏み入れてみませんか？",https://gamemarket.jp/booth/game/2380,ok,4
152,ラガラガ・ラボ,両日 - B005,一般両日,https://gamemarket.jp/booth/2454,2454,ok,"ラガラガ・ラボはシグレゴコチとラク画工房による、コンテンツブランドです。わたしたちは、ゲーム、映像、デジタル等のコンテンツで「学び」、「体験」を楽しくプロデュースしていきます！
https://ragaraga-labo.com",https://gamemarket.jp/booth/game/2454,ok,9
153,infoplay / LineUP ゲーム,両日 - B006,一般両日,https://gamemarket.jp/booth/5373,5373,ok,"学びを生み出す遊びをつくるクリエイティブユニットinfoplayは、
『LineUP』(ラインナップ）ゲームはじめてのキッズ向けに、
いきものキッズシリーズ第一弾【LineUP kidsどうぶつえん】を、発売いたします。
生き物たちの未知なる生態や大自然のふしぎ、
生命の躍動を感じる数字がたくさん。
子どもたちの好奇心が目を覚ます、キッズシリーズ登場です。",https://gamemarket.jp/booth/game/5373,ok,0
154,ゼロハウス,両日 - B007,一般両日,https://gamemarket.jp/booth/1253,1253,ok,"カードゲームサークルゼロハウスです。
カードゲーム作っています！",https://gamemarket.jp/booth/game/1253,ok,6
155,ビバリー,両日 - B008,一般両日,https://gamemarket.jp/booth/6422,6422,ok,,https://gamemarket.jp/booth/game/6422,ok,0
156,ニューゲームズ,両日 - B009,一般両日,https://gamemarket.jp/booth/6822,6822,ok,,https://gamemarket.jp/booth/game/6822,ok,0
157,大納言製作所,両日 - B010,一般両日,https://gamemarket.jp/booth/3702,3702,ok,"【大納言製作所】
""いとをかし""を創造する。
大納言製作所です！
クラウドファンディングにて反響を呼んだ新作「Herbarium」をゲームマーケット2020秋より発売！
大河ドラマ「青天を衝け」公式タイアップ作品「栄！」ゲームマーケット 2021大阪より発売！
すべてのコマが動かし方を共有するアブストラクト「Litho」ゲームマーケット 2022春より発売！
特別な宝石とカードのシナジーで目的地を目指す渾身の新作「ステラジェム」ゲームマーケット 2024春より発売！",https://gamemarket.jp/booth/game/3702,ok,6
158,MTS Games,両日 - B011,一般両日,https://gamemarket.jp/booth/6394,6394,ok,"Play, Together
テーブルの上でゲームの箱が開かれる瞬間、私たちは本当の意味でお互いと向き合います。
MTS Gamesは、誰もが満足する無難な道を選ぶよりも、たった一人であっても心を深く揺さぶる独創的な魅力を探求します。ジャンルの境界も、プレイスタイルの限界も設けません。予測不可能な新鮮さとエネルギーに溢れるゲーム、そしてそこから生まれる心からの笑顔と没入の瞬間を信じているからです。
決してありふれたものではない個性で、しかし最も温かく人と人を繋ぎます。
共にテーブルを囲み、目を合わせる特別な楽しさを、MTS Gamesが創り出していきます。",https://gamemarket.jp/booth/game/6394,ok,4
159,京大ボドゲ製作所,両日 - B012,一般両日,https://gamemarket.jp/booth/4238,4238,ok,「遊びから知る、楽しく学ぶ」をコンセプトに、京大院生が『学び×ボードゲーム』を企画開発。過去の参戦歴→ゲムマ2022秋・ゲムマ2022大阪・ゲムマ2024京都 in 京まふ・ゲムマ2024秋・ゲムマ2025春・ゲムマ2025秋・・・作品：株トレ｜TEN｜キオクコネクト｜Eureka Moment｜WordCode｜Welpla｜★最新情報はXをフォローしてチェック★,https://gamemarket.jp/booth/game/4238,ok,6
160,勉ゲー,両日 - B013,一般両日,https://gamemarket.jp/booth/6823,6823,ok,,https://gamemarket.jp/booth/game/6823,ok,0
161,空創Lab,両日 - B014,一般両日,https://gamemarket.jp/booth/4497,4497,ok,"今回は2卓での出展になります。
1対1の心理戦を行う「東方プロジェクト」の二次創作ゲームを新作として出します。
初めての二次創作ゲームになります。
試遊もできます。
他に、『はらぺこペンギン』『完全感覚Counter』などの定番品も展示予定です。
是非お立ち寄りください。",https://gamemarket.jp/booth/game/4497,ok,9
162,GALLERY OUCHI,両日 - B015,一般両日,https://gamemarket.jp/booth/1911,1911,ok,"香川県在住のGALLERY OUCHIです。
誰もが遊べる楽しいゲーム制作を
心がけております。
どうぞよろしくお願いいたします。",https://gamemarket.jp/booth/game/1911,ok,4
163,ADICE ワードジャマー,両日 - B016,一般両日,https://gamemarket.jp/booth/6824,6824,ok,"アナログゲームレーベル「ADICE」のワードジャマー特化ブースです
【B016】 アソビを転がそう――。「ADICE」（エーダイス）は、「素晴らしい」という意味を持つスラングの「ACE」と、ボードゲームに欠かせないアイテムであるサイコロを意味した「DICE」二つの言葉をかけ合わせた造語です。今回はなんと「ワードジャマー」「マーダーミステリー」「ボードゲーム」の3ブースで出展！こちらのブースではワードジャマー作品を中心に展開しております。
最新作、「ワードウルフ」の川崎晋氏考案「ワードジャマー」の試遊、購入いただけます！
詳細はこちら公式サイト：https://adice.vivion.jp/
公式Xアカウント：https://x.com/adice_info",https://gamemarket.jp/booth/game/6824,ok,0
164,ADICE ボードゲーム,両日 - B017,一般両日,https://gamemarket.jp/booth/5077,5077,ok,"アナログゲームレーベル「ADICE」のボードゲーム特化ブースです。【B017】
アソビを転がそう――。「ADICE」（エーダイス）は、「素晴らしい」という意味を持つスラングの「ACE」と、ボードゲームに欠かせないアイテムであるサイコロを意味した「DICE」二つの言葉をかけ合わせた造語です。今回はなんと「ワードジャマー」「マーダーミステリー」「ボードゲーム」の3ブースで出展！こちらのブースではボードゲーム作品を中心に展開しております。
最新作、「ワードウルフ」の川崎晋氏考案「ワードジャマー」などADICEのボードゲームをご用意！
詳細はこちら公式サイト：https://adice.vivion.jp/
公式Xアカウント：https://x.com/adice_info",https://gamemarket.jp/booth/game/5077,ok,6
165,ペンタススタジオ,両日 - B018,一般両日,https://gamemarket.jp/booth/2940,2940,ok,"シリアスな世界観と、仲良い人同士が大盛り上がりするゲームを制作します
4人組ボードゲーム制作チーム
最新作『ボクらのすごログ』は、ボクらの「これから」が舞台になる日常連動型すごろくゲーム
2018年から活動しており『ボクらのすごログ』は11作品目です。
代表・プロデュース・シナリオ：どい @doi_pentas
イラスト・アートワーク：うどんた @UdontA_1954
ゲームデザイン・開発：マツキハジメ @ma2ki_first
デザイン：和平 @peace_pentas",https://gamemarket.jp/booth/game/2940,ok,11
166,らいるず,両日 - B019,一般両日,https://gamemarket.jp/booth/4765,4765,ok,"デジタルゲーム開発会社「ライルズ」のアナログ創作部です！
「協力×正体隠匿」の新機軸ゲーム「アクオチクエスト」を2024ゲムマ秋にて頒布予定です",https://gamemarket.jp/booth/game/4765,ok,4
167,KADO Games,両日 - B020,一般両日,https://gamemarket.jp/booth/6478,6478,ok,"台湾発のインディーボードゲーム出版社、KADO Gamesです。
すぐ遊べて、遊ぶほど読み合いが深くなるゲームを制作しています。
ゲームマーケット2026秋では、『花嫁の引き立て役 / Always a Bridesmaid』を再頒布します。
全員同時にカードを出し、ここだと思ったらHOLD BACK。高い合計値を狙いながら1位を避け、いちばんおいしい「2位」を目指す、2〜5人・約20分の読み合いカードゲームです。
ゲームマーケット2026春では、初回頒布分が2日目午前に完売しました。
英語版パッケージですが、日本語帯・日本語説明書入り。カードの言語依存はほぼありません。
試遊歓迎。30秒で面白さをご説明します。",https://gamemarket.jp/booth/game/6478,ok,1
168,株式会社ジーン,両日 - B021,一般両日,https://gamemarket.jp/booth/6826,6826,ok,"ジーンオリジナルアナログゲーム「ボムボムドカン」「ダイスアウト」「ハイローウエスタン」は、
親子や友人同士で一緒にコミュニケーションと駆け引きを楽しんでいただけるゲームです！",https://gamemarket.jp/booth/game/6826,ok,0
169,SzpiLAB,両日 - B022,一般両日,https://gamemarket.jp/booth/4390,4390,ok,"ユニークなギミックとシンプルなジレンマをテーマにボードゲームを制作するチーム「シュピラボ」です。
2022.『プラネピタ』
2023.『ラフレシアン』
2025.『スノープ』
ゲームの詳細は公式サイトを見てください。
https://szpilab.com/",https://gamemarket.jp/booth/game/4390,ok,4
170,ひなたぼっこズ,両日 - B023,一般両日,https://gamemarket.jp/booth/6827,6827,ok,,https://gamemarket.jp/booth/game/6827,ok,0
171,500C games,両日 - B024,一般両日,https://gamemarket.jp/booth/6828,6828,ok,,https://gamemarket.jp/booth/game/6828,ok,0
172,Honu Games,両日 - B025,一般両日,https://gamemarket.jp/booth/4813,4813,ok,海外のボードゲームを和訳付きで販売します。,https://gamemarket.jp/booth/game/4813,ok,19
173,Saashi & Saashi,両日 - B026,一般両日,https://gamemarket.jp/booth/1519,1519,ok,"株式会社SAASHI-ANDが運営するボードゲーム出版レーベルです。京都を拠点にアナログゲームをクリエイトしています。
『午前1時の大脱走』『バス&ストップ』『COME SAIL AWAY!』など。",https://gamemarket.jp/booth/game/1519,ok,30
174,浅草ゲームズ,両日 - B027,一般両日,https://gamemarket.jp/booth/6295,6295,ok,"浅草ゲームズの初版リリース作品『化姫伝奇~狐火月夜~』を販売します！
妖狐の血を継ぐ姫・紗夜姫と、妖退治の達人・十兵衛が戦う2人用対戦ゲームです。
属性を持った「雑魚妖怪」「ボス妖怪」を倒し、途中で現れる「御神体」を獲得して、得点を競います。
術や必殺技を使って自分に有利な状況を作ると、特務カードのミッションを攻略するのが勝利の鍵です！
**ブース情報：B14（両日）**.
- 販売卓あり.
- 試遊卓あり（ぜひ遊んでいってください！）.
原作『化姫伝奇』（TENJIN GAMES制作）の世界観を活かしたボードゲーム化第一弾です。
ピクセルアートの美しいチップとカードで、白熱の妖怪バトルをお楽しみください！",https://gamemarket.jp/booth/game/6295,ok,2
175,Play&,両日 - B028,一般両日,https://gamemarket.jp/booth/5619,5619,ok,"訪問ありがとうございます！
「Play＆」は「ふれる、ひろがる」をブランドコンセプトとし、
ゲームを通して人と人とのつながりを深め、思い出を共有する瞬間を提供したいと思い、活動しています。
ブランドの使命は、ボードゲームにふれることで、楽しさや笑顔がひろがり、その楽しさが心にもひろがり、
心温まるたくさんの思い出や、大事にできる人のつながりをつくり、襷（たすき）のように紡いでいくことです。
==========================================
当日の取り置きも行なっておりますので、
ご興味をお持ちいただけましたら以下からご予約ください。
取り置きフォーム：
https://forms.gle/465oE2qjCPJjZ8sL6
数量限定でお得なコンプリートセットも会場限定で販売します！（ゲムマ秋2025では過去最大にお得なセットも！）
詳細は上記リンクからご確認ください。
==========================================
◼︎作品紹介◼︎
#3 「ピキパーク」：ゲムマ特価2,000円税込",https://gamemarket.jp/booth/game/5619,ok,4
176,倦怠期,両日 - B029,一般両日,https://gamemarket.jp/booth/1065,1065,ok,倦怠期とは、普通のゲームに飽きた（倦怠期）の人や変わったものを求める人に一風変わったゲームを提供しようというテーマで作られたゲーム創作サークルです。特にトリックテイキングを6年間継続的に発表し続けているサークルです。,https://gamemarket.jp/booth/game/1065,ok,6
177,米光ゲームメカニクスラボ,両日 - B030,一般両日,https://gamemarket.jp/booth/6304,6304,ok,"私たちは、ゲーム作家・米光一成が主宰するデジタルハリウッド大学大学院「米光ゲームメカニクスラボ」です。
このたび、ラボとしてゲームマーケットに初めて出展いたします！
ブースでは、ラボのメンバー（ラボメン）が制作した個性豊かなゲームの数々を頒布予定です。
詳しい情報は順次更新していきますので、ぜひチェックしてください。皆様のお越しを心よりお待ちしております。",https://gamemarket.jp/booth/game/6304,ok,3
178,偏愛GAMES,両日 - B031,一般両日,https://gamemarket.jp/booth/6829,6829,ok,,https://gamemarket.jp/booth/game/6829,ok,0
179,はこブ旅団,両日 - B032,一般両日,https://gamemarket.jp/booth/6023,6023,ok,,https://gamemarket.jp/booth/game/6023,ok,0
180,OneCours,両日 - B033,一般両日,https://gamemarket.jp/booth/1284,1284,ok,"おもにグッズ製作をメインとしているサークルです。
【常時頒布物】
・アクリルフィギュア…全80種以上 ¥200～
・MAPMAKER(プレイマット) 会場限定価格¥2000
・アクリル製マップチップ ¥100～
・人狼コースター ¥300～
【過去の頒布物（ゲーム）】
・ねぇねぇ、無人島になに持って行く？ ¥3000
・わんこ食堂 ¥1000",https://gamemarket.jp/booth/game/1284,ok,2
181,Warhammer,両日 - B034,一般両日,https://gamemarket.jp/booth/6830,6830,ok,,https://gamemarket.jp/booth/game/6830,ok,0
182,2DFantasista,両日 - B035,一般両日,https://gamemarket.jp/booth/5732,5732,ok,"「2Dファンタジスタ」のアナログゲーム制作部です。
物語性や体験を重視した作品、大切にしてもらえる作品作りを目指しています。",https://gamemarket.jp/booth/game/5732,ok,3
183,きよみずかつや,両日 - B036,一般両日,https://gamemarket.jp/booth/5285,5285,ok,協力×バッグビルド(チップを使ったデッキ構築)のアナログゲーム「イグナイター -魔窟の結晶-」をゲムマ2024春にて販売。,https://gamemarket.jp/booth/game/5285,ok,1
184,RMBC,両日 - B037,一般両日,https://gamemarket.jp/booth/4277,4277,ok,"【作品ページ】
・『カスタムオーシャン』（2026秋新作！）
・『あなたの1位はチョコミント!? -みんなの価値観当てゲーム-』（2026春新作！）
・『合体!!クロスゴーレムズ』
・『忘却のライブラリウム』
・『ナイスステーキ』
・『King of Angler ～目指せ釣り人の頂点～ (キングオブアングラー)』
・『ワニャマ 干支襲来』
・『群青グラデーション』
(完売)
・『ドロッピングドロップス』
(完売)
・『ルームシェア ～大家さんとありがた迷惑な仲介人～』
(完売)
・『ルームシェア英語版(日本語訳付き)』
(完売)
・『ロミオとジュリエット IFストーリー』
(完売)
・『エコペン探検隊 どうくつ探検バトル』
(柳の下工房様での通販のみ)
・『エコペンあつめ』
(完売)
・『セミファイナル ～お前はまだ生きている～』
(完売)
・『ワニャマ』
(完売)
【取り置き予約】
・ゲムマ2026秋取り置き予約はこちらから 受付期限は10/15(木)までです。
※Googleアカウントを持っていない方は、Xアカウント（@RMBC2021）にDMいただければ取り置き予約可能です。
【通販】
・通販(BOOTH)はこちらから
※2026年10月18日(日)まで新作『カスタムオーシャン』についてはイベント特価[+送料]です。
【X(Twitter)】
RMBC：
@RMBC2021
Mr.Kou：
@RMBC_MrKou
ワイポッド：
@WaiPod_2022
【Instagram】
RMBC：
@rmbc_boardgame
【サークル紹介】
ボードゲーム制作団体 RMBC(アールエムビーシー)と申します。
活動理念は『初心者を沼に！』です。
大学時代に出会った仲間を中心に、初心者の方にも楽しんでいただけるボードゲームを制作しております。",https://gamemarket.jp/booth/game/4277,ok,16
185,毒の生き物カードバトル,両日 - B038,一般両日,https://gamemarket.jp/booth/6658,6658,ok,"「毒の生き物カードバトル」
毒を仕込むか、攻撃するか____
すべては読み合いで決まる。
『毒の生き物カードバトル』は、毒、吸収、攻撃、防御などの戦術カードを駆使して生物同士を戦わせる、2人専用の心理戦カードゲームです。
多彩な生き物や戦術を使いこなし、勝利を目指そう！",https://gamemarket.jp/booth/game/6658,ok,1
186,ほしのシンヤ,両日 - B039,一般両日,https://gamemarket.jp/booth/5563,5563,ok,"子どもと大人が対等に遊べるゲーム作りをめざしています。
2026秋「おおかみがくるよ」
2026春「ヒントボム」「ミミックがあらわれた！」
2025春「ねず忍」
2024秋「エイリアンかもしれない」",https://gamemarket.jp/booth/game/5563,ok,5
187,WHITE RUNNER,両日 - B040,一般両日,https://gamemarket.jp/booth/5920,5920,ok,"【あらすじ】広大な雪原「ホワイトホース」で100年に一度開かれる伝説のレース「ホワイトランナー」
動物たちは滑る技術だけでなく、相手の動きを読み、体力を考慮した戦略で最速の称号を目指します。
伝説は誰の手に！？",https://gamemarket.jp/booth/game/5920,ok,1
188,廊下組 / からのうろ,両日 - B041,一般両日,https://gamemarket.jp/booth/5178,5178,ok,【新作】２作販売！メンヘラマインスイーパー、掃除屋 撃墜君【廊下組】,https://gamemarket.jp/booth/game/5178,ok,5
189,BrainBrainGames,両日 - B042,一般両日,https://gamemarket.jp/booth/1712,1712,ok,"新作は「Bird Club」
代表作
「トリックと怪人」 (OinkGames) ゲームマーケット大賞2018優秀賞
「HEY YO」 (OinkGames) innoSPIEL2022受賞
「OPEN」 (MandooGames／SunnyBird) ゴールデンボックス2022ゲームデザイン賞
「LOOP」 (IELLO／MandooGames／SunnyBird)
「Charuma (GEAR)」 (Darucat)
from 長崎。",https://gamemarket.jp/booth/game/1712,ok,17
190,ドラマチック謎解きゲーム,両日 - C001,一般両日,https://gamemarket.jp/booth/1367,1367,ok,"ゲームマーケット×ドラマチック謎解きゲーム
このコマ、知りませんか？
ゲームマーケット会場内を回って遊ぶ、周遊型謎解きゲームです。
受付で冊子を受け取り会場内で情報を得たりチェックポイントで追加情報を受け取ったりしながら、物語のエンディングまで辿りつくアナログゲームになります。
＜ストーリー＞
このコマ、知りませんか？
おそらく何かのボードゲームで使われていたコマだと思います。
コマについて何かご存知の方がいらっしゃいました、どうか教えていただけないでしょうか。
また、一緒に調べてくれる方も探しています。
＜ドラマチック謎解きゲームとは＞
参加者が物語の主人公となり、実際に頭や体を動かしてリアルに散りばめられた謎やパズルを解いていく、体感型のゲームです。 実際に「見て」「動いて」「探して」物語の世界に入り込み、謎を解くことで物語が展開します。 特に、よだかのレコードが作るドラマチック謎解きゲームでは、「物語」を重視した構成と謎で、よりドラマチックな非日常の体験ができます。
よだかのレコードでは新作持ち帰り謎の発売もあります。",https://gamemarket.jp/booth/game/1367,ok,23
191,奇跡家中古館,両日 - C002,一般両日,https://gamemarket.jp/booth/5608,5608,ok,,https://gamemarket.jp/booth/game/5608,ok,0
192,バンブーゲームズ,両日 - C003,一般両日,https://gamemarket.jp/booth/5295,5295,ok,"Bamboo Games（バンブーゲームズ）は「竹のように成長して面白いゲームを作る」をモットーに活動する個人サークルです！
ボドゲ好きの大学生が1人で運営しています。",https://gamemarket.jp/booth/game/5295,ok,8
193,イイワケボドゲ,両日 - C004,一般両日,https://gamemarket.jp/booth/6783,6783,ok,"【ボドゲをイイワケに××したい！】を叶えるサークル
元ボードゲームカフェ経営者/現某エンタメ企業の企画職のメンバーと共に
世の中のニーズを叶えるボードゲームを制作します！",https://gamemarket.jp/booth/game/6783,ok,2
194,ぶれけけゲームズ,両日 - C005,一般両日,https://gamemarket.jp/booth/3310,3310,ok,"ぶれけけゲームズの『ぶれけけ』は、ハンガリー語。日本語で言うケロケロ(カエルの鳴き声)です。みんなで卓を囲みワイワイと、カエルの大合唱のように楽しんでほしいという思いをサークル名に込めました。ファミリー層やカジュアルライト層に楽しんでもらえるゲーム制作を心がけています。
カエルサイクル・カエルタワー・カエルキャッチのカエル3部作。2025春は新作を2作品『ダイスポーカーデュエル』『コロコロSAN脈』2025秋新作『デンジャラスイーツ』",https://gamemarket.jp/booth/game/3310,ok,16
195,あーきっと．ゲームズ,両日 - C006,一般両日,https://gamemarket.jp/booth/4842,4842,ok,"【ゲームマーケット５連続出展中：２３秋（初出展）⇒２４春⇒２４秋⇒２５春⇒２５秋】
サークル理念：「あー、きっと、ここがこのゲームのキモなんだな」と感じてもらえるようなゲームを作ること
製作方針：課題解決、新規性の開拓
２０２５秋の新作は『ジジという名の猫』。変則ジジ抜き＆推理ゲームです。
『ビンゴカードを使った新しいゲーム』シリーズを制作中。
サークル名の「あーきっと」は、理念の「あー、きっと、ここがこのゲームのキモなんだな」と感じてもらえるようなゲームを作る（創る）に加え、そんな中身を作りたい＝「architecture」（構成・構造）から名付けました。この２，３年、別段出展を目指していたわけではなかったのですが、、、思いついたものをゲーム仲間で試すということを繰り返し、「これは体験してもらいたい！」というものが出てきたので、２０２３年にサークル化＋出展を決めました。ボードゲームを１０年程度触れてきて、「こうだったら」、あるいは、「ああだったら」を具現化していきたいと思っています！
製作ゲーム紹介＝https://t.co/cxcGSvYUSH",https://gamemarket.jp/booth/game/4842,ok,15
196,妄想ゲームズ☆,両日 - C007,一般両日,https://gamemarket.jp/booth/2485,2485,ok,"ゲームマーケット2025秋
海外でも人気のゲームを持っていきます！",https://gamemarket.jp/booth/game/2485,ok,10
197,SHAKE UP GAMES,両日 - C008,一般両日,https://gamemarket.jp/booth/5833,5833,ok,"シェイクアップゲームズです。
炭酸が入った缶を勢いよく開けた時のように溢れ出す、驚きと楽しさを届けるアナログゲームの制作を目指して活動をしています。",https://gamemarket.jp/booth/game/5833,ok,4
198,ボドゲニク,両日 - C009,一般両日,https://gamemarket.jp/booth/4690,4690,ok,"ボドゲライフをより快適にするグッズを販売します！
名古屋ボードゲーム楽市にてフレッシュドラゴン大賞 特別賞を受賞した「Staccard」を頒布予定
新作については鋭意製作中です。",https://gamemarket.jp/booth/game/4690,ok,0
199,Twelv-O工房,両日 - C010,一般両日,https://gamemarket.jp/booth/3431,3431,ok,"試遊スペースつきのブースになります。
究極のカードゲーム「Twelv-O」をはじめ、いくつかのTwel-board（Twelv-Oを使ったボードゲーム)を展示販売します。
カードゲームの醍醐味が詰まったTwelv-Oのブースに是非お越しください。",https://gamemarket.jp/booth/game/3431,ok,0
200,@fullkawa,両日 - C011,一般両日,https://gamemarket.jp/booth/1249,1249,ok,"2026秋は土日両日出展【C011】です。
取り置き予約はありませんが、以下から先行購入可能！
@fullkawa online shop",https://gamemarket.jp/booth/game/1249,ok,4
201,「遊神」,両日 - C012,一般両日,https://gamemarket.jp/booth/5591,5591,ok,"2023年からボードゲーム制作を始めたサークルです。
普段は埼玉県の所沢でボードゲーム会を主催しています。
主催者目線でこんなゲームがあったら楽しそうだなぁと思うゲームを作っていきたいです。
どうやらVTuberも初めてしまったようなので、良ければそちらも見てみてください～
https://www.youtube.com/@JINNIKI-yujin",https://gamemarket.jp/booth/game/5591,ok,6
202,ましかまる,両日 - C013,一般両日,https://gamemarket.jp/booth/3535,3535,ok,"ましかまる です！
Twitter；＠9mashika",https://gamemarket.jp/booth/game/3535,ok,24
203,deratoriko（デラトリコ）,両日 - C014,一般両日,https://gamemarket.jp/booth/5751,5751,ok,"GM2026秋／10月17日（土）・18日（日） ★ 新作『BEETRIO ビートリオ』 3,000円",https://gamemarket.jp/booth/game/5751,ok,4
204,フリップゲームス,両日 - C015,一般両日,https://gamemarket.jp/booth/6443,6443,ok,アナログゲーム制作サークル「フリップゲームス」です！新作『夢ちん』でゲームマーケット2026秋に出展します。,https://gamemarket.jp/booth/game/6443,ok,2
205,モザイクゲームズ,両日 - C016,一般両日,https://gamemarket.jp/booth/2577,2577,ok,モザイクゲームズと申します。2017年の初出展以来、ボードゲーム「モザイク」の専業メーカーとしてゲームマーケットに参加させていただいて来ました。主力製品の「モザイク」「モザイク・ミニ」に加え、オリジナルカードゲーム「Up&Down（アップんダウン）」を出品します。「モザイク」ファミリーは美濃焼タイルをコマに使用した2人用のアブストラクト・ボードゲームですが、「アップんダウン」は多人数で楽しむことのできるファミリー・カードゲームになります。まるで方向性の異なる2つのゲームですが、共通する点が1つあります。それはどちらもルール説明が1分でできるほどシンプルなゲームであると同時に、長く遊んでも飽きないプレイアビリティの高いゲームであるという点です（と自負しています^^）。また日曜日の伝統ゲームコーナーでは「モザイク」が郷土ゲームのひとつとして出品されます。試遊もできますのでぜひお立ち寄りください。,https://gamemarket.jp/booth/game/2577,ok,4
206,Spieldisorder,両日 - C017,一般両日,https://gamemarket.jp/booth/1765,1765,ok,"1作目「etranger」
2作目「Dishes」
3作目「星を渡る」
4作目「Leiden1593」
5作目「ア・デイ・イン・ザ・八戸」
6作目「PAYBACK」
7作目「Leiden1637」
8作目「Leiden : The Dice Game」←New!!",https://gamemarket.jp/booth/game/1765,ok,7
207,もりつち,両日 - C018,一般両日,https://gamemarket.jp/booth/3454,3454,ok,"もりつちは、海の戦いを中心にシミュレーションゲームを作っている個人サークルです。
作っているものに共通しているのは、軍艦を1隻ずつ動かし、砲弾も魚雷も1発ずつ解決する精密さと、それを長くとも数時間で終える簡潔さの両立です。命中したかどうかが1発ずつ分かるので、戦闘が結果ではなく過程として立ち上がってきます。
今回の新作は「激闘！聯合艦隊1894-1905」。日清戦争の豊島沖から日本海海戦まで、11年の海戦史を同じシステムで通した2人用ゲームです。日本・清国・ロシアの三海軍から約108隻を収録し、シナリオは5本。10月10日発売の出来たてを並べます。
既刊は、太平洋の夜戦を扱う「ソロモン夜襲戦DX」、舞台を欧州へ移した「欧州海域戦」、空母戦を詳細に再現する「海空戦！南太平洋1942」。海以外にも、カードで現代の空中戦を再現する「FOX TWO!!」、SF戦術級の「植民惑星の解放」、実在480選手が1打席ずつ戦う野球ゲーム「PFB2025」があります。
ブースでは試遊をご用意しています。短い時間で遊べるものを置きますので、遠慮なく座っていってください。ルールブックの中身も、その場でご覧いただけます。
一部の作品は予約を受け付けています。各ゲームのページの「予約」からお申し込みください。「PFB2025」は会場に在庫を用意しないため、予約分のみの対応です。",https://gamemarket.jp/booth/game/3454,ok,8
208,廣まる屋,両日 - C019,一般両日,https://gamemarket.jp/booth/5969,5969,ok,"ゲムマ初出展となる「廣まる屋」です。
今回は「推理ポーカー インサイト」とメインに試遊・販売を行います。
もしかしたら、第2作目のお披露目もできるかもしれません。
お気軽にお立ち寄り下さい。お待ちしております。",https://gamemarket.jp/booth/game/5969,ok,1
209,アウェイクヒーローズ 情景堂,両日 - C020,一般両日,https://gamemarket.jp/booth/5604,5604,ok,"プレイヤー2人で行う対戦型のタクティカルカードゲーム「アウェイクヒーローズVol.1 と Vol.2」と新作の拡張パック「アウェイクヒーローズ EX1＆2」を販売します。
「AWAKE HEROES」公式HP",https://gamemarket.jp/booth/game/5604,ok,3
210,星野デザイン,両日 - C021,一般両日,https://gamemarket.jp/booth/5160,5160,ok,"2026秋では「雪男を見つけたい！」「ケルぺろス」「エッグビッドダイナソー」で出展いたします！
ひょっとするともう「Wild大工」も売るかも。
【GMセット（３点）】3,500円（税込）
【雪男を見つけたい！】1,500円（税込）
【ケルぺろス】1,500円（税込）
【エッグビッドダイナソー（チャック袋）】1,000円（税込）
（予定）【Wild大工】1,000円（税込）",https://gamemarket.jp/booth/game/5160,ok,7
211,ハレルヤロックボーイ,両日 - C022,一般両日,https://gamemarket.jp/booth/2367,2367,ok,"未来カラ来マシタ。 ゲムマ2026春は両日出展です。
新作『CONDUCTORS』販売予定です。
『テーブルトップクライマー』『ゴーアウトガール』他もよろしくお願いします。",https://gamemarket.jp/booth/game/2367,ok,13
212,Kodaka OtonaShi,両日 - C023,一般両日,https://gamemarket.jp/booth/5171,5171,ok,"マウントを取り合いその無意味さを知る川柳バトルパーティーゲーム「マウントル」、
マトリクス図で人のセンスを考える紙ペンクイズパーティーゲーム「センシンク」、
お酒の場「専用」親密パーティー飲みゲー「ホステスト」、
販売致します。
どれも「疑似体験」ができるパーティーゲームで、普段からゲームをしない方や、
体験から学びを得たいと思っている方々は是非ブースにお越しください。
1分で説明する動画を使って説明します。",https://gamemarket.jp/booth/game/5171,ok,5
213,ひらめきうさぎ,両日 - C024,一般両日,https://gamemarket.jp/booth/6213,6213,ok,"2026秋は第２作目となる新作の「WEATHER」を販売します！
2025秋が初出展です。ゲームアイデアコンテストでTOP20に入った運と心理戦のゲーム「ESPER」を販売します。",https://gamemarket.jp/booth/game/6213,ok,2
214,ジブセイルゲームズ,両日 - C025,一般両日,https://gamemarket.jp/booth/2204,2204,ok,ジブセイルゲームズはウォーゲームを扱う同人レーベルです。「椅子多め」の試遊卓併設ブースでお待ちしています。【2020秋ラインアップ】【新作】「Operations Research for COVID-19～図上演習 新型コロナウイルス～」感染対策本部幹事として「感染による死」「経済による死」の最小化を目指すソロ用Operations Research！ 【2020春ラインアップ】「遠すぎた東大─神田解放区闘争－」東大安田講堂事件が起きたその日、神田地区を不法占拠し東大本郷キャンパスを目指して進撃する過激派とそれを阻止して神田解放区の奪還を目指す機動隊との戦いを机上に再現するボードウォーゲーム！,https://gamemarket.jp/booth/game/2204,ok,7
215,LudicCube,両日 - C026,一般両日,https://gamemarket.jp/booth/6784,6784,ok,,https://gamemarket.jp/booth/game/6784,ok,0
216,すべらんGameLab,両日 - C027,一般両日,https://gamemarket.jp/booth/5703,5703,ok,"大阪天満宮境内の星合池にて「すべらんうどん」を販売しています。
学業の神様のお膝元で、「すべらん」と縁起の良いうどんが食べられるという事で、受験シーズンには大変繁盛いたします。また、星合茶寮がある星合池には上方落語のお師匠様方が神様として祀られており、お笑い芸人さんにも愛されています。今回はそんな「すべらん」の名前を冠した「漫才」をベースにしたカードゲームを販売させていただきますのでどうぞよろしくお願いいたします。
▼公式サイト（ECサイトにて、「すべらんうどん」販売しています。
http://www.udon-soujyu.co.jp
▼インスタグラム
https://www.instagram.com/suberan_udon/",https://gamemarket.jp/booth/game/5703,ok,7
217,PhantomLab,両日 - C028,一般両日,https://gamemarket.jp/booth/1110,1110,ok,"パズルゲーム創作中心のサークルです。
★2026春「Spot Me Gaffer！スポットミーガファー」
★2025秋「アストライオス：スターライト Astraios:Starlight」
★2025春「ルミナスペルLumina Spell」、「ヘウレーカ！ヘウレーカHeureka 第二版」
★2024秋「オルソノームズ OrthoGnomes」
★2024春「パリンノームズ PalinGnomes」
★2023秋「ドングリシュギ Acornism」
★2023春「オーチャードカルテット Orchard Quartet」
★2022秋「押して参る 強化版 Push Off v2」
★2019春「囮～Monster Decoy」
★2018春「Heúrēka～ヘウレーカ！ヘウレーカ」
★2018春「マモンのトリヒキ Mammon's Bourse」
★2017春「カサネテカエル FroGo」
★2016秋「Mount Olympos オリンポス～頂きに挑む英雄達」
★2016秋「Minos‘ Labyrinth ミノスの迷宮-生贄の姫様と７人の王子-」
★2016春「Astraiosアストライオス～星を導く神々」
★2015春「押して参る Push Off」",https://gamemarket.jp/booth/game/1110,ok,21
218,サークル713,両日 - C029,一般両日,https://gamemarket.jp/booth/2284,2284,ok,"ゲムマ2017秋から、バッティング系カードゲーム「じゃんけんゴリラ」を皮切りに出展。
現在はアクション系ボードゲーム、ファミリー系ボードゲームを主に制作。
2026秋新作は「ゴーストベル」を予定。
2026春は「花粉症バースト」「オンヤクホンヤク」を制作。
2025春に出した「ぺたたきゴリラ」がアークライト・ゲーム賞2025で優秀賞を受賞。
過去にダイソー版「じゃんけんゴリラ」、全国のダイソー各店にて販売中。
既刊「ぴったりバナナ」「ボールロールゴール」「ガーデンライン」「ミープルシェイク」など
終売「ゲットコネクト」「めかくしねんど」「風神レース」「惑星探サイコロ」「三連球」",https://gamemarket.jp/booth/game/2284,ok,18
219,ジゼン-ボードゲーム録-,両日 - C030,一般両日,https://gamemarket.jp/booth/5846,5846,ok,"普段はボードゲームブロガーとして活動しているジゼン-ボードゲーム録-のジゼンと申します。
今回制作側での出展となりますので、ぜひお立ち寄りください。
1作品目『DIVERHOUSE(ダイバーハウス)』2025春発売し、150個完売実績！
2作品目『CGOB(カラーギャングアウトベア)』2025秋発売し、100個販売実績！
最新作『Cheese or Nuts(チーズオアナッツ)』2026春発売に予定！",https://gamemarket.jp/booth/game/5846,ok,3
220,Lotus boardgames,両日 - C031,一般両日,https://gamemarket.jp/booth/3892,3892,ok,"2020年2月から活動開始したボードゲーム制作グループです。
ゲームマーケット2021大阪「１マス先は闇」
ゲームマーケット2022大阪「ゴモクタイル」「うどんどう！」→開催自粛
ゲームマーケット2022春 「Reversialリバーサル」
ゲームマーケット2022秋 「ワードアタック Word Attack」
ゲームマーケット2023春 「タユタイル」
ゲームマーケット2023秋 「クロノスの瞳」
ゲームマーケット2024秋 「ゴモクロク・DIGCODE」
ゲームマーケット2025春 「ウオキャッチャー・ダウジングマイン」
ゲームマーケット2025秋
ゲームマーケット2026春 おやすみ
ゲームマーケット2026秋 「四国市町村ダービー」「サムサ」",https://gamemarket.jp/booth/game/3892,ok,15
221,GrandPrixLife,両日 - C032,一般両日,https://gamemarket.jp/booth/6293,6293,ok,"「GrandPrixLife THE CIRCUIT」は、世界最高峰の自動車レースF1にヒントを得て、世界のサーキットを模して制作したボードゲームです。
F1や自動車レースファンのためのマニアックなゲームではないので、専門的な知識などは知らなくても誰でも気軽に楽しめます。とはいえ、F1のファンであればより楽しくプレイできる要素は、随所に散りばめられています。
2026秋は、これもまたF1をテーマにしたカードゲーム「FinalLap」が登場!
UNOや大富豪のような感覚で、誰もが楽しく遊べるを目指して制作しました。
ぜひGrandPrixLifeのブースにお立ち寄りください。時間があれば試遊がおススメです!",https://gamemarket.jp/booth/game/6293,ok,1
222,フダコマゲームズ,両日 - C033,一般両日,https://gamemarket.jp/booth/2506,2506,ok,フダコマゲームズと申します。名古屋にてアナログゲームの制作を行っております。斬新なデザインがモットー。是非ブースにお立ち寄りください！,https://gamemarket.jp/booth/game/2506,ok,19
223,世紀末Games,両日 - C034,一般両日,https://gamemarket.jp/booth/3349,3349,ok,"2026年春新作は「ゲシュタルトおぢさん」＆
コスメボックス様コラボ作「もじもじアフロ」
▶︎▶︎制作ゲーム一覧
「ゲボドバ」「ゲボドバBAR」(2024春)
「こっくりカジノ」「くものすごろく」(2024秋）
「メガネをクイッとするゲーム」(2024春)
「Fradinate」(2023秋）
「ゴフンコフン」（2022秋）
「スシノロ！」（2019秋）",https://gamemarket.jp/booth/game/3349,ok,12
224,Fika Table,両日 - C035,一般両日,https://gamemarket.jp/booth/6785,6785,ok,"ゲムマ2026秋、新作2作品を販売します！
■『ゼンコウテイ』
皇帝の答えを、どんな言葉でも全力肯定！
「それも褒めるの!?」が飛び出す、笑えてちょっと嬉しいコミュニケーションゲーム。
■『ぼくのほそ道』
3人の言葉をつなげて五・七・五に。
偶然生まれる名句・迷句からお題を当てる、協力型川柳クイズゲームです。
裏切り者が紛れ込む「かげのほそ道」も楽しめます。",https://gamemarket.jp/booth/game/6785,ok,2
225,みさき工房,両日 - C036,一般両日,https://gamemarket.jp/booth/1155,1155,ok,最近はメイドが主役のボードゲームの製作に命かけてます。,https://gamemarket.jp/booth/game/1155,ok,9
226,スパイラル,両日 - C037,一般両日,https://gamemarket.jp/booth/2382,2382,ok,"「らなとぱぱ」のらなちゃんは学校で忙しいから、新しい同人サークルを作りました。
２０２５年秋ゲームマーケットで第１作品のリリースします：ウィザーズ・ショーダウン
デザインはI Was Gameの上杉・真人
イラストはママダ・ユスケ",https://gamemarket.jp/booth/game/2382,ok,2
227,操られ人形館,両日 - C038,一般両日,https://gamemarket.jp/booth/1373,1373,ok,「やればやるほどもっと面白いゲームを」をテーマに、新しいゲーム製作に取り組んでいます。プレイヤー同士の色濃いやりとり、繰り返し遊べる奥深さ、新しい感動をお楽しみ下さい。,https://gamemarket.jp/booth/game/1373,ok,27
228,大誠光,両日 - C039,一般両日,https://gamemarket.jp/booth/6419,6419,ok,,https://gamemarket.jp/booth/game/6419,ok,2
229,Twinship,両日 - C040,一般両日,https://gamemarket.jp/booth/5747,5747,ok,"一人用箱詰めパズルゲームを制作しています。
国際パズルデザインコンペティション2022受賞作『Twinship』と、
国際パズルデザインコンペティション2025受賞作『Fudge』が一押しです。
●『Twinship』：特別価格2000円。複数色用意しています。
●『Snake Pit』：3500円。
●『Fancy Form』：3500円。
●『Fudge』：2000円。
●『Unique 5x4』：2000円。
●『Quick Wit』：1500円。
●【New】『Tomoe』：3500円。
●【New】『Toguro』：3500円。",https://gamemarket.jp/booth/game/5747,ok,8
230,みすかとつか,両日 - C041,一般両日,https://gamemarket.jp/booth/5551,5551,ok,"社会人数人でやっているサークル。ゲムマ2024秋から初めてボードゲームを制作・出展し、今回（2026年5月）は3作目となる新作ができました！
●ねこだけは！
国王軍と魔王軍が森で決戦を始めようとしている。でも知ったことじゃない。
守るべきは、逃げ遅れた1匹の「ねこ」だけ...！
このゲームで許されているのは、カードの位置と向きを少し変えることだけ。しゃべってはいけません。見た情報を言葉で伝えることは禁止されています。
「あの人、なんであのカードをそこに動かしたんだろう？」
仲間の""動き""だけを手がかりに、まだ見ぬカードの正体を読み解いていく。もどかしくて、でも噛み合った瞬間はたまらなく気持ちいい。そんな協力ゲームです。
『ザ・クルー』や『ボムバスターズ』のような、言葉を使わずに仲間と通じ合うゲームが好きな方に、特におすすめ。全11段階の「救出レベル」を収録しているので、2人でも、5人でも、初心者から遊び慣れた方まで、1箱で長く楽しめます。
●過去作もブースで販売します！",https://gamemarket.jp/booth/game/5551,ok,4
231,おっぽゲームズ,両日 - C042,一般両日,https://gamemarket.jp/booth/4059,4059,ok,おっぽゲームズは、一緒に遊んで仲良くなれる楽しいゲームを作ります！,https://gamemarket.jp/booth/game/4059,ok,9
232,根性論大好き委員会,両日 - C043,一般両日,https://gamemarket.jp/booth/3975,3975,ok,パッション溢れるゲーム作り＆販売（パッション抜きのオプションもございます）。,https://gamemarket.jp/booth/game/3975,ok,9
233,ごみ国際,両日 - C044,一般両日,https://gamemarket.jp/booth/3108,3108,ok,"【サークル紹介】
Good Gaming の生産者です。
広島を拠点に活動しています。
ゲームマーケット当日の取り置き予約はこちらから
【作品一覧】
＜新作＞
・🆕
『ことりぱーち』
(2026年春｜名古屋ボードゲーム楽市フレッシュドラゴン大賞2026・一次審査通過)
・🆕
『Snowball snowball』
(2026年春)
＜準新作＞
・
『STORM IN A TEACUP』
(2025年秋｜完売)
・
『Naja naja』
(2025年秋)
・
『PHILOSOPHER'S ANT』
(2025年春)
・
『BACON andEGGS』
(2025年春｜名古屋ボードゲーム楽市フレッシュドラゴン大賞2025・大賞受賞｜完売)
＜過去作＞
・
『ｶｷﾞｭｳｶｸｼﾞｮｳ-Snail Antennae-』
(2024年秋)
・
『Cowlien 新版』
(2024年秋)
・
『Zombie Photo～ギネンザツエイ～』
(2024年春｜名古屋ボードゲーム楽市フレッシュドラゴン大賞2024・特別賞受賞)
・
『Cowlien』
(2023年秋)
・
『あひる湯』
(2023年秋｜増刷しました！)
・
『Ziegen jagen!』
(2023年春｜名古屋ボードゲーム楽市フレッシュドラゴン大賞2023・大賞受賞)
・
『エラー・ネット・サーフィン』
(2023年春)
・
『クモのイト』
(2022年秋)
・
『眠れない夜の色』
(2022年秋)
・
『プラナリズム』
(2021年春｜完売)
・
『deadly ring game』
(2019年春)
・
『choose』
(2019年春｜完売)
【通販】
・
通販(BOOTH)はこちらから",https://gamemarket.jp/booth/game/3108,ok,17
234,群悠,両日 - C045,一般両日,https://gamemarket.jp/booth/6786,6786,ok,怪獣たちが豪快に激突するボードゲーム、【災獣】を販売しています。,https://gamemarket.jp/booth/game/6786,ok,1
235,茶々屋,両日 - C046,一般両日,https://gamemarket.jp/booth/6181,6181,ok,【キメラアート】うろ覚えが生む、はちゃめちゃイラストが楽しいお絵かきパーティゲーム！人物やキャラのお題に対し、頭、目、口などのパーツに分かれて、それぞれが透明なキャンバスに描き、最後に重ねて1つのイラストにして当ててもらいます。,https://gamemarket.jp/booth/game/6181,ok,4
236,636GAMES,両日 - C047,一般両日,https://gamemarket.jp/booth/2410,2410,ok,"「636GAMES」と書いて「ロッサムゲームス」と読みます。
サイバーパンク×エリアマジョリティの重量級対戦ゲーム『カワサキネオンギャングスタ』
魔法学校の先生になる中量級協力ゲーム『Discipline～ジェレミア魔法学校の3年間～』
を中心に、しっかり遊べて物語性を感じられるゲームを頒布します。
設定資料集やグッズもあります。",https://gamemarket.jp/booth/game/2410,ok,13
237,fofofofo games,両日 - C048,一般両日,https://gamemarket.jp/booth/6231,6231,ok,,https://gamemarket.jp/booth/game/6231,ok,3
238,Grow-Roots,両日 - D001,一般両日,https://gamemarket.jp/booth/3988,3988,ok,"Grow-Rootsです。
ゲーム業界の現役メンバーでアナログゲーム制作をしております。
名称の由来は【根っこから「遊び」を育てる】ことを理念としております。
本当に面白い遊びを、遊びの根幹から考えていくことをこれからも目指してまいります。",https://gamemarket.jp/booth/game/3988,ok,2
239,ステラナビス,両日 - D002,一般両日,https://gamemarket.jp/booth/6787,6787,ok,"1人用ゲームを作っているステラナビスです。
ゲームマーケット2026秋初出展！
星々をめぐる旅のような、いろんな世界を遊べるゲームを作っていきます🌠",https://gamemarket.jp/booth/game/6787,ok,1
240,Miyabi Lab,両日 - D003,一般両日,https://gamemarket.jp/booth/4695,4695,ok,何回遊んでも違った楽しさに出会えるボードゲームを制作します！！,https://gamemarket.jp/booth/game/4695,ok,11
241,MINIMALOOP,両日 - D004,一般両日,https://gamemarket.jp/booth/5002,5002,ok,"シンプルなカードゲームで誰とでもすぐに遊べるゲームを作っています。
是非お立ち寄りください！",https://gamemarket.jp/booth/game/5002,ok,2
242,だんじり協奏曲,両日 - D005,一般両日,https://gamemarket.jp/booth/5575,5575,ok,"ゲームマーケット2026春に初出展いたします！
2026春では、
・デッキ構築 x チキンレースゲーム「MINIMUM JOURNEY（ミニマムジャーニー）」
・エンジンビルド x 周遊ワカプレ「我廻る、故に我あり（I Revolve, Therefore I Am）」
を頒布いたします！
ぜひ、「ゲーム一覧」からご覧ください",https://gamemarket.jp/booth/game/5575,ok,5
243,SALTY STUDIO,両日 - D006,一般両日,https://gamemarket.jp/booth/4112,4112,ok,"アナログゲーム制作サークル
「SALTY STUDIO」
です。
カードゲームを主体に、
今のところほぼ一人で運営しています。
「体験を主体に置きながら、シンプルな味付けで勝負する」
をテーマに企画・開発しています。",https://gamemarket.jp/booth/game/4112,ok,0
244,Boardbull Games,両日 - D007,一般両日,https://gamemarket.jp/booth/3492,3492,ok,"京都のボードゲーム好きグループです！！
「SneakerHeads」人気が高い競り 系のゲーム
人気ブランドのスニーカーを上手に立ち回り競り落とせ！駆け引きによるジレンマが醍醐味のゲームとなっています！！
「FAIND YOU!!」バッティング 系のゲーム
ピザ屋にピザゾンビが発生！ピザゾンビに見つからないように上手くかくれ続けることを目指すゲームです。",https://gamemarket.jp/booth/game/3492,ok,0
245,natriumlamp games,両日 - D008,一般両日,https://gamemarket.jp/booth/2657,2657,ok,"次の出展はゲームマーケット2023秋！！出展に向けて準備しております。
見て、さわって楽しいゲームを作っています。",https://gamemarket.jp/booth/game/2657,ok,7
246,ボボン・ボン・ボジワーイ連邦,両日 - D009,一般両日,https://gamemarket.jp/booth/2633,2633,ok,"好きなことを好きなだけ。
それが面白くてみんなも楽しめればもっと良いなあ",https://gamemarket.jp/booth/game/2633,ok,19
247,chotdog,両日 - D010,一般両日,https://gamemarket.jp/booth/6788,6788,ok,,https://gamemarket.jp/booth/game/6788,ok,1
248,ミスボドゲームズ,両日 - D011,一般両日,https://gamemarket.jp/booth/1543,1543,ok,"ミスボドゲームズは、""日常にちょっとしたミステリーを"" をテーマにボードゲーム、マーダーミステリー、謎解き等を制作しております。",https://gamemarket.jp/booth/game/1543,ok,19
249,タマゴスイッチ,両日 - D012,一般両日,https://gamemarket.jp/booth/6369,6369,ok,"TAMAGO Switch（タマゴスイッチ） は、今回が2回目のゲームマーケット出展です。
“アイデアのタマゴ”を、手に取れるワクワクする遊びへスイッチする——
そんな想いで生まれました。
《ご用意ゲーム》
・HEROU 〜ゴミを拾う。それヒーローの仕事だろ？〜
・オモイからもらって？〜いま、何トン？ 想いの押しつけあいバトル〜
・ひろう
・どうぶつさがそ！
その他新作もご用意しています！
どれも「楽しく笑顔になれるゲームを作りたい」という思いから生まれたボードゲームです。
ふらっと覗きに来てくるだけでも大歓迎です！
どうぞお気軽に遊びに来てください！",https://gamemarket.jp/booth/game/6369,ok,9
250,#NyaGO,両日 - D013,一般両日,https://gamemarket.jp/booth/5444,5444,ok,"🐾 NyaGO（ニャーゴ）ブースへようこそ！
“日常にわくわくと癒し” をお届けする猫ボドゲ専門店
NyaGO
が、さらにパワーアップして帰ってきました。今回も売上の一部を
野良猫支援へ寄付
します。
＜出展内容＞
今回は新作を加え、
計6つのボードゲーム
を販売します。
■ゲームマーケット取り置き予約フォーム：
リンク
■オンライン販売サイト：
リンク
■ゲーム詳細：
リンク
🐾
あなたの街のニャージェント
☆新作☆
Bad Guysを捕まえるため、ゴールを目指して街（マップ）を駆け抜ける、4匹の猫エージェント。
最速で飛び込むか、寄り道してミッションを稼ぐか
——進み方は、あなた次第。
あみだくじのような道に、ルート棒を一本。
置く場所しだいで、近道にも、遠回りにもなる。
自分のために置き、相手に仕掛ける。
秘密の抜け穴で先回りし、スペシャルカードで形勢をひっくり返す。
誰がどのゴールを狙っているのかは、誰にも教えない。
最速がいつも正解とは限らない、ちょっとしたたかで、ちょっと猫らしい競争ゲーム。
さあ、どう走る？ どこで寄り道する？
・人数：２人～４人
・時間：２０分~
・対象：９歳以上
🐾
Mystery Nyaseum ~ニャージアムの秘密~
☆準新作☆
「ニャージアム」で待ち受けるのは、命を懸けた究極の心理戦。
カードをめくり、色を揃えて龍を封印できるか──それとも命を削られるのか。
ブラフ×駆け引き×勇気、10分で決着する、ドラマチックカードゲーム！
・人数：２人～４人
・時間：１０分~
・対象：９歳以上
🐾
ニャンてこった！
事故直後、突如として現れた猫たち。彼らはあなたと行動を共にし、ときに運命を左右する存在となる。 プレイヤーにはそれぞれ“主義（大切にしたい価値観）”が割り振られ、それを満たすことが勝利への鍵に。
猫の好感度を上げつつ、自らの信念を貫けるか？ サバイバル × 猫 × 生き方—— 価値観が交錯する、まったく新しい“選択”体験型ボードゲーム。
・人数：２人～５人
・時間：４０分~
・対象：１４歳以上
🐾
マジメにふざけろ！LEGEND COUNSELING
☆コラボ☆
悩んでいた気持ちが、ゲームの終わりにはふっと軽くなり、仲間との距離もぐっと縮まる。
偉人たちの言葉をきっかけに、ゲームを通して自然と自己開示ができる──
「悩みを打ち明けることの大切さ」に気づいた、スクール30歳の仲間たちによって生まれたこのゲーム。
そんな想いに共感したNyaGOがコラボし、
“猫好きな偉人たち”を新たに加えた特別版ボードゲームをリリース！
・人数：３人～６人
・時間：１５分~
・対象：１２歳以上
🐾
ツンデレック
カードをめくってスコアを競おう！お題に沿ってカードをめくり、ポイントを獲得するシンプルなゲームです。
「ツン」と「デレ」の2種類のお題がメインとなっており、小さなお子さまからご年配の方まで、幅広い年齢層で楽しめます。 簡単なルールながら、奥深さも感じられる工夫が満載です！
・人数：２人～５人
・時間：２０分~
・対象：７歳以上
🐾
巡り猫
舞台は、猫たちがのびやかに暮らす小さな町。そこへ集まったのは “ネコ愛” にあふれるプレイヤーたち。魚形のエサコマをそっと並べ、きらりと光るアイテムカードでひと押し。
猫が「にゃん」と振り向く、その一瞬のときめきは――誰のもの？
運命のネコは、待つだけじゃやってこない。ひらめきと優しい駆け引きで、あなたの腕の中へ招き入れて。
・人数：２人～５人
・時間：４０分~
・対象：７歳以上
ご来場を心よりお待ちしています！",https://gamemarket.jp/booth/game/5444,ok,5
251,東京ゲームメイカーズ,両日 - D014,一般両日,https://gamemarket.jp/booth/2379,2379,ok,"東京を拠点とするゲームクリエイター集団です。
ゲームマーケット2026年秋の新作は『会社王』『ジャックと探偵 -完全犯罪版-』です。
＜主な作品＞
●東京ゲームメイカーズ：タイムトランクマン / エレメンタルトランクマン / ドラゴンダッシュ / ジャックと探偵 / DCR（ダーティーチートレーシング） / グリフォンダッシュ / 天国と地獄～ワンナイト大富豪～ / はっと、ハット",https://gamemarket.jp/booth/game/2379,ok,7
252,ぜいきんであそぼ,両日 - D015,一般両日,https://gamemarket.jp/booth/5994,5994,ok,"政治家になりきって汚職の快感を味わおう！！
『ぜいきんであそぼ』
4〜5人 ／ 90〜120分 ／ 15歳以上
世界観・テーマ
ここは、上っ面だけ民主主義の利権国家。何度も叫ばれた政治改革はすべて「改革ごっこ」に終わり、市民はとっくに政治への期待も怒りも失った。政治家たちはもはや公益のためではなく、己の野望を満たすためだけに動いている。
本作はそんな腐敗した議会を舞台に、プレイヤー全員が政治家となって汚職・交渉・法案操作を駆使してのし上がる、交渉型マルチプレイヤーゲームです。
制作にあたって議会傍聴・政治家への取材・複数回のテストプレイを経て設計されており、風刺表現を含むフィクション作品です。
ゲームの構造
4ラウンド（プレイヤーの任期4年に対応）を通じて、3つの得点源を同時に追いかけます。
①所持金額（300 BANにつき1pt）
②汚職の量（手持ち＆使用済の有色の汚職カードから計算）
③野望の達成
この3軸のバランスをどう取るかが本作の中核的な意思決定です。
3種類のカードが生み出す相互干渉
汚職カード（52枚）・法案カード（56枚）・野望カード（15枚）の三系統が複雑に絡み合います。
汚職カードは色で役割が分かれており、赤（法案操作系）・黄（資金移動系）・緑（汚職カード操作系）の有色カードは得点源になる一方、無色カードは得点にならない代わりに強力な効果を持ちます。
「不祥事隠蔽」は自分のターン以外でも発動できる唯一の防御カード。「負の遺産」は保有しているだけで-2ptという罰則カード。カードの引き方・持ち方・使い方の選択が得点に直結するため、手札管理が重要な技術になります。
法案カードは毎手番の「公務」フェーズで必ず1枚使用しなければならない強制アクションです。
場に常時6枚が公開された状態で並んでおり、教育（A）・福祉（B）・交通（C）・議員報酬（Z）の社会パラメータを1〜9の範囲で変動させます。
どの法案を誰がどのタイミングで通すかが交渉の核心になります。
【交渉ルールの設計】
本作の交渉には明確なルールがあります。
・取引は必ず手番プレイヤーを介した公開の場でのみ成立し、非手番同士の密約は禁止。
・所持カードや野望の内容について嘘をついてもよく、次ターン以降の約束は守らなくてかまいません。
・一方、開示した汚職カードは必ず効果を使用しなければならない。
この「嘘はOK、開示したら強制」という非対称な縛りが、情報の出し方そのものを駆け引きの道具にします。
【社会パラメータと野望の連動】
野望カードは得点計算時のゲーム終了時点での社会パラメータや資金状況を条件とするものが多く、「教育パラメータが7以上」「ABCパラメータのうち2つを4〜6に収める」といった目標を達成すると3〜6ptを得ます。
プレイヤーの行動が積み重なってパラメータが変動し続けるため、終盤に向けて「誰の野望にとって都合のいい状態か」を読み合う展開が生まれます。
ラウンド終了後の手番順は所持金額の多い順で決まるため、資金を多く持つことには優先手番の確保という副次的な価値もあります。
【逆説的な協力構造】
自己利益の最大化が勝利条件でありながら、社会パラメータは全プレイヤーの行動が積み重なって動くため、野望達成のために他者と利害が一致する局面が必然的に生まれます。
汚職ゲームのはずが、条件次第では協調行動が合理的になる——この設計上の逆説が、単純な妨害合戦では終わらないゲーム体験を作っています。",https://gamemarket.jp/booth/game/5994,ok,0
253,-Ceedボードゲーム部,両日 - D016,一般両日,https://gamemarket.jp/booth/5840,5840,ok,"【リニューアル版】スタートアップがモデルとなった「起業家たちの思惑」を販売いたします。
プレイを通してプレイヤー自身が起業家となり、スタートアップ企業の世界を疑似体験できます。
戦略と運が絡み合う起業の世界で先見の明を発揮し勝利を目指しましょう！",https://gamemarket.jp/booth/game/5840,ok,1
254,Cool Games Manufacturing Ltd.,両日 - D017,一般両日,https://gamemarket.jp/booth/5922,5922,ok,,https://gamemarket.jp/booth/game/5922,ok,0
255,トリガーゲームズ,両日 - D018,一般両日,https://gamemarket.jp/booth/3077,3077,ok,"ワクワクの「トリガー」を引く、トリガーゲームズです。
2026秋では新作の反射神経×判断力、「ドッチモ！」を販売します。",https://gamemarket.jp/booth/game/3077,ok,6
256,Red i Games,両日 - D019,一般両日,https://gamemarket.jp/booth/2710,2710,ok,"【Red ℹ︎ Games】2018.6.18設立 Cafe&Bar Kalabarのボードゲームサークル""Back""メンバーから発足した、カラバル自主製作ボドゲチーム 主な作品…【雷轟】 【Cross×Clover】【影ヤドリ】【Risk of Drug】【ひつじのあくま】【雷轟‐天鐘‐】【ミケのかいだん】【エルヴンポーカー】【バスケットリテ2on2】",https://gamemarket.jp/booth/game/2710,ok,17
257,ピースギルド - PaixGUILD,両日 - D020,一般両日,https://gamemarket.jp/booth/2263,2263,ok,広告業界で働くメンバーで結成。広告・エンタメ・マーケティングの仕事を面白くゲームにする！をモットーにゲーム制作に取り組んでいます！最近はトリテ没頭サークル！,https://gamemarket.jp/booth/game/2263,ok,16
258,ヤマダさんち,両日 - D021,一般両日,https://gamemarket.jp/booth/5632,5632,ok,"謎解き、ボードゲームを作成して販売しております。
ゲームマーケット2024秋から活動を始めております。
過去作：Missing Bride～消えた花嫁～（謎解き）【チャック横丁】",https://gamemarket.jp/booth/game/5632,ok,7
259,ケンチCUBE,両日 - D022,一般両日,https://gamemarket.jp/booth/5855,5855,ok,"建築ボードゲームを制作しています
難しく思われがちな""建築”
そんな建築を誰でも簡単に遊べるボードゲームです",https://gamemarket.jp/booth/game/5855,ok,1
260,HLKT工房,両日 - D023,一般両日,https://gamemarket.jp/booth/1245,1245,ok,クスリと笑えるようなゲームを作っていきたいです。,https://gamemarket.jp/booth/game/1245,ok,30
261,ゲーム工房カコムタク,両日 - D024,一般両日,https://gamemarket.jp/booth/4753,4753,ok,"関西出身ボドゲ制作グループ🍵みんなで卓を囲んで笑い合えるアナログゲームを作っています。
👨‍👨‍👧‍👦ナレーター、映像ディレクター、デザイナーなどそれぞれ本業の傍ら活動中！代表作『偏見プロフィール』",https://gamemarket.jp/booth/game/4753,ok,6
262,Amateru,両日 - D025,一般両日,https://gamemarket.jp/booth/6461,6461,ok,"ゲームマーケット2026春ではTOWAI完売しました！
増刷して2026秋にのぞみます。お手に取っていただけたら嬉しいです。",https://gamemarket.jp/booth/game/6461,ok,1
263,タロ大・島研究室,両日 - D026,一般両日,https://gamemarket.jp/booth/5074,5074,ok,「Shima Games Lab.」(@Shima_Games_Lab)と「タロ大」(@tarodai_ac_jp)の合同ブースです！,https://gamemarket.jp/booth/game/5074,ok,14
264,百可舎（ひゃっかや）,両日 - D027,一般両日,https://gamemarket.jp/booth/6122,6122,ok,"三重県津市でボードゲームを広めるためイベントや販売をしている「百可舎（ひゃっかや）」です。
オリジナルゲーム『サイコロ・スピリッツ』を制作したので、それを販売いたします。
・11月23日（日）のみ
・販売のみ
・ブース番号：Q27",https://gamemarket.jp/booth/game/6122,ok,0
265,azb.studio,両日 - D028,一般両日,https://gamemarket.jp/booth/2285,2285,ok,,https://gamemarket.jp/booth/game/2285,ok,1
266,カワサキファクトリー,両日 - D029,一般両日,https://gamemarket.jp/booth/1258,1258,ok,"◆同人ゲームサークル「カワサキファクトリー」です。
2003年より創作ゲーム活動を開始し、ライトユーザー向けゲームからヘビーユーザー向けゲームまで、幅広い作風でゲームを作っています。
◆ヤポンブランド立ち上げ～中期にかけて海外にゲームを出展し、これまでにのべ１１タイトルが発売されました。
◆代表作
▽フェアプレイカードゲーム賞２位を受賞した「R-ECO」（米Z-man、独Amigo、他）
▽アークライト社switch games「クイズいいセン行きまSHOW！」
▽同人作品「ギシンアンキノトウ」
▽同「ルールの達人」
ここ数年は２人用ゲームに力を注いでいます。職場で同僚と、休日に友達や恋人と、家では親子で、気軽に遊んでいただけるゲームを多数そろえて、皆様のお越しをお待ちしております！",https://gamemarket.jp/booth/game/1258,ok,26
267,4〇4,両日 - D030,一般両日,https://gamemarket.jp/booth/6789,6789,ok,,https://gamemarket.jp/booth/game/6789,ok,0
268,日本机戦連盟&計陣事務所,両日 - D031,一般両日,https://gamemarket.jp/booth/4230,4230,ok,架空伝統ゲーム「机戦（セッカイク）」をはじめとして、架空世界ファイクレオネのボードゲームなどの情報を日本にお伝えします。アイル共和国文化省後援。（という設定）,https://gamemarket.jp/booth/game/4230,ok,11
269,まぜまぜクラブ,両日 - D032,一般両日,https://gamemarket.jp/booth/6790,6790,ok,基本ルールで確実に遊べて、選択ルールを組み合わせればその場に合った楽しさが生まれる。まぜまぜクラブは、そんなボードゲーム/カードゲームをつくっています。,https://gamemarket.jp/booth/game/6790,ok,1
270,アトランティスゲームズ,両日 - D033,一般両日,https://gamemarket.jp/booth/5605,5605,ok,"HLKT工房のDVDパッケージ専門レーベル「アトランティスゲームズ」です。
DVDパッケージに入るコンパクトなゲームをお届けいたします。",https://gamemarket.jp/booth/game/5605,ok,4
271,HoF GAMES,両日 - D034,一般両日,https://gamemarket.jp/booth/5261,5261,ok,"はじめまして！「HoF GAMES」です！
”マジめにかわいいボードゲーム”をテーマに作っています！！通販もBOOTHサイト行っております。よろしくお願いします！
制作ゲーム：
2024春『UMA!! ｳﾙﾄﾗﾐﾗｸﾙｱﾄﾞﾍﾞﾝﾁｬｰ!!』『アメのちクモり時々ヒョウ』
2024秋『ももんがぁ』
2025春『カツオドリのおどり』
2025秋『VSクレイジーピッチングオクトパス』
2026春『アルマジき悪だくみ』",https://gamemarket.jp/booth/game/5261,ok,7
272,シラフゲームズ,両日 - D035,一般両日,https://gamemarket.jp/booth/5102,5102,ok,"”最初から最後まで、手が震える。”
タマスモ（TAMASUMO）
新作初登場！🥚
”一手の罠で世界がひっくり返る。”
メクリアン（Mecrian）
初登場！👽
”勝つほど混乱。笑いが止まらない地獄の宴。”
パニックパニック（Panic Panic）
初登場！😵‍💫",https://gamemarket.jp/booth/game/5102,ok,9
273,新ボードゲーム党 販売部,両日 - D036,一般両日,https://gamemarket.jp/booth/1323,1323,ok,,https://gamemarket.jp/booth/game/1323,ok,17
274,遊べるBARアグロ,両日 - D037,一般両日,https://gamemarket.jp/booth/6791,6791,ok,,https://gamemarket.jp/booth/game/6791,ok,1
275,たむがや組,両日 - D038,一般両日,https://gamemarket.jp/booth/4054,4054,ok,"個性強めなメンバーでボードゲームつくってます。
気づけばゲムマ参加は2024年春で7回目になります。時が経つのははやいなぁと思いつつ、まだまだ頑張っていく所存。",https://gamemarket.jp/booth/game/4054,ok,6
276,ディレクティングマップ,両日 - D039,一般両日,https://gamemarket.jp/booth/6516,6516,ok,地図会社が作ったボードゲーム【迫れ！サイガイ防衛隊】を販売！,https://gamemarket.jp/booth/game/6516,ok,1
277,gatto nero,両日 - D040,一般両日,https://gamemarket.jp/booth/5104,5104,ok,"gatto nero（ガットネロ）は黒猫という意味です。
黒猫好きのアートディレクターがゲーム制作をしています。
人の個性、感情、深層心理、オカルトなどをテーマにしたゲームを制作しています。",https://gamemarket.jp/booth/game/5104,ok,9
278,きたこしちゃんねる,両日 - D041,一般両日,https://gamemarket.jp/booth/4564,4564,ok,"ボードゲームVTuberきたこしちゃんねるのブースです。
ボドゲ紹介や参加型配信、ボードゲームが好きな人同士で集う場所です。
・VRChatにボドゲが遊べる【きたこしちゃんねるVR店】があります
・東方Projectの二次創作ボードゲームの制作企画をしています",https://gamemarket.jp/booth/game/4564,ok,5
279,ロココGAMES,両日 - D042,一般両日,https://gamemarket.jp/booth/6215,6215,ok,"ロココGAMESは、遊ぶ前からワクワクして、遊んだあとも話したくなる。
そんな時間をつくるボードゲームブランドです。",https://gamemarket.jp/booth/game/6215,ok,2
280,魔王より強い奴に会いに行く,両日 - D043,一般両日,https://gamemarket.jp/booth/5555,5555,ok,おばけキャッチが好きです。遊び相手をいつも探しています。,https://gamemarket.jp/booth/game/5555,ok,0
281,ゴールドシーオッターゲーム,両日 - D044,一般両日,https://gamemarket.jp/booth/6557,6557,ok,"ゲームマーケット2026秋｜両日 D044・試遊あり
2026年10月17日（土）・18日（日）／幕張メッセ
ゴールドシーオッターゲームから、ファンタジーと推理の2作品をお届けします。
▶ 会場受け取りの予約はこちら
販売作品
僕らのサーガ｜会場価格 4,500円
スマホアプリ「僕らのサーガ」をボードゲームにリメイク！
英雄・兵士・装備を組み合わせ、盤面のリソースを取り合って戦う、ファンタジーのボードゲームです。
作品紹介を読む（note）
エッグサイン｜会場価格 2,000円
星座カードの効果を使い、相手の伏せ札3枚を読み解く、2人用の対戦型推理カードゲーム。
キャラクターたちと、論理と心理の駆け引きを楽しめます。試遊アプリも制作中です。
作品紹介を読む（note）
取り置き予約
当日のお受け取りを希望される方は、事前予約をご利用ください。
予約締切：10月16日（金）23:59
※予定数に達した場合は、その時点で受付を終了します。
取り置き期限：10月18日（日）14:00まで
受け取り場所：ゴールドシーオッターゲーム【両日 D044】
取り置き予約フォームを開く
前回ご購入いただいた方へ
前回購入者向けに、アップデート版を
各作品、差額1,000円
で販売します。
・僕らのサーガ アップデート版：1,000円
・エッグサイン アップデート版：1,000円
※それぞれの作品を前回ご購入いただいた方が対象です。
当日はブースで「前回購入しました」とお声がけください。スタッフがその場で確認します。
取り置きは、上の予約フォームで「前回購入者向け」をお選びください。
各日先着40個｜旧エッグサイン プレゼント
①
対象のお品書き投稿
に、
いいね＋リポスト
② 当日【D044】へお越しください。
※来場者限定・当日会場でのお渡しです。各日40個に達し次第終了します。
※配布するのは旧版です。販売するアップデート版とは異なります。
※商品予約によるプレゼントの取り置きはできません。
初めての方も、ぜひ試遊にお立ち寄りください！
最新のお知らせは
X（@goldseaotter）
で発信しています。",https://gamemarket.jp/booth/game/6557,ok,0
282,IRIS GAMES(アイリスゲームズ),両日 - D045,一般両日,https://gamemarket.jp/booth/6792,6792,ok,"「人を繋ぐ虹(アイリス)となれ」をモットーに活動する、
ボードゲーム製作サークルです。
代表作：「テセウスのパーティ」シリーズ",https://gamemarket.jp/booth/game/6792,ok,2
283,スタジオ・カヤノナカ,両日 - D046,一般両日,https://gamemarket.jp/booth/4895,4895,ok,「百合」をテーマの中心に据え、キャラクター・世界観に拘ったゲームを製作していきます。,https://gamemarket.jp/booth/game/4895,ok,7
284,MaCOP1『WOLF and PIGS』,両日 - D047,一般両日,https://gamemarket.jp/booth/6793,6793,ok,"福岡大学からMaCOP GaMES始動！
学生の発想と遊び心で誰かの「楽しい時間」をつくる。ボードゲームの可能性を広げていきます！
『WOLF and PIGS』
“３匹のこぶた”がすごろく鬼ごっことして登場！！勝つか負けるかは、運と戦略次第、、！",https://gamemarket.jp/booth/game/6793,ok,0
285,MaCOP 「シグナル」 「その案件ウチのです!!」,両日 - D048,一般両日,https://gamemarket.jp/booth/6794,6794,ok,,https://gamemarket.jp/booth/game/6794,ok,0
286,MaCOP3,両日 - D049,一般両日,https://gamemarket.jp/booth/6795,6795,ok,,https://gamemarket.jp/booth/game/6795,ok,0
287,MaCOP4,両日 - D050,一般両日,https://gamemarket.jp/booth/6796,6796,ok,,https://gamemarket.jp/booth/game/6796,ok,0
288,まみむめもりー,両日 - D051,一般両日,https://gamemarket.jp/booth/6431,6431,ok,"ゲームマーケット初出展です。
GM2026春では初製作の『霧の郵便屋』を持っていきます。",https://gamemarket.jp/booth/game/6431,ok,1
289,しくじり工房,両日 - D052,一般両日,https://gamemarket.jp/booth/5114,5114,ok,"副業NGの会社員4人が立ち上げた『しくじり工房』は、
しがらみゼロ、利益ゼロ、
本気度だけは100%。
嫌われたって良い。
議論が生まれる作品
であれば。
笑われたって良い。
誰かにとって、
最高に刺さる作品
であれば。
たった一人でも良い。
誰かにとって、
深く心に刻まれる作品
であれば。
『しくじり工房』が創るのは、
『話題作』ではなく、
『問題作』。
ド派手に
“しくじり覚悟”。
──そして今回、
3×3の空間で価値を構築する
トイレ建築ゲーム
を出展。
全身全霊の💩ゲーで、
2026春のゲムマ
『アタオカ大賞』
に挑みます。",https://gamemarket.jp/booth/game/5114,ok,0
290,遊飲チャンネル,両日 - E001,一般両日,https://gamemarket.jp/booth/4080,4080,ok,"遊飲チャンネルです！
作品
2026秋 新作「砂時計は裏返す」
2026春 準新作「ヒットアンドウィン」
2025秋 「ホリホリスト」
2025春 「DIEダイス」
2024秋 「ウィーアーゴッヅ」
2024秋 「動道巡り」
2024春 「フーダントリック」
2023秋 「紙ペンデュエル」
2023秋 「ハリハリダッシュ」
品切れ
2023春 「ミラテル」
2023春 「はい取レター」
品切れ
2022秋 「ツヴァイクロイツ」
2022春 「異世界アキンド」
品切れ
2022春 「ミラクルベジタブル」
2021秋 初自作「アドテール」
2021秋 「サイコロだけ雀」
品切れ
通販
https://yunochannel.booth.pm/",https://gamemarket.jp/booth/game/4080,ok,16
291,遊告,両日 - E002,一般両日,https://gamemarket.jp/booth/6797,6797,ok,,https://gamemarket.jp/booth/game/6797,ok,0
292,ORTHODOX COMPANY,両日 - E003,一般両日,https://gamemarket.jp/booth/1304,1304,ok,,https://gamemarket.jp/booth/game/1304,ok,0
293,ジョイアブル,両日 - E004,一般両日,https://gamemarket.jp/booth/2337,2337,ok,"全員がデザイナーという異色のチーム「ジョイアブル」です。「楽しい」を提供することをモットーに、ゲーム制作をしております。
【制作した作品】
・ドロケイBAR（終売）
・ドロケイBAR 再捜査版（終売）
・注文の雑な客（終売）
・ネカねと〜ネカマでネトゲやって何が悪い〜（終売）
・シャンパッパーティーナイト
・ゆるすぎお茶会
・シャンパッパーティーナイト〜夏だぜ！〜
・ドール工房と気まぐれな魔女
・シャンパッパーティーナイト〜ブチアゲMAX〜
・少年って呼ぶお姉さんのゲーム",https://gamemarket.jp/booth/game/2337,ok,12
294,合同会社HENTSUKU,両日 - E005,一般両日,https://gamemarket.jp/booth/6798,6798,ok,,https://gamemarket.jp/booth/game/6798,ok,0
295,ムーブ,両日 - E006,一般両日,https://gamemarket.jp/booth/3891,3891,ok,"ボードゲームインフルエンサー『ムーブ』です！
YouTube
の活動だけでなく、ボードゲーム制作もしています！
ゲームマーケット2026春では新作
「おばけのかえりみち」
と
「スタックサーカス」
を販売します！
〇現在販売中のボードゲーム
わん！
・・・UNO系カードゲーム
ベジタブルポーカー
・・・役破壊系ポーカーゲーム
ロボファクトリー
・・・心理×セットコレクション
蹴落としジャック
・・・バッティング×すごろく
噓つきシンデレラ
・・・ブラフゲーム
ドレマトペ
・・・かるた系ゲーム
シュヴァインワンド
・・・2人用ババ抜き系ゲーム
〇ネットショップはこちら
BOOTH
BASE",https://gamemarket.jp/booth/game/3891,ok,10
296,ボードゲームショップあそびば,両日 - E007,一般両日,https://gamemarket.jp/booth/5099,5099,ok,"神奈川県藤沢市湘南台にある、ボードゲームショップあそびばです！
ゲームマーケット2026春では『デックローグリロード』を発売いたします！ゲームデザインは「ぬくみ温泉繁盛記」でもお馴染みの工藤さんです。またイラストはなるみちさんが、全てオリジナルでたくさんのカードを描き下ろしてくださいました。何度も遊べるデッキ構築協力ゲームになっていますので、ぜひこの機会によろしくお願いします！
湘南台のあそびばではボードゲームのプレイスペースと販売のスペースがあります。
初の作品は常連様とチームを組んで約1年かけて『SIGN-サイン-』を作成、翌年以降は『クイズすごろくかぶーる』『ぴよぴよキャッチャー』を作成しました！
今年も皆様と一緒にゲームマーケットを楽しめればと思います。
よろしくお願いします！",https://gamemarket.jp/booth/game/5099,ok,6
297,ライデア @lidea_idea,両日 - E008,一般両日,https://gamemarket.jp/booth/4570,4570,ok,"“推し“にやってほしいボドゲ制作チーム「ライデア」
1作目「あの〜、、」2作目「あざとカルタ」3作目「ツンデレカルタ」4作目「ファンサキラー」５作品目「きらめき戦士」
大好評の「あざとカルタ」「ファンサキラー」は全国のハンズさま、LOFTさまなどの店舗やオンラインストアBOOTHにて販売中！",https://gamemarket.jp/booth/game/4570,ok,5
298,ゲームショップとど,両日 - E009,一般両日,https://gamemarket.jp/booth/3444,3444,ok,"高田馬場にてゲーム販売店舗・プレイスペースを運営してます。
ゲームマーケットでは、新作・中古のボードゲーム販売を行います。
在庫処分品などの特価もあります！",https://gamemarket.jp/booth/game/3444,ok,0
299,Liner Note,両日 - E010,一般両日,https://gamemarket.jp/booth/3305,3305,ok,"ゲームマーケット2019秋より参加させていただいております、香港のゲーム制作サークル「ライナーノート」です！
オリジナル異世界RPGプロジェクト【KRADIA】の世界を作りましょ!",https://gamemarket.jp/booth/game/3305,ok,5
300,電大TG研,両日 - E011,一般両日,https://gamemarket.jp/booth/4998,4998,ok,"東京電機大学二部のテーブルボードゲーム研究部です！部活内の有志で参加した部員で、案や意見を出し合いながら日々ボードゲーム制作を行っています。
大学内の部室にて日々活動中です。",https://gamemarket.jp/booth/game/4998,ok,2
301,株式会社Gakken,両日 - E012,一般両日,https://gamemarket.jp/booth/6647,6647,ok,"2026年春、出版社のGakkenがマーケットに初出展いたします。
ドイツ年間ゲーム大賞受賞で話題！OKAZU brand 林尚志氏による
リアルタイム協力ゲーム『食材の多い料理店』を新作ゲームとしてご紹介いたします！
制限時間60秒以内に必要な食材カードを集める、大人から子どもまでみんなで楽しめる協力型パーティーゲーム。
英訳付きで、海外の方とも楽しめます！",https://gamemarket.jp/booth/game/6647,ok,2
302,Matchmakers,両日 - E013,一般両日,https://gamemarket.jp/booth/6799,6799,ok,,https://gamemarket.jp/booth/game/6799,ok,1
303,YouSayProject,両日 - E014,一般両日,https://gamemarket.jp/booth/5292,5292,ok,"NEW!! 新作ボードゲーム『LOVELY GOLEM』
⚙ 強化か―制御か？ 競り落とすか―爆破か？
＜競り × 爆破 × セットコレクション＞
👥 2～4人｜⏰ 15～25分｜7歳～
世界一の科学者を目指して、自分だけの究極のゴーレムを作れ！！
🚀
Kickstarterはこちら！
🎭
マダミス版予約開始！
━━━━━━━━━━━━
🌲
CHILLTIME
👥 2人｜⏰ 35～45分
ダイス × パズル × ピック＆デリバリー
絶景の癒しスポットに、自分だけのロッジを建てろ！
👑
MIDT
👥 2～4人｜⏰ 15分～
足し算・引き算 × カードゲーム
数字を操り、「ちょうど真ん中」を狙え！",https://gamemarket.jp/booth/game/5292,ok,3
304,かがみ知育堂,両日 - E015,一般両日,https://gamemarket.jp/booth/2210,2210,ok,"『戦闘破壊学園ダンゲロス』『ダンジョン＆ダンゲロス』『魔王対戦ブットバクラッシュ』などの架神恭介ワークスです。
『はいどうぞゲーム』『こども商店街 おかいもの大作戦』『10DESU』など、知育系ゲームの「かがみ知育堂」シリーズもあります。",https://gamemarket.jp/booth/game/2210,ok,11
305,イオピーゲームズ,両日 - E016,一般両日,https://gamemarket.jp/booth/2632,2632,ok,"イオピーゲームズです。
2018春「王様の新しい街さいころニュータウン」初出展
2018秋「ハタイロ」（完売）
2019春「カエルの王国」
2019秋「カエルの財宝」
2020春「カエルの神殿」
2021春「太陽と雨と虹」
2021秋「サバンナラッシュ」「TOKYOボブキャブラリー」
2022春「さいころニュータウン Ver.2022」
2022秋「トリテリア」
2023春「花束リボン」「カエルの王国mini」
2023秋「文武天命」「TOKYOもじもじラリーDuel」
2024春「トリテダンジョン」
2024秋「カエルのきょうそう！」
2025春「プラネット・サーキット」「スイーツ・トリック・フェア」
2025秋「賢者の数字」
2026春「アニマリウム」
よろしくお願いします！",https://gamemarket.jp/booth/game/2632,ok,19
306,Null Signal Games,両日 - E017,一般両日,https://gamemarket.jp/booth/6800,6800,ok,,https://gamemarket.jp/booth/game/6800,ok,1
307,クリエイティブＡＨＣ,両日 - E018,一般両日,https://gamemarket.jp/booth/1289,1289,ok,オリジナルカードゲームの販売と試遊。正体隠匿系ゲームが多め。『斯くして我は独裁者に成れり』『ひぐらしのなく頃に－我－』『邪神がこの中にいル』など。,https://gamemarket.jp/booth/game/1289,ok,23
308,MIDI Games,両日 - E019,一般両日,https://gamemarket.jp/booth/6801,6801,ok,米国アリゾナ州で2025年に設立されたMidi Gamesは、ボードゲームの企画・発行・販売を行っています。同社の第一弾となるゲーム『Opium Wars』は、2027年初頭に発売される予定です。,https://gamemarket.jp/booth/game/6801,ok,1
309,Taiwan Boardgame Design,両日 - E020,一般両日,https://gamemarket.jp/booth/1914,1914,ok,"台湾から楽しいゲームをお届けします！
We bring you fun games from Taiwan!",https://gamemarket.jp/booth/game/1914,ok,30
310,歴ボドSHOP,両日 - E021,一般両日,https://gamemarket.jp/booth/6717,6717,ok,"「歴ボドSHOP」では、歴史をテーマにしたボードゲームを販売いたします。
株式会社IED（旧名称：国際通信社）が発行する歴史ボードゲーム専門誌『歴ボド』を中心に、ウォーゲームやシミュレーションゲームなど、幅広く注目作を取り揃えます。歴史モノやウォーゲームが初めて、という人も安心！ ビギナーにも遊びやすい定番作品もしっかりご用意しています。
先行発売もありますのでご注目ください。",https://gamemarket.jp/booth/game/6717,ok,6
311,株式会社ローシス,両日 - E022,一般両日,https://gamemarket.jp/booth/6225,6225,ok,"社会貢献に繋がる、
ハンドメイド生産のカード。
ローシスカードショップの製品づくりには、働きたくても機会に恵まれない方々の「輝ける場所」を創るという想いがあります。
現在は、ご縁のある身近な高齢者や障がいを持つ方々と共に、一つひとつ手作業で生産しています。
この活動の輪が広がることで、より多くの方が社会と繋がり、自分らしく楽しく働ける場を広げていきたいと考えています。",https://gamemarket.jp/booth/game/6225,ok,6
312,こげこげ堂本舗＆まどりや,両日 - E023,一般両日,https://gamemarket.jp/booth/1086,1086,ok,「すしドラ！」を始めとしたカードゲームやボードゲームを製作。システム・テーマにこだわらず【自分の作りたいものを作る】というスタンスで活動しています。,https://gamemarket.jp/booth/game/1086,ok,30
313,すごねこゲームズ,両日 - E024,一般両日,https://gamemarket.jp/booth/6574,6574,ok,,https://gamemarket.jp/booth/game/6574,ok,1
314,リーフクローバー,両日 - E025,一般両日,https://gamemarket.jp/booth/5676,5676,ok,"リーフクローバーです。ものづくりが好きです。
ロボットやプラモデルを良く作ってます。
数年前に縁あってボードゲームで遊ぶ友達が出来てボドゲを作ることになって、そのまま売ることになりました。
色んな人が楽しめるゲームを作れたらと思います、よろしくお願いします。",https://gamemarket.jp/booth/game/5676,ok,1
315,数寄ゲームズ,両日 - E026,一般両日,https://gamemarket.jp/booth/1240,1240,ok,2014年秋からゲームマーケットに出展参加しています。,https://gamemarket.jp/booth/game/1240,ok,22
316,スーパーナンバーワンゲームス,両日 - E027,一般両日,https://gamemarket.jp/booth/1975,1975,ok,"スーパーナンバーワンゲームスは、代表の由利真珠郎が作ったゲームを発表しています。
元祖日本酒ゲームのリメイク「酒魅人」
ボードゲームを作って売るゲーム「スーパーナンバーワンゲームズ」
ラーメン店を経営するゲーム「アキハバラーメン」
TCGのカードイラストを描くお絵描きゲーム「トレカキ」を発売中です。",https://gamemarket.jp/booth/game/1975,ok,5
317,バババ抜き,両日 - E028,一般両日,https://gamemarket.jp/booth/6517,6517,ok,"新デザイン版を全国のLOFTで販売中！
新・旧デザインどちらもBOOTHにてオンライン販売中！
https://333three.booth.pm/items/8372980
詳しくはこちら→https://www.instagram.com/333.three.2025",https://gamemarket.jp/booth/game/6517,ok,2
318,ヤブウチリョウコ,両日 - E029,一般両日,https://gamemarket.jp/booth/3433,3433,ok,"『君のゆるいタロット占いが私を癒してくれるから #ゆる占い フルデッキ版 YuruTarot』
●推しセリフ ～人生で一度は言ってみたいセリフを覚えて叫ぶゲーム ～ 新作！
●オシャレ迷子の私が君の力で大勝利する #イメコンゲーム
●ファッションコーディネートゲーム こんなとき、なに着る？ #なに着る
●ゆらゆらペンギンミニ、小さくなって新登場！
●君のゆるいタロット占いが私を癒してくれるから #ゆる占い
●推しの尊さを語る君と知ったかぶりの私へ ＃推し語り -自分の推しを語ることがゲームになる！
●ゆらゆらペンギン新版 -カードゲーム×バランスゲーム
●ハッピーバースデーケーキ -丸カードを揃えてケーキを作ろう
子供も大人も、親戚とも女子会でも楽しく盛り上がれる！
かわいくてオシャレなゲームをお届けします！",https://gamemarket.jp/booth/game/3433,ok,9
319,ゾーイモーイ,両日 - E030,一般両日,https://gamemarket.jp/booth/4297,4297,ok,ゾーイモーイは小箱ボードゲームを制作している小さなインディーズレーベルです。【ギリシア神話】メドゥーサの敗北／ケルベロスの覚醒／セイレーンの誘惑【SF】タイムマシンの幻想 《 ENGLISH 》 zoemooi is a Japanese indie game designer and self-publisher. [Greek Mythology] The Defeat of Medusa / The Awakening of Cerberus / The Temptation of Siren [Sci-Fi] The Illusion of the Time Machine,https://gamemarket.jp/booth/game/4297,ok,4
320,ジー・モード（みんなで空気読み。）,両日 - E031,一般両日,https://gamemarket.jp/booth/5600,5600,ok,★販売品①「みんなで空気読み 究極の二択」2000円（イベント価格）★販売品②拡張カード「TVゲーム究極の二択」800円（イベント、直販限定）,https://gamemarket.jp/booth/game/5600,ok,3
321,七星工房,両日 - E032,一般両日,https://gamemarket.jp/booth/5440,5440,ok,"「こんなのあったら面白い」を形に。七星工房は、日常の中でふと思いついたネタをボードゲームとして形にするサークルです。
完璧なものより、まずは自分たちが「楽しい」と思えるものを。
失敗も笑いに変えながら、世界に一つだけのゲームをみんなで作り上げる時間を、日々楽しんでいます。",https://gamemarket.jp/booth/game/5440,ok,4
322,WAO,両日 - E033,一般両日,https://gamemarket.jp/booth/5500,5500,ok,ボードゲーム・謎解き制作団体 WAO です。,https://gamemarket.jp/booth/game/5500,ok,8
323,おかっぱ堂,両日 - E034,一般両日,https://gamemarket.jp/booth/6802,6802,ok,"ゲームマーケット初出展‼️
ボードゲーム制作サークル「おかっぱ堂」です！
埼玉県を拠点に友人3人活動しています。
合言葉は「誰もが唱えるｰモウイッカイｰ 」",https://gamemarket.jp/booth/game/6802,ok,0
324,よしの企画,両日 - E035,一般両日,https://gamemarket.jp/booth/3124,3124,ok,"コーギーが好きすぎて、コーギーのゲームを作ってしまいました！
2026春の新作「「ほりほりコーギーは、みつけたい！」新作！」
お互いのお庭を掘り合う、宝探しバトルゲーム。プレイ人数は２人以上無限大？？？
旧作もコーギーもりもりたくさん！
「ねむねむコーギーを、さわりたい！」
「パン？パン？コーギー？？を、みきわめたい！」
「パン？パン？コーギー？？を、みきわめたい！２」
「パン？パン？コーギー？？を、みきわめたい！３」
「どすどすコーギーは、うばいたい！」
「ガンガンコーギーは、ぶつかりたい！」
をよろしくお願いします。",https://gamemarket.jp/booth/game/3124,ok,8
325,株式会社文理,両日 - E036,一般両日,https://gamemarket.jp/booth/6624,6624,ok,"2026年7月発売のカードゲーム、『コトバリエ』の販売＆試遊を実施しています。
語彙力・発想力・コミュニケーション能力を武器に、連想で競います。
子どもから大人まで、たくさん会話しながらワイワイ盛り上がれるゲームです。
ゲームマーケットでの購入に限り特別価格で販売します！",https://gamemarket.jp/booth/game/6624,ok,1
326,NAKED QUALIA,両日 - E037,一般両日,https://gamemarket.jp/booth/4534,4534,ok,美少女系キャラクターを中心としたサクッと遊べるライトなゲームから熟考して長時間遊べるハードなゲームまで幅広く作っています！,https://gamemarket.jp/booth/game/4534,ok,10
327,Jクリエイト,両日 - E038,一般両日,https://gamemarket.jp/booth/6803,6803,ok,,https://gamemarket.jp/booth/game/6803,ok,0
328,Bench Work Tatenui,両日 - E039,一般両日,https://gamemarket.jp/booth/6638,6638,ok,"木工の世界で活動を続けている「Bench Work Tatneui」が 木からインスピレーションを受けボードゲームの制作を始めました。
デジタル化が進み、あらゆるものが効率よく整えられていく時代。
その中で、予定通りには進まない時間や、人と向き合う中で生まれる“揺らぎ”に、あらためて価値を見出したいと考えました。
一作目は、日本の木工技術「組手」をモチーフにした対戦型ボードゲームです。
状況は常に変化し、思い通りには進みません。
その中で、何を選び、どう受け止め、どのように次の一手を紡ぐのか。
ゲームの中の体験を通して、“想定外に向き合う感覚”そのものを楽しんでいただけます。
同じ空間を共有し、同じ時間を過ごすこと。その中で生まれる思考と対話を感じてほしいです。
まだ完成途上の作品ですが、だからこそ立ち上がりの瞬間を、共に感じていただければ幸いです。",https://gamemarket.jp/booth/game/6638,ok,1
329,おもちゃ箱＠療育ゲーム制作部,両日 - E040,一般両日,https://gamemarket.jp/booth/4701,4701,ok,"児童通所支援事業を行う「おもちゃ箱Group」に所属するボードゲーム好きの有志が集まり、基本的には「療育にも活かせそうなもの」を目指し、ボードゲームを作る活動を行っています！
◼️ゲムマ2023春：『猫の手を借りろ』
◼️ゲムマ2024春：『なりきり研究会』
◼️ゲムマ2024秋：『猫の手を借りろ』新ルールブック
◼️ゲムマ2025秋：『PON！』",https://gamemarket.jp/booth/game/4701,ok,3
330,プレーンケーキ,両日 - E041,一般両日,https://gamemarket.jp/booth/4017,4017,ok,～記載内容メンテ中～,https://gamemarket.jp/booth/game/4017,ok,2
331,アラザルゲームズ,両日 - E042,一般両日,https://gamemarket.jp/booth/6804,6804,ok,,https://gamemarket.jp/booth/game/6804,ok,0
332,しばくり,両日 - E043,一般両日,https://gamemarket.jp/booth/1097,1097,ok,"同人漫画とともにアナログゲーム制作を趣味でやっております。
横弥真彦という人間がひとりでやってます。",https://gamemarket.jp/booth/game/1097,ok,5
333,ポンウェイゲームス,両日 - E044,一般両日,https://gamemarket.jp/booth/6805,6805,ok,"ボドゲ好き3人で運営する、2026年生まれのボードゲーム制作チーム！
ゲームマーケット2026年秋はバッティング✖️セットコレクションの「焼肉強食」を販売します！",https://gamemarket.jp/booth/game/6805,ok,1
334,すてきな山,両日 - E045,一般両日,https://gamemarket.jp/booth/4174,4174,ok,"ボードゲーム制作チーム「すてきな山」です。2026春ゲームマーケット 5/23（土）・5/24（日）の両日出展します。
２人用の町づくりタイル配置ゲーム
『BENGARA（べんがら）』
の販売を行います。
ロングセラー作品のトリックテイキング
『ウチューカイギ』
も取り扱っています。",https://gamemarket.jp/booth/game/4174,ok,9
335,Oworks,両日 - E046,一般両日,https://gamemarket.jp/booth/6611,6611,ok,"ボードゲームを開発している3匹、
「Oworks（オーワークス）」
です。
今回お披露目するゲームは
こちら
！",https://gamemarket.jp/booth/game/6611,ok,1
336,もののげーむず,両日 - E047,一般両日,https://gamemarket.jp/booth/6424,6424,ok,"ボードゲームが大好きな大学生が運営する個人サークルです。
既存のボードゲームにはない体験を生み出すことをテーマに制作しています！
ゲームマーケット参加2回目、個人ブースとしては初出展となります！！",https://gamemarket.jp/booth/game/6424,ok,1
337,ルナヴィス,両日 - E048,一般両日,https://gamemarket.jp/booth/2671,2671,ok,"新規TRPGシステムやボードゲーム、クトゥルフ神話TRPGのシナリオなどアナログゲームを全般で制作しています。
＜発行物＞
華麗なる怪盗TRPG「PHANTOMISM」
「刑法ポーカー」
「贋作オークション」
「レコードマイスター」
「社畜TRPGキルボス」
「KILL BOSS the GAME」など。",https://gamemarket.jp/booth/game/2671,ok,8
338,武蔵野大学ボドゲ同好会いるでぃ,両日 - E049,一般両日,https://gamemarket.jp/booth/4805,4805,ok,2023年春・秋ゲームマーケットにて販売を開始した複数任用ボードゲームの再販を行います。3～7人で遊ぶことができるパーティーゲームとなっております。,https://gamemarket.jp/booth/game/4805,ok,0
339,米光ゲーム制作ゼミ,両日 - E050,一般両日,https://gamemarket.jp/booth/6806,6806,ok,"ゲーム作家・米光一成が主宰する
デジタルハリウッド大学「ゲーム制作ゼミ」。
ゼミ19期生から7名が、
「米光ゲーム制作ゼミ」として出展します。
個性あふれる7作品をぜひ遊びに来てください！
ブースでお待ちしております！",https://gamemarket.jp/booth/game/6806,ok,4
340,アナログコレクション,両日 - E051,一般両日,https://gamemarket.jp/booth/5027,5027,ok,ボードゲームYouTube発信🎲大阪を中心に活動。【メンバー】こういち・かんの20代男2人組 主な活動はYouTube•ボドゲ制作•ボドゲ大会 なんでもDMお待ちしてます！！5作目新作『ラクガキカルタ』,https://gamemarket.jp/booth/game/5027,ok,5
341,Lynx Lake Games,両日 - E052,一般両日,https://gamemarket.jp/booth/6621,6621,ok,Formosa Formosa will be for sale at Tokyo Game Market Spring 2026.,https://gamemarket.jp/booth/game/6621,ok,1
342,Axia Creations,両日 - F001,一般両日,https://gamemarket.jp/booth/5602,5602,ok,"Axia Creationsは、ボードゲーム製作事業をメインとした団体です。
何回でも遊べるゲーム創りをモットーに、ゲーム製作を行なっています。
まだまだ駆け出しですが、たくさんの人に楽しんでもらえるゲームを生み出していきます。",https://gamemarket.jp/booth/game/5602,ok,1
343,高橋書店,両日 - F002,一般両日,https://gamemarket.jp/booth/6807,6807,ok,初出展！！！「手帳は高橋」でおなじみの、高橋書店のボードゲーム制作チーム「TAKAHASHI PLAY LAB」です！面白そうだったので、ボードゲーム作ってみました！,https://gamemarket.jp/booth/game/6807,ok,2
344,無電GAMES,両日 - F003,一般両日,https://gamemarket.jp/booth/4502,4502,ok,,https://gamemarket.jp/booth/game/4502,ok,0
345,GOTTA2,両日 - F004,一般両日,https://gamemarket.jp/booth/1293,1293,ok,"「ゲームで作るより良いコミュニケーション」 ゲームのお仕事関係全般承ります。
まずは気軽にメール【contact-web★gotta2.jp】でご連絡下さい! ※お問い合わせは★を@に変えてお願いします
制作/製造/販売/カフェ運営してます。
GOTTA2公式サイト
GOTTA2GAMESの最新情報はこちら
オンラインショップ
新作も続々！
GOTTA2CAFE
ボードゲームカフェはこちら
ゲームス Twitter
ボドゲカフェ Twitter
GOTTA2_TV(Youtube)",https://gamemarket.jp/booth/game/1293,ok,18
346,くまねこ堂,両日 - F005,一般両日,https://gamemarket.jp/booth/5514,5514,ok,アナログゲームを制作している「くまねこ堂」です。ゲームデザイン・イラストなど、くまねこが担当しております。シンプルだけど奥深く、何度やっても楽しめるようなゲームを作っています。,https://gamemarket.jp/booth/game/5514,ok,9
347,専修大学生田ボードゲーム研究会,両日 - F006,一般両日,https://gamemarket.jp/booth/6808,6808,ok,,https://gamemarket.jp/booth/game/6808,ok,0
348,いろどる,両日 - F007,一般両日,https://gamemarket.jp/booth/5862,5862,ok,"2人用対戦ゲーム「シマエナガだんご」を2026春のゲームマーケットで販売決定！
試遊スペースもありますので、ぜひ遊びにきてください！
土曜 F14でお待ちしております！",https://gamemarket.jp/booth/game/5862,ok,2
349,おばけパズル,両日 - F008,一般両日,https://gamemarket.jp/booth/4744,4744,ok,"かわいいのにむずかしい！37ピースで平均2時間半！
しかも かわいさは学会のお墨付き！
< 最優秀賞受賞！>第十回日本感性工学会かわいい感性デザイン賞
おばけパズルは、シンプルで裏表のないおばけの形をした難易度の高いパズルシリーズです。
簡単なモデルでは3歳くらいの小さなお子様から、でも実は、大人の方まで十分お楽しみいただけます。
難しさの秘密は、通常と異なる製法やピースの形にあります。",https://gamemarket.jp/booth/game/4744,ok,11
350,百葉箱,両日 - F009,一般両日,https://gamemarket.jp/booth/5433,5433,ok,"◯百葉箱
ボードゲーム、歌、動画、えほんなど
ジャンルにとらわれず、
さまざまなものを作っています。
YouTubeにてインディー教育番組「
あめのちあれれ？
」公開中。
HPはこちら :
https://ame-arere.com/
◯ 作り手
・toyakun ( X :
@toyakun_arere
)
・とザル ( note :
tozaru
)
・ふうたマン
・今井 泳 ( X :
@ei_a_imai
)
・間宮
・いしかわ",https://gamemarket.jp/booth/game/5433,ok,2
351,LAST CONTINUE,両日 - F010,一般両日,https://gamemarket.jp/booth/3132,3132,ok,"閲覧ありがとうございます！
出品作品は「LINK SIMULATION 」
日を追うごとに、注目度が上がっているLAST CONTINUEの自信作になります！
TwitterやHPにて、進行状況や詳細について随時UPしておりますので、
是非、チェックお願い致します！！
ホームページ
https://lastcontinue.jp/",https://gamemarket.jp/booth/game/3132,ok,8
352,York Game Lab,両日 - F011,一般両日,https://gamemarket.jp/booth/5554,5554,ok,"York Game Labは、教育をテーマにしたボードゲームを制作している団体です。
ミッション：
教育をテーマにしたオリジナルボードゲームの開発
ゲームを通じた教育方法の研究と実践
ゲームを通じて社会貢献！
教育や企業向けのゲーム開発依頼を常に受け付けています
www.yorkgamelab.com",https://gamemarket.jp/booth/game/5554,ok,2
353,racda,両日 - F012,一般両日,https://gamemarket.jp/booth/3981,3981,ok,"racdaは京都を拠点デザイナーによって構成されたデザインチームです。
ゲームの企画からコンポーネントのデザイン、パッケージのデザインに至るまで、その全てをracdaで行なっています。
チェスや将棋に並ぶべく考案されたオリジナルボードゲームを是非お楽しみください。",https://gamemarket.jp/booth/game/3981,ok,2
354,ましうgames,両日 - F013,一般両日,https://gamemarket.jp/booth/2719,2719,ok,"両日参加
気軽に遊べる軽量級ゲームを中心に制作しています。代表作ナルハヤのつるぎ テキパキもぎもぎ インスタントセレブ(Fairy) ダンゴー海賊(Finger pirates)など
https://mashiugames.com/",https://gamemarket.jp/booth/game/2719,ok,21
355,locogame,両日 - F014,一般両日,https://gamemarket.jp/booth/4334,4334,ok,体験を再現するための仕組みをゲームにしています,https://gamemarket.jp/booth/game/4334,ok,10
356,じゃんげーむ,両日 - F015,一般両日,https://gamemarket.jp/booth/5564,5564,ok,"◆ Who is “じゃんげーむ”？◆
「インテリアに馴染む、シンプル戦略」がコンセプト。
日常のすぐそばで、気軽に楽しみと彩りを与えたい想いで、
見た目も中身もシンプルでお洒落なゲームを目指しています。
ゲームマーケットへの出展は、今回で4回連続4回目。
【N-40】で両日お待ちしています！",https://gamemarket.jp/booth/game/5564,ok,3
357,理系ゲームズ,両日 - F016,一般両日,https://gamemarket.jp/booth/4016,4016,ok,"株式会社理系ｇａｍｅｓは, 理系学問をテーマとしたアナログゲームシリーズ・
理系ゲームズ
を制作している会社です！
有機大富豪
有機大富豪は、有機化学のさまざまな反応を身につけられるカードゲームです！
カード片手に有機化学を攻略しちゃいましょう！
詳しくはこちら！
熱力学ワーカーズ
熱力学ワーカーズは、熱力学×すごろく×戦略 の新感覚ボードゲームです。
高校物理の熱力学で扱う「PVグラフ」を舞台に、物理変化を繰り返してエネルギーを稼ぐゲームになっています！
詳しくはこちら！
素数スピード
素数スピードは、算数・数学の基礎となる整数分野の力が身につく素因数分解カードゲーム！
対戦相手よりも早く数を素因数分解しましょう！
詳しくはこちら！
公式HPはこちら！
公式販売サイトはこちら！",https://gamemarket.jp/booth/game/4016,ok,3
358,金沢美術工芸大学,両日 - F017,一般両日,https://gamemarket.jp/booth/6809,6809,ok,,https://gamemarket.jp/booth/game/6809,ok,0
359,くすだまゲーム,両日 - F018,一般両日,https://gamemarket.jp/booth/6810,6810,ok,,https://gamemarket.jp/booth/game/6810,ok,0
360,名古屋芸術大学テーブルゲーム部,両日 - F019,一般両日,https://gamemarket.jp/booth/3525,3525,ok,"名古屋芸術大学のテーブルゲーム部です！
私たちは毎年一個ゲームを作って販売しております！
ルールやデザイン、SNS運用から発注までを全て学生でやってます！
もしよかったら遊びに来てください！",https://gamemarket.jp/booth/game/3525,ok,3
361,ボードスタイル,両日 - F020,一般両日,https://gamemarket.jp/booth/6811,6811,ok,,https://gamemarket.jp/booth/game/6811,ok,0
362,噛まじゅに注文！,両日 - F021,一般両日,https://gamemarket.jp/booth/6812,6812,ok,「噛まじゅに注文！」シリーズを頒布予定です。試遊も可能ですので、どうぞお気軽にお越しください。,https://gamemarket.jp/booth/game/6812,ok,1
363,カードスタンド本舗,両日 - F022,一般両日,https://gamemarket.jp/booth/2983,2983,ok,2018秋、カードスタンド屋として始動。木製サプライ屋を経てゲーム制作に着手。,https://gamemarket.jp/booth/game/2983,ok,1
364,第一薬品産業,両日 - F023,一般両日,https://gamemarket.jp/booth/6813,6813,ok,,https://gamemarket.jp/booth/game/6813,ok,0
365,ペすけっと,両日 - F024,一般両日,https://gamemarket.jp/booth/6814,6814,ok,,https://gamemarket.jp/booth/game/6814,ok,0
366,PLAY OUT,両日 - F025,一般両日,https://gamemarket.jp/booth/6646,6646,ok,,https://gamemarket.jp/booth/game/6646,ok,0
367,IIDAGAMES,両日 - F026,一般両日,https://gamemarket.jp/booth/3977,3977,ok,"#ゲムマ2024春 新作！
【Push your luck!】かものはし探険隊
人気作！
【正体隠匿推理】『SLEUTH THE BOMB (スルースザボム)』
【正体隠匿推理】『CATCH THE BOMBER (キャッチ ザ ボマー)』
【ドタバタアクション】『ハリーガール』
【ダイスロール×正体隠匿】『チーズ泥棒』和訳付き輸入版",https://gamemarket.jp/booth/game/3977,ok,6
368,Dopamine Table Club,両日 - F027,一般両日,https://gamemarket.jp/booth/6815,6815,ok,"Dopamine Table Club（ドーパミン・テーブル・クラブ）は、韓国発のインディーボードゲームチームです。
ゲームマーケット2026秋では、新作『NO MUSH』を出展します。
森の奥深く。
そこには、ノームが大切に育てている2つの秘密のキノコ畑があります。
ノームが眠っている隙に、こっそり森へ忍び込み、最高のキノコを手に入れましょう。
でも、狙っているのはあなただけではありません。
賭けるGEMが少なすぎれば、キノコは他の誰かのもの。
でも、欲張りすぎればノームを起こしてしまいます。
どちらのキノコ畑を狙う？
GEMをいくつ賭ける？
そして、相手はいくつ賭けてくる？
相手の欲を読み、ノームを起こさずにキノコを集める、シンプルだけど悩ましい心理戦ゲームです。
何があっても、ノームを起こさないように……
“NO MUSH!”",https://gamemarket.jp/booth/game/6815,ok,1
369,角落桌遊 (Hearth Corner Games),両日 - F028,一般両日,https://gamemarket.jp/booth/6816,6816,ok,,https://gamemarket.jp/booth/game/6816,ok,0
370,Shinya Ubukata,両日 - F029,一般両日,https://gamemarket.jp/booth/5628,5628,ok,"主に紙ペン・アクションゲームを制作しています。
https://lit.link/shinyaubukata
こちらでPnP版の販売も行っております。
https://coffeagame.base.shop/",https://gamemarket.jp/booth/game/5628,ok,5
371,サイ・コンジャリング,両日 - F030,一般両日,https://gamemarket.jp/booth/3412,3412,ok,"普段はクリーチャーのイラストを描いています。
蓄積する趣味のイラストの公開先として【サイ・コンジャリング】を製作しました。【サイ・コンジャリング】以外にも、比較的ライトなアナログゲームを製作、発表します！
出展作品
【サイ・コンジャリング】 記憶力で戦うTCG風ゲーム 第1弾を改善した第2弾を製作中！
【Reciprocity】 ライトな対戦パズルゲーム 互恵的利他主義を活用し、協力しながら出し抜け！
【キネシスト】 異能力バトル要素を凝縮したゲーム 異能力者を自在にカスタム！地形を破壊！相手の能力を推理！",https://gamemarket.jp/booth/game/3412,ok,6
372,COLON ARC,両日 - F031,一般両日,https://gamemarket.jp/booth/1096,1096,ok,"ボードゲームの開発と製作 COLON ARCです。
ゲームマーケット2015春から個人事業として始めてます。
1年に4－5タイトルほどゲームを出しています。これからも続けていきたいですね。
日本人の作者による新作ゲームや同人ボドゲの旧作のリメイク＋ブラッシュアップをしたのち、出版というのもやってます。
他にボドゲ創作についての相談、持ち込みも受け付けてます。
よろしくお願いします。
弊社より海外で出た弊社製品一覧
・花見小路（EmperorS4（台湾）、KOSMOS（ドイツなど）、IELLO（フランスなど）、Asmodee USA（アメリカなど）など１５カ国以上）
・ヒトトイロ（Happy Baobab（勧告）、EmperorS4（台湾）、Jordan Draper Games（アメリカ））
・みんなでホメロー（Jordan Draper Games（アメリカ））
・トゥーアンリミテッド（Amigo(アメリカ））
他、公開できない状態のがいくつかあります。",https://gamemarket.jp/booth/game/1096,ok,30
373,ゲーム工房ＵＲＡ,両日 - F032,一般両日,https://gamemarket.jp/booth/3071,3071,ok,"新作ゲーム「戦国武将」￥2,000を販売します。「乱戦空域」「戦車撃破章」「連合艦隊」「無音潜航」も販売します。
game.koubou.ura@gmail.com",https://gamemarket.jp/booth/game/3071,ok,5
374,えん堂々,両日 - F033,一般両日,https://gamemarket.jp/booth/6751,6751,ok,,https://gamemarket.jp/booth/game/6751,ok,1
375,「真夜計劃堂」ボードゲーム制作,両日 - F034,一般両日,https://gamemarket.jp/booth/5356,5356,ok,真夜計劃堂(シンヤケイカクドウ)と読みます。よろしくお願いします！,https://gamemarket.jp/booth/game/5356,ok,4
376,はたやまかずや,両日 - F035,一般両日,https://gamemarket.jp/booth/5971,5971,ok,大正・昭和の政局を舞台とした交渉ゲーム「ヒストリーオブ大正昭和」を頒布します。,https://gamemarket.jp/booth/game/5971,ok,3
377,てるたいむまかろん,両日 - F036,一般両日,https://gamemarket.jp/booth/6752,6752,ok,今回初出展です！現在高校２年生で、「モンチョ」というコミュニケーションゲームを作っています！ゲームデザインから何から何まで自分でやってます！良かったら応援お願いします！,https://gamemarket.jp/booth/game/6752,ok,0
378,大日本きぬた連盟,両日 - F037,一般両日,https://gamemarket.jp/booth/4670,4670,ok,八王子・横浜きぬた歯科の看板をモチーフにした神経衰弱を中心に販売します！,https://gamemarket.jp/booth/game/4670,ok,3
379,GGN,両日 - F038,一般両日,https://gamemarket.jp/booth/6152,6152,ok,"ボードゲーム製作や、ボードゲームを使ってのバラエティイベントや舞台公演を開催。
製作ゲームは多岐にわたり、すごろくで家庭菜園をつかさどるみならいたちを育成する「のうかみっ！」や、メニューを覚えて正確に提供する「オーダーパニック」、
14人のバニーガールを一堂に会したバニーガールトランプ「Bunnies 1」など、ジャンルも内容も様々なゲームを製作。
製作ゲームを役者やアイドル、コスプレイヤーなど表現者たちでプレイングするイベント「GGN」も開催中。
新作は、揃えて消して、クリアする王道パズルゲーム「SAKURA rescue!」、そして、54枚のカードで4×4のマスを埋めて、縦横斜めを制覇する「ロテリア」を持ち運びやすいリメイクサイズでお送りします。",https://gamemarket.jp/booth/game/6152,ok,8
380,トタンぼろ屋根,両日 - F039,一般両日,https://gamemarket.jp/booth/6721,6721,ok,"トタンぼろ屋根と申します。自分の理想を詰め込んだゲーム制作をしていきます。
２０２６春が初参加で、「RPBG」を販売しました。
２０２６秋も新作「商店○□」を販売予定です。",https://gamemarket.jp/booth/game/6721,ok,1
381,shootingdesign,両日 - F040,一般両日,https://gamemarket.jp/booth/4052,4052,ok,"世界最小手ボードゲーム『ショットボックス』シリーズ。
32mm×36mm×36mmのサイズ
じっくり1人で取り組み達成感がある
先を予想して戦略的に遊びたい
時に大胆な行動で状況を打破する快感
そんなゲームを用意しております。
その他質問などありましたら
Contact
からお気軽にご質問ください。",https://gamemarket.jp/booth/game/4052,ok,7
382,シキシマ,両日 - G001,一般両日,https://gamemarket.jp/booth/6176,6176,ok,,https://gamemarket.jp/booth/game/6176,ok,0
383,RIEnote,両日 - G002,一般両日,https://gamemarket.jp/booth/6268,6268,ok,"イラストレーター/RIE(リエ)
企業様・個人様歓迎
イラスト、立ち絵、キャラクターデザインの受注を承っております。
ご相談のみでも歓迎いたしますので、お気軽にお声掛けください。
(企業様案件実績有)
・物販予定物
ステッカー各種(300円)
メモ帳(300円)
盛り塩アクスタ(少数)
・オーダースケッチ
ご依頼内容にて価格変動予定
アナログ、デジタル対応
※アナログはスケッチブック、デジタルはiPadなどご持参ください。
イラストオーダー用にゲームマーケット専用チラシ配布します。
気になった方はチラシだけでも貰ってくだされば嬉しいです。",https://gamemarket.jp/booth/game/6268,ok,0
384,NIGHT CIRCUS,両日 - G003,一般両日,https://gamemarket.jp/booth/6177,6177,ok,,https://gamemarket.jp/booth/game/6177,ok,0
385,Yotsuba Kei,両日 - G004,一般両日,https://gamemarket.jp/booth/7043,7043,ok,"今回が初参加です。
「TABINEKOトランプ」を販売します。
各スートごとに、1から13までのカードがひとつの小さなお話になるように描かれたトランプです。
あわせて、以前完売したイラスト本も販売いたします。
ポートフォリオの配布もございますので、よろしければ受けってください。
展示物として、大きめのボードゲームのモックを1点ご用意しています。
細かな内容物まで制作していますので、ぜひ実物をご覧ください。
また、小さめの箱のモックも展示予定です。
こちらは箱のみの展示となります。",https://gamemarket.jp/booth/game/7043,ok,0
386,Atelier Poisson,両日 - G005,一般両日,https://gamemarket.jp/booth/7044,7044,ok,,https://gamemarket.jp/booth/game/7044,ok,0
387,Japon Brand,両日 - G016,一般両日,https://gamemarket.jp/booth/1890,1890,ok,"20年近い海外展開実績！ 世界中の出版社とのコネクション！
Japon Brandは日本のゲームを海外出版社に紹介し、世界中に日本のゲームを広める活動を続けています。
『ラブレター』『街コロ』『タイムボム』の海外展開等、幾多の成功実績があります。
Kizuna会やプレゼン会といったゲームデザイナー向けのテストプレイや交流ができ、作品のフィードバックをもらえるイベントも開催しています。
また慣れない契約交渉で日本のゲームデザイナーが不利益を被らないよう、海外出版社との仲介エージェント業務を行っています。自作ゲームの海外展開やイベントにご興味のある方は、お気軽にお問い合わせください。",https://gamemarket.jp/booth/game/1890,ok,0
388,とらのあな,両日 - G017,一般両日,https://gamemarket.jp/booth/7073,7073,ok,"✨クリエイターの「つくる」を全力応援！とらのあなです！✨
同人誌やオリジナルグッズの委託販売を中心に、みなさまの創作活動をバッチリサポート！
🎲ただいま、ボードゲームの取り扱いを超強化中！🎲
イベント会場からの発送なら、
【送料無料】
でお預かりします📦✨
「初めてで不安…」「委託について相談したい！」という方も大歓迎♪ お気軽にお声がけください！
あなたの自慢の作品、一緒にもっとたくさんの人へ届けませんか？
🎉 とらのあなブースで、みなさまをお待ちしております！ 🎉",https://gamemarket.jp/booth/game/7073,ok,0
389,HS東莞市宏昇印刷有限公司,両日 - G018,一般両日,https://gamemarket.jp/booth/3139,3139,ok,,https://gamemarket.jp/booth/game/3139,ok,0
390,Engraphia,両日 - G019,一般両日,https://gamemarket.jp/booth/7072,7072,ok,,https://gamemarket.jp/booth/game/7072,ok,0
391,Game Storybook,両日 - H001,一般両日,https://gamemarket.jp/booth/6782,6782,ok,"こんにちは！
大阪梅田にある絵本とボードゲームが楽しめる絵本カフェStorybookです。
「Game Storybook」は絵本の世界観とボードゲームを組み合わせ、子どもから大人まで一緒に楽しめる、かわいくて遊びやすいゲームを制作しています。今回は、絵本作家・イラストレーターのCOPECOさんとコラボレーションしたオリジナルボードゲーム「Bake or Break」を中心に展示・試遊を行います。
カフェを舞台に、みんなで協力しておいしいケーキを完成させる、短時間で楽しめる協力型ゲームです。
ブースでは実際にゲームを体験していただけますので、ぜひお気軽にお立ち寄りください！",https://gamemarket.jp/booth/game/6782,ok,1
392,GOTO15（梧桐重吾）,両日 - H002,一般両日,https://gamemarket.jp/booth/5222,5222,ok,"梧桐重吾（ごとうじゅうご）
ゲームブック／トリックテイキング／アブストラクト",https://gamemarket.jp/booth/game/5222,ok,7
393,やんはま＠ダイス本店,両日 - H003,一般両日,https://gamemarket.jp/booth/6753,6753,ok,"各2000円で販売致します。予約なし
01
『シリケツスイジャク』
第二版&第一版
02
『タイプジャン』
美少女×麻雀×ガチャ
03
『シャキーン』
借金押し付けゲーム
04
『ヤミバイト!!』
失敗したら即逮捕
05
『マッハ勇者』
カードマップ×詰将棋
06
『生やけポーカー』
他人が焼いた肉を食う
07
『君の全部わかるもん』
勘でプロフィー帳を作るゲーム
08
『タイプクロス』
公開ドラフトの入門に",https://gamemarket.jp/booth/game/6753,ok,8
394,東大ボドゲサークルWeeple,両日 - H004,一般両日,https://gamemarket.jp/booth/5348,5348,ok,"ゲームマーケット2024春が初出展になります！2026秋は6回目です！
2026秋のゲームマーケットでは4作目となるボドゲ『スナイパーズバトン』を販売します！",https://gamemarket.jp/booth/game/5348,ok,5
395,SAGARAND,両日 - H005,一般両日,https://gamemarket.jp/booth/3752,3752,ok,,https://gamemarket.jp/booth/game/3752,ok,0
396,yunohana,両日 - H006,一般両日,https://gamemarket.jp/booth/5380,5380,ok,"著作減・商標・倫理観のはざまで、大手が出せないだろうグレーゾーンでの
同人しか出来ないカードゲームを作っています。
ぜひ作品数だけはまけないように作っていますので、お気にいるものがあれば嬉しいです。
予約はGoogleフォームから承っていますのでご登録よろしくおねがします。
https://forms.gle/CzdF3ktZhoNZKTjp9",https://gamemarket.jp/booth/game/5380,ok,17
397,ミント缶ゲームス,両日 - H007,一般両日,https://gamemarket.jp/booth/6157,6157,ok,【両ーK72】,https://gamemarket.jp/booth/game/6157,ok,2
398,Colorful board games,両日 - H008,一般両日,https://gamemarket.jp/booth/6754,6754,ok,,https://gamemarket.jp/booth/game/6754,ok,0
399,ツナグヒラク,両日 - H009,一般両日,https://gamemarket.jp/booth/4563,4563,ok,"ツナグヒラクはコミュニケーションの場づくりの専門家・ワークショップデザイナーによるユニットです。
ワークショップ的要素を入れたボードゲームをコミュニケーションゲームとして制作しています。",https://gamemarket.jp/booth/game/4563,ok,13
400,吉川雅彦,両日 - H010,一般両日,https://gamemarket.jp/booth/6583,6583,ok,"ゲームマーケット2026春、初出展です。
『コトバトルネ』を頒布します。ブース名も個人名も吉川雅彦なのでちょっとややこしいですが。",https://gamemarket.jp/booth/game/6583,ok,2
401,あきらメル,両日 - H011,一般両日,https://gamemarket.jp/booth/6570,6570,ok,"好きなゲームは、カタン、ウィングスパン、宝石の煌き(Splendor)、カルカソンヌ、アズールです。
「遊び」と「学び」がつながるゲーム開発を目指しています。
5月24日(日)『チャック横丁』で参加します。
よろしくお願いします。",https://gamemarket.jp/booth/game/6570,ok,1
402,しぽまる屋,両日 - H012,一般両日,https://gamemarket.jp/booth/5188,5188,ok,"はじめまして、しぽまる屋です
世界観を大切にしたゲームつくりを頑張っています
よろしくおねがいします",https://gamemarket.jp/booth/game/5188,ok,6
403,小石皮,両日 - H013,一般両日,https://gamemarket.jp/booth/6155,6155,ok,"戦略ゲームを作りがちですが、製作者の勝率は低めです。
前世で作ったアブストラクトの水晶置換法は、ゲムマ2024秋新作アンケートでアブストラクト部門で1位、総合4位でした！",https://gamemarket.jp/booth/game/6155,ok,2
404,iOGM/Boardwalk,両日 - H014,一般両日,https://gamemarket.jp/booth/1204,1204,ok,"ゲームマーケット2025秋でのブース番号は「S08」で11月22日と23日の両日参加させていただきます。岡山駅前でゲームストアを営業しています。今回もボンサイゲームズ様、IED様、シミュレーションジャーナル様のSLG付専門誌を中心にSLGを販売させていただきます。ご来場の際はぜひお立ち寄りくださいませ。皆様のご来店をお待ちしています。
店舗は岡山駅前でイオンモールも近いので、岡山においでの際は、ぜひ一度お立ち寄りください。
通信販売のアナログゲームショップ、iOGMもご来店、ご利用をお待ちしています。",https://gamemarket.jp/booth/game/1204,ok,19
405,TUC GAME,両日 - H015,一般両日,https://gamemarket.jp/booth/1281,1281,ok,,https://gamemarket.jp/booth/game/1281,ok,9
406,卓上劇場,両日 - H016,一般両日,https://gamemarket.jp/booth/6755,6755,ok,,https://gamemarket.jp/booth/game/6755,ok,0
407,King's Road,両日 - H017,一般両日,https://gamemarket.jp/booth/6495,6495,ok,【キングスロード】デジタルゲーマーとトリテ愛好家に捧ぐゲームを作ってます。,https://gamemarket.jp/booth/game/6495,ok,3
408,Hammer Works,両日 - H018,一般両日,https://gamemarket.jp/booth/1060,1060,ok,Hammer Worksは創作ゲームの個人サークルです。,https://gamemarket.jp/booth/game/1060,ok,22
409,ぴよよ屋さん,両日 - H019,一般両日,https://gamemarket.jp/booth/4546,4546,ok,2026春 P-32 両日（半卓）,https://gamemarket.jp/booth/game/4546,ok,13
410,ネストエコーゲームズ,両日 - H020,一般両日,https://gamemarket.jp/booth/6496,6496,ok,"私たちNestEcho Gamesは、今回初出展となるゲームサークルです。
今回の出展では、
「論理パズル製造所」
論理を組み立てて完成へ導く推理ゲーム
「Suggested?」
スマホやPCの検索機能を使って遊ぶ新感覚ゲーム
の2作品を頒布予定です。",https://gamemarket.jp/booth/game/6496,ok,2
411,深淵サルベージ,両日 - H021,一般両日,https://gamemarket.jp/booth/4966,4966,ok,,https://gamemarket.jp/booth/game/4966,ok,5
412,Gold and Jade Stages沢筠文化,両日 - H022,一般両日,https://gamemarket.jp/booth/6756,6756,ok,,https://gamemarket.jp/booth/game/6756,ok,0
413,斎藤制作所,両日 - H023,一般両日,https://gamemarket.jp/booth/6757,6757,ok,,https://gamemarket.jp/booth/game/6757,ok,0
414,GamersFamily.jp,両日 - H024,一般両日,https://gamemarket.jp/booth/4678,4678,ok,"●アナログゲーム専門サイト「GamersFamily.jp」の出展部門です。
【2026春・新作】『ほくほく山スキップパラダイス』配置パズルと縦横・斜めの交互パターン移動でごちそう集め競争！ スキップして移動距離を伸ばし、おともだちとクラッシュして自分のお好みごちそうにワープ！",https://gamemarket.jp/booth/game/4678,ok,10
415,KAWASE Games,両日 - H025,一般両日,https://gamemarket.jp/booth/6758,6758,ok,,https://gamemarket.jp/booth/game/6758,ok,0
416,猫招キ社,両日 - H026,一般両日,https://gamemarket.jp/booth/6759,6759,ok,"ゲームマーケット初出店の猫招キ社です。
看板商品の「封印もののけめくり」をお届けに参ります。",https://gamemarket.jp/booth/game/6759,ok,0
417,がるがめ,両日 - H027,一般両日,https://gamemarket.jp/booth/5547,5547,ok,,https://gamemarket.jp/booth/game/5547,ok,2
418,@HomePlace,両日 - H028,一般両日,https://gamemarket.jp/booth/6760,6760,ok,LINKSは、遊ぶ・創る・広げるが1つになった次世代トランプゲーム！1セットで様々なゲームが楽しめるうえ、自分だけのオリジナルゲームも作れます。もちろん普通のトランプとしても遊べます。ぜひ体験しに来てください！,https://gamemarket.jp/booth/game/6760,ok,1
419,双天至尊堂,両日 - H029,一般両日,https://gamemarket.jp/booth/1169,1169,ok,"世界の様々なゲームや賭博を色々と調べております。
特に東・東南アジアが好きなので、これら地域のゲームを調査してまとめた、アジアの民間ゲームの本をシリーズで出版しています。
今まで、『①ベトナムの民間ゲーム／②台湾の民間ゲーム／③タイの民間ゲーム／④香港の民間ゲーム／⑤韓国花札・花闘 その歴史と遊び方／⑥フィリピンの民間ゲーム』という本を制作しました。
これらの本では、各地の様々な民間ゲームを豊富な図解入りで紹介しています。
当ブースでは、これらの本と本で紹介されているアジア各地の様々な民間ゲームを販売します。",https://gamemarket.jp/booth/game/1169,ok,1
420,OLIN STUDIO,両日 - H030,一般両日,https://gamemarket.jp/booth/3289,3289,ok,"韓国のボードゲームメーカーOLIN Studioです。
美しくて面白いゲームを作ります。",https://gamemarket.jp/booth/game/3289,ok,9
421,質問型ゲームラボ,両日 - H031,一般両日,https://gamemarket.jp/booth/6761,6761,ok,,https://gamemarket.jp/booth/game/6761,ok,0
422,UNDERDOG GAMES,両日 - H032,一般両日,https://gamemarket.jp/booth/4687,4687,ok,"韓国から「たったプロ」「アクアガーデン」「メイキングBL」など、いろんなボードゲームを出版しています。
システム、アートワーク、テーマ。
完璧なトライアングルを成すボードゲームを厳選しています。
今年はこちらのオリジナル作品でご挨拶します。",https://gamemarket.jp/booth/game/4687,ok,8
423,YODOSHI GAMES,両日 - H033,一般両日,https://gamemarket.jp/booth/4856,4856,ok,"普段はラジオをやってる二人ですが、今回はオリジナルボードゲームを作りました。
２～４人から遊べる、言葉を使った柔軟性あふれるシンプルなカードゲームです！
良かったらチェックしていってください！ よろしくお願いします！",https://gamemarket.jp/booth/game/4856,ok,1
424,八百屋,両日 - H034,一般両日,https://gamemarket.jp/booth/6545,6545,ok,,https://gamemarket.jp/booth/game/6545,ok,0
425,森のボードゲーム,両日 - H035,一般両日,https://gamemarket.jp/booth/6762,6762,ok,,https://gamemarket.jp/booth/game/6762,ok,0
426,2C GAMES,両日 - H036,一般両日,https://gamemarket.jp/booth/6763,6763,ok,"2C GAMESは、
2人で笑えるボードゲームをテーマに立ち上げたサークルです。
ゲームマーケット2026秋にて「はちゃめちゃ宇宙戦争」を初出展。
ポップな宇宙人と、アイテム、強制イベント発生など
一筋縄ではいかないリバーシ風ゲームです。",https://gamemarket.jp/booth/game/6763,ok,1
427,あくあぱっつぁ,両日 - H037,一般両日,https://gamemarket.jp/booth/5244,5244,ok,"ゲムマ2025秋に両日出展します!!
アイドルマスター二次創作ボードゲームを頒布します!",https://gamemarket.jp/booth/game/5244,ok,2
428,レクP,両日 - H038,一般両日,https://gamemarket.jp/booth/6058,6058,ok,,https://gamemarket.jp/booth/game/6058,ok,2
429,SBC,両日 - H039,一般両日,https://gamemarket.jp/booth/5511,5511,ok,2024秋に続き、2度目の出展です。2025春では新作２作品の出展を予定しています。詳細情報は公式Xにて告知していきます。,https://gamemarket.jp/booth/game/5511,ok,3
430,ピグフォン,両日 - H040,一般両日,https://gamemarket.jp/booth/2163,2163,ok,,https://gamemarket.jp/booth/game/2163,ok,4
431,LiNovent（リノヴェント）,両日 - H041,一般両日,https://gamemarket.jp/booth/6764,6764,ok,"(株)エイデックのエンタメコミュニケーション研究ユニット『LiNovent（リノヴェント）』
BGBE2026で完売した『跫～あしおと～』を頒布させていただきます！",https://gamemarket.jp/booth/game/6764,ok,1
432,パタタイカ,両日 - H042,一般両日,https://gamemarket.jp/booth/2950,2950,ok,狂道化(@CrazyClownStr)とじゃが(@potato_man_02)の二人によるデザイナーズコンビ，パタタイカです！,https://gamemarket.jp/booth/game/2950,ok,6
433,Up and Up,両日 - H043,一般両日,https://gamemarket.jp/booth/6607,6607,ok,"「遊び」で自然をもっと身近に。 Up and Upは、創造的な体験を通じて自然との共存を形にするブランドです。
世代を超えて誰もが夢中になれる、最高の笑顔をお届けします！",https://gamemarket.jp/booth/game/6607,ok,6
434,Give＆Gain,両日 - H044,一般両日,https://gamemarket.jp/booth/2050,2050,ok,"「Give & Gain」は新規のカードゲームです。
気軽に遊ぶというよりも、けっこう真剣に遊ぶゲームになりました。
いつか世界大会を開きたいと思ってます。
一緒に「Give & Gain」を盛り上げてくれる人を募集してます。",https://gamemarket.jp/booth/game/2050,ok,0
435,Gold Grain,両日 - H045,一般両日,https://gamemarket.jp/booth/5353,5353,ok,,https://gamemarket.jp/booth/game/5353,ok,3
436,タレるヤ,両日 - H046,一般両日,https://gamemarket.jp/booth/1108,1108,ok,"同人ボードゲーム製作サークル『タレるヤ』です。
「かんたん」「こえだし」「くりかえし」の三本柱をモットーに、関西で活動しています。",https://gamemarket.jp/booth/game/1108,ok,18
437,Nakagawa Hands,両日 - H047,一般両日,https://gamemarket.jp/booth/2814,2814,ok,"個人制作しています。
インタラクション強め、ルール少ないゲームが好きです。
◼︎作品一覧
CMYK新装版 過去作
トリアタマズ
３回折るだけの簡単なゲーム
ワームス
エクストリーム将棋
よろしくお願いします！",https://gamemarket.jp/booth/game/2814,ok,7
438,YU-billiards,両日 - H048,一般両日,https://gamemarket.jp/booth/6765,6765,ok,,https://gamemarket.jp/booth/game/6765,ok,0
439,よんごひんご,両日 - H049,一般両日,https://gamemarket.jp/booth/6618,6618,ok,"■ 購入はこちらから：
BASE
〜脳が混乱する。記憶が裏切る。やればやるほど難しくなる〜
記憶力が試される新感覚ボードゲーム
『よんごひんご』
ルールは超シンプル。なのに……
【やればやるほど難しくなる】！？
その驚きの仕組みを、ぜひブースで体感してください！
【 日曜 T-59 】よんごひんごブース
当日は、パッと目を引く
「浴衣」
で皆様をお待ちしております！
試遊だけでも大歓迎です！日曜日だけの出展となりますので、ぜひ遊びに来てください！",https://gamemarket.jp/booth/game/6618,ok,1
440,如月郵便局,両日 - H050,一般両日,https://gamemarket.jp/booth/6766,6766,ok,"パーティー系のボードゲームを出展する予定です！
『血糖値スパイク！』
食材カードを集めカロリーを摂取し、至れ！！！
カロリーを摂りすぎると血糖値スパイク？
爆食系カロリーバトル！
『邪神招来』
邪教の教祖となり、素材を揃え邪神を招来せよ！対立型招来系バトル！",https://gamemarket.jp/booth/game/6766,ok,2
441,アリウベシ,両日 - H051,一般両日,https://gamemarket.jp/booth/6178,6178,ok,5/23（土）＆24（日）両日出展ブース：P28,https://gamemarket.jp/booth/game/6178,ok,0
442,成蹊ボードゲーム ルスト,両日 - H052,一般両日,https://gamemarket.jp/booth/6767,6767,ok,,https://gamemarket.jp/booth/game/6767,ok,0
443,やすものゲームズ,両日 - H053,一般両日,https://gamemarket.jp/booth/4597,4597,ok,"「もりだくさん & もうたくさん」のやすものゲームズ。
2026年春の新作は「マンドラゴーラウンド」。
一言添えるなら「買え、そして遊べ」だな。
あれだぞ、すげえ面白いはずだぞ。
土日出店だからみんな来るのだ買うのだ。",https://gamemarket.jp/booth/game/4597,ok,13
444,ソロワーズ-将棋&OXゲームの融合,両日 - H054,一般両日,https://gamemarket.jp/booth/6768,6768,ok,,https://gamemarket.jp/booth/game/6768,ok,0
445,創りのアトリエ,両日 - H055,一般両日,https://gamemarket.jp/booth/6769,6769,ok,,https://gamemarket.jp/booth/game/6769,ok,0
446,ネロ型ロボット,両日 - H056,一般両日,https://gamemarket.jp/booth/6770,6770,ok,,https://gamemarket.jp/booth/game/6770,ok,0
447,コタツせかい,両日 - H057,一般両日,https://gamemarket.jp/booth/5249,5249,ok,「コタツせかい」は、日常の中の”ちょっとした場面”をテーマにしたボードゲームを制作するサークルです。身近な体験を遊びに変えて、コミュニケーションが生まれるゲームを目指しています。,https://gamemarket.jp/booth/game/5249,ok,3
448,KERA,両日 - H058,一般両日,https://gamemarket.jp/booth/6771,6771,ok,,https://gamemarket.jp/booth/game/6771,ok,0
449,PBG,両日 - H059,一般両日,https://gamemarket.jp/booth/6772,6772,ok,,https://gamemarket.jp/booth/game/6772,ok,0
450,tanaka-pzkp,両日 - H060,一般両日,https://gamemarket.jp/booth/6773,6773,ok,,https://gamemarket.jp/booth/game/6773,ok,0
451,ボドサロ立川,両日 - H061,一般両日,https://gamemarket.jp/booth/5561,5561,ok,,https://gamemarket.jp/booth/game/5561,ok,0
452,喰産,両日 - H062,一般両日,https://gamemarket.jp/booth/6774,6774,ok,"ルールはカンタン、だけど勝つのはちょっと難しい...
そんなリプレイ性の高いゲームを目指して制作しています。
ゲームフレーバーは基本的に倫理観がなくなりがち。",https://gamemarket.jp/booth/game/6774,ok,1
453,Jack in the Board,両日 - H063,一般両日,https://gamemarket.jp/booth/6775,6775,ok,,https://gamemarket.jp/booth/game/6775,ok,0
454,ゆこる,両日 - H064,一般両日,https://gamemarket.jp/booth/6776,6776,ok,,https://gamemarket.jp/booth/game/6776,ok,0
455,Watch Catch Games,両日 - H065,一般両日,https://gamemarket.jp/booth/6777,6777,ok,,https://gamemarket.jp/booth/game/6777,ok,0
456,灯台登り,両日 - H066,一般両日,https://gamemarket.jp/booth/6778,6778,ok,,https://gamemarket.jp/booth/game/6778,ok,0
457,ピクステラ,両日 - H067,一般両日,https://gamemarket.jp/booth/6779,6779,ok,,https://gamemarket.jp/booth/game/6779,ok,0
458,ヒカリマル製作所,両日 - H068,一般両日,https://gamemarket.jp/booth/5842,5842,ok,"「小さく、美しいゲームを。」
両日H068で出展します。
今回の新作は、式神エンジンビルド×陰陽師能力バトル「ハクスラ陰陽師」！！
倒した妖を裏返して、自分の行動を強化する装備にするか、強力な効果を使える式神にするか。4人の陰陽師と18体の妖で、1億通り以上のビルドが楽しめます！
1〜2人・10〜20分・カード32枚、価格は1,500円です。2人なら共闘から決闘へ、1人でも強大なボスとのバトルが遊べます。
過去作の「アートコレクター-ブラフ&オークション-」「クロスギャラリー-バッティング&オークション-」、謎解きゲームの「ミステリーアートミュージアム」は、予約限定＋若干数のみの持ち込みです。",https://gamemarket.jp/booth/game/5842,ok,5
459,恐竜定食,両日 - H069,一般両日,https://gamemarket.jp/booth/5498,5498,ok,"2023年結成のゲーム制作サークルです。
ゲームマーケット2026春で新作『クラッシュ・コンボ・カンフー！』を頒布します。
よろしくお願いします。
【既存作】対戦ボードゲーム『IGNITER』(2024)",https://gamemarket.jp/booth/game/5498,ok,2
460,三枚研究所,両日 - H070,一般両日,https://gamemarket.jp/booth/6780,6780,ok,3枚だからこそ深い。少ないルールで長く遊べるアブストラクトゲームを研究・制作しています。,https://gamemarket.jp/booth/game/6780,ok,1
461,Hompimpa Games,両日 - H071,一般両日,https://gamemarket.jp/booth/6781,6781,ok,,https://gamemarket.jp/booth/game/6781,ok,0
462,CHAOS 2 ZERO,両日 - N001,一般両日,https://gamemarket.jp/booth/6969,6969,ok,,https://gamemarket.jp/booth/game/6969,ok,0
463,抜刀連打,両日 - N002,一般両日,https://gamemarket.jp/booth/6963,6963,ok,"ゲームマーケット初出展！デッキ構築型電脳カードバトル「抜刀連打」
プレイ人数：2人 対象年齢：10歳以上 プレイ時間：20〜40分
●当日販売物
・「抜刀連打」カードセット 2,000円(税込)
・キャラクターステッカー ランダム1枚200円(税込)
・キャラクターステッカーコンプリートセット 500円(税込)
さらに！「抜刀連打」カードセットをお買い上げいただくと、特典としてキャラクターステッカーとキャラクターのイラストが描かれたポストカードが1枚ずつ付属します！
※特典で付属するステッカー及び、ポストカードはランダムとなります。予めご了承ください。
※ポストカード単体での販売はございません。
※ステッカーのカッティングなどは手作業で行なっているため、多少の個体差がある場合がございます。予めご了承ください。",https://gamemarket.jp/booth/game/6963,ok,0
464,歴史カードゲーム ハイスト,両日 - N004,一般両日,https://gamemarket.jp/booth/4759,4759,ok,"""最強の偉人たちがカードゲームになって復活""
重ねて、召喚。山札を削り切れ。
新時代の
歴史カードゲーム Hi!story (ハイストリー)
です。
▶︎
公式HPはこちら！
最新第8弾 「スタートデッキセット 関ヶ原の戦い 情義の西軍vs歴戦の東軍」
シリーズ紹介
第1弾「スタートデッキセット 平安・鎌倉 vs 幕末・明治」
第2弾「スタートデッキ 室町・戦国」
第3弾「スタートデッキ 岡崎・徳川家康」
第4弾「スタートデッキセット 世界史編 革命のフランスvsイギリス」
第5弾「スタートデッキ 新撰組」
第6弾「日本の歴史 東西決戦」
第7弾「スタートデッキセット 創成の江戸vs改革の江戸」
第8弾「スタートデッキセット 関ヶ原の戦い 情義の西軍vs歴戦の東軍」",https://gamemarket.jp/booth/game/4759,ok,0
465,SANSEKING,両日 - N005,一般両日,https://gamemarket.jp/booth/6970,6970,ok,,https://gamemarket.jp/booth/game/6970,ok,0
466,BLOCK FROG,両日 - N006,一般両日,https://gamemarket.jp/booth/3057,3057,ok,"社会人サークル「クリージェム」です。
東京ゲームマーケット２０１９春にて、当サークルは初参加となります。今回は「カエル」や「ヘビ」と言った動物をテーマに１プレイ５～１０分程の作品を２種類用意しました。
是非、宜しくお願い致します！",https://gamemarket.jp/booth/game/3057,ok,2
467,三省堂,両日 - N007,一般両日,https://gamemarket.jp/booth/6966,6966,ok,,https://gamemarket.jp/booth/game/6966,ok,0
468,Prism Evange,両日 - N008,一般両日,https://gamemarket.jp/booth/6965,6965,ok,"セルフクロスメディアサークル『Prism Evange』主催
アイドル系カードゲーム+原作小説【エンプリス MAGICAL with IDOLS】製作＆展開
「小説家になろう」「ノベルアップ+」にて原作小説も公開中
2026年2月「文学フリマ広島2026」でデビュー
2026年4月「ZINEフェス広島」出展
2026年5月「広島コミケ263」出展
2026年6月「福岡COMIC CITY」出展
2026年8月「TGFF2026」出展及びゲームマーケットデビュー",https://gamemarket.jp/booth/game/6965,ok,1
469,ボケナインＤＸ,両日 - N009,一般両日,https://gamemarket.jp/booth/4845,4845,ok,"福岡県飯塚市で活動している豆たんクラブは、地元の大学生や社会人が集い、エクセル・ワードの勉強やゲームプログラミングを楽しんでいる団体です。
ほぼ毎週月曜日に活動しています。
ＪＲ飯塚駅近くの「ゆめタウン飯塚」のゆめホールで活動しています。
どなたでも気軽に参加できます。一緒に活動しませんか！",https://gamemarket.jp/booth/game/4845,ok,0
470,マイウェイ!!,両日 - N010,一般両日,https://gamemarket.jp/booth/6967,6967,ok,,https://gamemarket.jp/booth/game/6967,ok,0
471,コンポタの森,両日 - N011,一般両日,https://gamemarket.jp/booth/6964,6964,ok,,https://gamemarket.jp/booth/game/6964,ok,0
472,ウッカリイズム,両日 - N012,一般両日,https://gamemarket.jp/booth/6957,6957,ok,"ゲーム制作チーム「ウッカリイズム」です。
ゲームマーケット2026秋（10月17、18両日）に出展・販売予定、
記念すべき一作目は「いっと いちどう にふ よんじゅう三国志」です！
365日昼夜問わずうっかりに余念なし。",https://gamemarket.jp/booth/game/6957,ok,1
473,こうたずわーるど,両日 - N013,一般両日,https://gamemarket.jp/booth/6958,6958,ok,こうたずわーるどちゃんねるブースでは新作カードゲーム『バトルレスキューファイヤーファイター』と『キンぬき』を販売いたします。バトルレスキューカードゲームとは災害をテーマにした、2人プレイ対戦型トレーディングカードゲームです。50枚のカードを組み合わせた『バトルデッキ』を使って災害をしずめて行きます。運も影響する駆け引きで、己の戦略とヒラメキで、勝利を目指します。キンぬきカードゲームとはババ抜きや神経衰弱をベースとした感染対策型新感覚のカードゲームです。,https://gamemarket.jp/booth/game/6958,ok,0
474,ホンネラボ,両日 - N023,一般両日,https://gamemarket.jp/booth/3246,3246,ok,"私（本根康之）が個人的に全札描きおろしデザインし、製作をUSPC社にお願いした、カスタムバイスクル(Playing Cards)トランプを中心に出品します。
どのデックも、滑らかな手触りで、ご家庭での使用はもちろんプロのマジシャンにも満足していただけるかと思います。",https://gamemarket.jp/booth/game/3246,ok,12
475,StellaStudio,両日 - N024,一般両日,https://gamemarket.jp/booth/5293,5293,ok,"TRPG×TCGのカードゲームであるステラコードを作っています！
コミックマーケットとゲームマーケットごとにステラコードの新弾を出していけるように制作しています！",https://gamemarket.jp/booth/game/5293,ok,1
476,CryptoHunter,両日 - N025,一般両日,https://gamemarket.jp/booth/4976,4976,ok,"株式会社クリエイサイエン（creascien.jp）ゲーム事業部。
エリア出店の際は「日本Web3ボードゲーム連合(電脳連合)」、エリア以下で出展する際は「CryptoHunter」でブースを出しています。
＜プロダクト一覧＞
CryptoHunter (クリプトハンター)
> トレカ風のタクティクスコマンドバトルゲーム
> ボードゲームとデジタルゲーム両方展開
> 2~4人 | 30~60分
GOLD DANCES (金は踊る)
> ババ抜き＋正体隠匿のパーティーゲーム
> ビジネスミーム要素強め
> 2~8人 | 15~20分
SNPITCG (スナップトレカ)
> カジュアルトレカ
> 写真撮影ポイ活アプリ「SNPIT」公認グッズとして展開
> 2人 | 5~10分
ZirconHunter (ジルコンハンター)
> CryptoHunterのOEMゲーム（ルール共通）
> KONAMIゲーム協創プロジェクト「PROJECT ZIRCON」から誕生",https://gamemarket.jp/booth/game/4976,ok,5
477,レーンフロンティア,両日 - N026,一般両日,https://gamemarket.jp/booth/6968,6968,ok,,https://gamemarket.jp/booth/game/6968,ok,0
478,大草原製作所,両日 - N027,一般両日,https://gamemarket.jp/booth/2701,2701,ok,"「気軽に、簡単に、何度も楽しめる」をモットーにゲーム製作をしている同人アナログゲームサークルです！
これまで「ギロチン草どりる」のサークル名で活動しておりましたが、2026年秋からは「大草原製作所」という新しいサークル名となります。
よろしくお願いいたします。",https://gamemarket.jp/booth/game/2701,ok,3
479,X-LIVE ONrush!,両日 - N028,一般両日,https://gamemarket.jp/booth/5275,5275,ok,"ゲムマ参加は今回で5回目！
オリジナルTCGの「X-LIVE ONrush! 〜クロスライブ オンラッシュ〜」です！
ボードゲームの派生形として、カードゲームで参戦いたします。
刺さる人には刺さることをお約束いたします！
今回は初心者のために
買ってすぐ遊べる構築済みデッキを
ご準備いたしました。
貸出デッキもご準備しております！
カードゲーマーのみなさんとのガチ対戦もお待ちしております。
ぜひお立ち寄りくださいませ。",https://gamemarket.jp/booth/game/5275,ok,1
480,燕三条TCG匠の守護者,両日 - N029,一般両日,https://gamemarket.jp/booth/6382,6382,ok,,https://gamemarket.jp/booth/game/6382,ok,0
481,プレリコ開発,両日 - N030,一般両日,https://gamemarket.jp/booth/6379,6379,ok,"オリジナルTCG「Players Re:cord」をメインに販売します。
新作ボードゲーム「黒魔術」をよろしくお願いします！！",https://gamemarket.jp/booth/game/6379,ok,3
482,Rising Factory,両日 - N031,一般両日,https://gamemarket.jp/booth/6960,6960,ok,,https://gamemarket.jp/booth/game/6960,ok,0
483,ＩＲＯＨＡ GAME,両日 - N032,一般両日,https://gamemarket.jp/booth/6961,6961,ok,"滋賀県の小さなデイサービスから生まれた、新しいユニバーサルカードゲーム「IROHA CARD（イロハカード）」を初お披露目します！
IROHA CARDの原点は、介護現場で10年以上遊び続けてきた「手作りの段ボールカード」
「年齢や障害の有無に関係なく、みんなが同じテーブルを囲んで笑えるゲームをつくりたい」
そんな想いから、長年の介護現場での経験をもとに、誰でも参加しやすいカードゲームとして製品化に挑戦しました。
特徴は、六角形のカードと、日本の伝統的な色・和柄を取り入れたデザイン。
シンプルな遊び方から、考えるゲームまで、遊ぶ人に合わせて楽しみ方を変えられます。
高齢者も、子どもも、障害のある方も、ゲーム好きの方も。
「できる・できない」ではなく、
気づけば、みんなが一緒に笑っている。
そんな時間を目指して作ったIROHA CARDを、ぜひ会場で実際に触って遊んでみてください！",https://gamemarket.jp/booth/game/6961,ok,0
484,いくたいろ工房,両日 - N033,一般両日,https://gamemarket.jp/booth/6962,6962,ok,"いくたいろ工房です。現在、ハルローグというTCGを制作しています。
ハルローグは白と黒の2種類のカードを組み合わせて戦うカードゲームです。
相手を攻撃して白と黒のバランスを崩すことで勝敗を決めるゲームとなっています。
気になったらぜひ見に来てください！",https://gamemarket.jp/booth/game/6962,ok,1
485,しばいぬくんカードゲーム,両日 - N034,一般両日,https://gamemarket.jp/booth/6956,6956,ok,「しばいぬくんカードゲーム」作：みらいやまさると最強の生活。「しばいぬくんカードゲーム」はTCGブースに両日出展いたします。ゲームマーケットへの出展は初めてですが、いいゲームが作れたのでたくさんの方に遊んで欲しいです。,https://gamemarket.jp/booth/game/6956,ok,1
486,スピマテ制作委員会,両日 - N035,一般両日,https://gamemarket.jp/booth/1860,1860,ok,"「TCG、興味あるけど何を買えばいいか分からない人へ。」
2人分全部入り・2,000円・買った瞬間対戦できます！",https://gamemarket.jp/booth/game/1860,ok,8
487,アニス,両日 - N036,一般両日,https://gamemarket.jp/booth/6959,6959,ok,,https://gamemarket.jp/booth/game/6959,ok,1
488,森Dragon,両日 - P001,一般両日,https://gamemarket.jp/booth/5951,5951,ok,,https://gamemarket.jp/booth/game/5951,ok,0
489,メロンブックス,両日 - P002,一般両日,https://gamemarket.jp/booth/3756,3756,ok,"メロンブックスの委託相談・回収スペースです。
お気軽にお立ち寄り下さい。",https://gamemarket.jp/booth/game/3756,ok,0
490,Im Karton,両日 - P003,一般両日,https://gamemarket.jp/booth/4773,4773,ok,,https://gamemarket.jp/booth/game/4773,ok,0
491,カードスリーブとダイスのTOKYO RELICS,両日 - P004,一般両日,https://gamemarket.jp/booth/7052,7052,ok,,https://gamemarket.jp/booth/game/7052,ok,0
492,幽玄一人旅団,両日 - P005,一般両日,https://gamemarket.jp/booth/5950,5950,ok,"レーザー加工機にて紋様を施した革、木、樹脂など様々な素材を用いてファンタジーの世界に登場しうるデザインのアイテム核種を取り扱っています。
日常のファッション、或いはLARP用の小道具などにお使いください。",https://gamemarket.jp/booth/game/5950,ok,0
493,アナログゲームミュージアム,両日 - P006,一般両日,https://gamemarket.jp/booth/4212,4212,ok,"アナログゲームミュージアム設立準備会です。
アナログゲームミュージアムでは古今東西のアナログゲームを収集し、保存し、研究し、一部のゲームは館内で遊べるようにします。
私たちの元へ皆さんのボードゲーム愛を、夢を、力を寄せていただきたいと考えます。
公式ホームページ",https://gamemarket.jp/booth/game/4212,ok,6
494,EISENFRONT,両日 - P007,一般両日,https://gamemarket.jp/booth/6286,6286,ok,"EISENFRONT（アイゼンフロント）はロボットのミニチュア（フィギュア）を戦わせる戦術テーブルゲームです。
パーツやスキルカードを自由に組み合わせることで自分だけの機体を集めた部隊を出撃させ、メジャーで移動距離や射程を測り、ダイスで攻撃や回避の判定を行ないます。
公式サイト",https://gamemarket.jp/booth/game/6286,ok,0
495,kirinnoxgames,両日 - P008,一般両日,https://gamemarket.jp/booth/6273,6273,ok,"キリンノックスゲームズです！
ゲムマ2026秋ではカードスタンド、ダイスタワーを販売します。",https://gamemarket.jp/booth/game/6273,ok,3
496,小物と雑貨の工房「クリエー鉄」,両日 - P009,一般両日,https://gamemarket.jp/booth/5844,5844,ok,"小物や雑貨を作っている、ハンドメイド作家イッテツの工房です。
ゲームマーケットには、「コマ屋」として出店しています。
いろいろなコマがあって、
ネコ・うさぎ・竜をはじめとするいろいろな「動物のコマ」、
ステンレスの武器や盾を装備した「勇者のネコ」（仲間の戦士や狩人も）、
ステンレスアーマーを装備した「アーマーネコ」などがあります。
コマとしてだけでなく、ミニチュア・マーカー・スタPマーカーとしても☆（←ものによってはキーホルダーにも）
そのほか、トランプモチーフのキーホルダーも販売します♪",https://gamemarket.jp/booth/game/5844,ok,0
497,海中電灯,両日 - P010,一般両日,https://gamemarket.jp/booth/2151,2151,ok,"ハンドメイドダイスがあります！三毛猫・サバ白猫・茶トラ猫のダイスセット、ビールダイス、誕生石ジオードダイス、キャラ作成に便利な身長決めダイス、血液型決めダイス、イメージカラー決定ダイスなど
D10中心に可愛いダイスをたくさん持っていく予定です！",https://gamemarket.jp/booth/game/2151,ok,16
498,Azur Valkyrie,両日 - P011,一般両日,https://gamemarket.jp/booth/7050,7050,ok,,https://gamemarket.jp/booth/game/7050,ok,0
499,Serpent & Sea,両日 - P012,一般両日,https://gamemarket.jp/booth/4666,4666,ok,"TRPGとボードゲーム用の手作りのレジンサイコロです。
TRPG用のサイコロセット、単品のサイコロ、液体コアデザイン、ジオード(晶洞石)デザイン、テラリウムスタイルなど！",https://gamemarket.jp/booth/game/4666,ok,0
500,ドラタコ サイコロ専門店,両日 - P022,一般両日,https://gamemarket.jp/booth/1784,1784,ok,"オリジナルサイコロやメーカー品のサイコロを取扱っています。
・オリジナルサイコロ
・メーカー品サイコロ
・ダイストレイ
・ダイスタワー
・ダイスストラップ
サイコロ関係をお探しの方、是非ドラタコへお越しください。",https://gamemarket.jp/booth/game/1784,ok,15
501,女巫之骰,両日 - P023,一般両日,https://gamemarket.jp/booth/7053,7053,ok,,https://gamemarket.jp/booth/game/7053,ok,0
502,EDAガレージ,両日 - P024,一般両日,https://gamemarket.jp/booth/5926,5926,ok,"5000アイテムのサイコロ取扱いの、EDA ガレージの｢サイコロ市場｣。各種サイコロ販売中。当社オリジナルのおもしろサイコロ多数販売しています。
またご希望のサイコロの制作も行っています。QRコードやロゴのサイコロ制作承ります。お店や自分の宣伝や、ノベルティ、販促物に、いかがですか？ 本日もデザインの相談を承ります。ぜひご来店ください。",https://gamemarket.jp/booth/game/5926,ok,0
503,南阿佐ヶ谷麻雀部,両日 - P025,一般両日,https://gamemarket.jp/booth/2593,2593,ok,麻雀グッズを作ってます！,https://gamemarket.jp/booth/game/2593,ok,0
504,サイコロール,両日 - P026,一般両日,https://gamemarket.jp/booth/2303,2303,ok,"ラセンワークス改めサイコロールと申します。
オフラインセッションにあると便利な折り畳みダイストレイ、
ダイスをたっぷり収納出来るダイス巾着を作成しています。
ハンドメイド品になるのであまり数は用意できませんが種類は沢山持って行きたいのでよろしくお願いします！",https://gamemarket.jp/booth/game/2303,ok,0
505,ねこまた工房,両日 - P027,一般両日,https://gamemarket.jp/booth/3859,3859,ok,"●探索水筒
こちらは「球状のペットボトル」+「革で作ったボトル固定バンド」のセット作品です。
球状ペットボトルは工場から取り寄せた物なので未使用新品でシッカリした物です。
もちろん飲料用の水筒としてご利用いただけます。
本革を利用しているので、その時々で色々な色合いや質感の物があります。
●採鉱管
こちらは「アクリル管」+「革で作った固定バンド」+「コルク栓」のセット商品です。
ガラスを使用していないので軽くて安全です。
六面ダイスが4つ入ります。
●くるみ袋
こちらは「革袋」となります。
巾着状に閉じることで、中身をシッカリと包みます。
ダイスやメダルなどを入れるととても雰囲気が出ます。",https://gamemarket.jp/booth/game/3859,ok,0
506,Reacing Moon,両日 - P028,一般両日,https://gamemarket.jp/booth/2466,2466,ok,大阪市城東区京橋にて店舗営業もしています。ダイス等のゲーム関係のグッズやルールブック販売、プレイスペースを提供しております。,https://gamemarket.jp/booth/game/2466,ok,0
507,ミゴミゴアミーゴ,両日 - P029,一般両日,https://gamemarket.jp/booth/1356,1356,ok,オリジナルダイス、ダイスポーチ、ダイスをモチーフにしたペンダントやケータイストラップなどなど、TRPGで役立つかもしれないグッズを扱っています。,https://gamemarket.jp/booth/game/1356,ok,0
508,クロくま工房,両日 - P030,一般両日,https://gamemarket.jp/booth/1282,1282,ok,"Poker系やネタ系、アルミのダイスやゲーム用のマットなどなどのグッズが8割
その他オリジナルのボードゲームなどを取り扱うサークルです。",https://gamemarket.jp/booth/game/1282,ok,3
509,DeDe Lab.,両日 - P031,一般両日,https://gamemarket.jp/booth/7051,7051,ok,,https://gamemarket.jp/booth/game/7051,ok,0
510,ドラマチック謎解きゲーム,両日 - P041,一般両日,https://gamemarket.jp/booth/1367,1367,ok,"ゲームマーケット×ドラマチック謎解きゲーム
このコマ、知りませんか？
ゲームマーケット会場内を回って遊ぶ、周遊型謎解きゲームです。
受付で冊子を受け取り会場内で情報を得たりチェックポイントで追加情報を受け取ったりしながら、物語のエンディングまで辿りつくアナログゲームになります。
＜ストーリー＞
このコマ、知りませんか？
おそらく何かのボードゲームで使われていたコマだと思います。
コマについて何かご存知の方がいらっしゃいました、どうか教えていただけないでしょうか。
また、一緒に調べてくれる方も探しています。
＜ドラマチック謎解きゲームとは＞
参加者が物語の主人公となり、実際に頭や体を動かしてリアルに散りばめられた謎やパズルを解いていく、体感型のゲームです。 実際に「見て」「動いて」「探して」物語の世界に入り込み、謎を解くことで物語が展開します。 特に、よだかのレコードが作るドラマチック謎解きゲームでは、「物語」を重視した構成と謎で、よりドラマチックな非日常の体験ができます。
よだかのレコードでは新作持ち帰り謎の発売もあります。",https://gamemarket.jp/booth/game/1367,ok,23
511,日本マダミスラボ,両日 - Q009,一般両日,https://gamemarket.jp/booth/7059,7059,ok,,https://gamemarket.jp/booth/game/7059,ok,0
512,ぐだぐだぶとん,両日 - Q010,一般両日,https://gamemarket.jp/booth/4656,4656,ok,"『黒焦げのあなた』は4人で挑む3Dマーダーミステリー。
人里離れた貴族の別邸を舞台に、謎の焼殺事件が発生します。
容疑者の記憶を追体験し、館の中を探索して証拠品を集め、全員で議論して犯人を探し出しましょう。",https://gamemarket.jp/booth/game/4656,ok,4
513,Mutus,両日 - Q011,一般両日,https://gamemarket.jp/booth/7062,7062,ok,,https://gamemarket.jp/booth/game/7062,ok,0
514,日本マーダーミステリー作家協会,両日 - Q012,一般両日,https://gamemarket.jp/booth/6367,6367,ok,日本マーダーミステリー作家協会とは、全てのマーダーミステリー作家のための会です。,https://gamemarket.jp/booth/game/6367,ok,1
515,残花,両日 - Q013,一般両日,https://gamemarket.jp/booth/7065,7065,ok,,https://gamemarket.jp/booth/game/7065,ok,0
516,2Uプロジェクト,両日 - Q014,一般両日,https://gamemarket.jp/booth/4598,4598,ok,"マーダーミステリー制作プロジェクト「2U」
前回に引き続き、5分で仲良くなれるボードゲーム「マイマジョ」を販売いたします。
その他、
初のパッケージ作品となる、マーダーミステリー「相席タクシー」をリリース。
お正月ミステリー「もちろう」や「マイマジョ」の拡張カードなども販売いたします。",https://gamemarket.jp/booth/game/4598,ok,3
517,時すでにミステリー,両日 - Q015,一般両日,https://gamemarket.jp/booth/5185,5185,ok,,https://gamemarket.jp/booth/game/5185,ok,5
518,透明堂,両日 - Q016,一般両日,https://gamemarket.jp/booth/6279,6279,ok,「透明堂」はデザイン、ブランディング会社発のマーダーミステリーレーベル。美しいデザインとリアリティあるロジカルな仕掛け、心動かさせるストーリーで、最高の没入体験を提供します。,https://gamemarket.jp/booth/game/6279,ok,3
519,週末倶楽部,両日 - Q017,一般両日,https://gamemarket.jp/booth/2345,2345,ok,,https://gamemarket.jp/booth/game/2345,ok,0
520,ADICE マーダーミステリー,両日 - Q018,一般両日,https://gamemarket.jp/booth/7064,7064,ok,"アナログゲームレーベル「ADICE」のマーダーミステリー特化ブースです
【Q018】
アソビを転がそう――。「ADICE」（エーダイス）は、「素晴らしい」という意味を持つスラングの「ACE」と、ボードゲームに欠かせないアイテムであるサイコロを意味した「DICE」二つの言葉をかけ合わせた造語です。今回はなんと「ワードジャマー」「マーダーミステリー」「ボードゲーム」の3ブースで出展！こちらのブースではマーダーミステリー作品を中心に展開しております。
詳細はこちら公式サイト：https://adice.vivion.jp/
公式Xアカウント：https://x.com/adice_info",https://gamemarket.jp/booth/game/7064,ok,0
521,ようがくじ「不二の会」,両日 - Q026,一般両日,https://gamemarket.jp/booth/1540,1540,ok,"お寺の文化をボードゲームで再現！
お坊さんが作ったアナログゲーム『おえかきネハンズ』『そもさん？せっぱ！〜プレゼントはどこ？〜』『アンニャーシ！マーラミステリーセット』『おてがる西遊記〜三蔵法師にほめられたい！〜』『盆暮れ正月両彼岸』『WAになって語ろう新版』『御朱印あつめ』『檀家-DANKA-』『浄土双六ペーパークラフト』『花まつり』『拈華微笑』『涅槃』
『アンニャーシ！マーラミステリー』ストーリープレイング『涅槃に入る（ねはんにいる）』
そしてけん玉カードゲーム『ケンカードゲーム』『Kendama Card Battle』『ケンダマンザイ』
ぜひ手にとって、遊んでみてください。
合掌",https://gamemarket.jp/booth/game/1540,ok,19
522,あひるのソワレ,両日 - Q027,一般両日,https://gamemarket.jp/booth/5835,5835,ok,"《謎と物語を楽しむ》ミステリ作品をつくるサークル。
ようこそ、謎と物語の夜会へ。
謎解きを愛する三羽のあひるたちが、ガアガアと作品を作ってお待ちしています。
時に騒がしく、時に言葉少なに。
あなたの手の中で孵化するとびきりのミステリ体験をどうぞ。",https://gamemarket.jp/booth/game/5835,ok,1
523,みかんぷらねっつ。,両日 - Q028,一般両日,https://gamemarket.jp/booth/7060,7060,ok,みかんぷらねっつ。は、星や夜空をモチーフにした物語を中心に制作している、星野みるきの個人サークルです。ゲームマーケット2026秋では、新作2作品を含むマーダーミステリー／ノンマーダーミステリー全6作品を頒布します。,https://gamemarket.jp/booth/game/7060,ok,6
524,acthouse,両日 - Q029,一般両日,https://gamemarket.jp/booth/7061,7061,ok,,https://gamemarket.jp/booth/game/7061,ok,0
525,カメレオン工房,両日 - Q030,一般両日,https://gamemarket.jp/booth/7063,7063,ok,,https://gamemarket.jp/booth/game/7063,ok,0
526,JOKER PROJECT,両日 - Q031,一般両日,https://gamemarket.jp/booth/2691,2691,ok,"たくさんの「こんなことができたらいいな」を実現するため、2016年3月21日設立。
お馴染みの謎はもちろんのこと、ボードゲーム、クイズなどなど「楽しいこと」をたくさんの人へ届けるため、場所を問わず活動しています。
現在茨城県土浦市にて、駅から徒歩5分の場所で常設店舗『謎解き＆ボードゲームカフェ AsoVIVA JOKer』運営中！",https://gamemarket.jp/booth/game/2691,ok,15
527,EGGミステリー倶楽部,両日 - Q032,一般両日,https://gamemarket.jp/booth/5066,5066,ok,福岡でマーダーミステリーを製作しています。オンライン公演「そこには闇がある」、オフライン公演「紅く舞う」「野槌（監修）」、オンラインパッケージ「堕天使の献身」、「健太くんちの消えた高級プリン（健太くんちシリーズ）」、「初めてのマーダーミステリー 犯人はこの中にいる」他,https://gamemarket.jp/booth/game/5066,ok,13
528,goonie cafe,両日 - Q033,一般両日,https://gamemarket.jp/booth/2739,2739,ok,"練馬区江古田のボードゲームカフェです！
ゲームマーケットでは謎解きやマーダーミステリーを中心にオリジナルゲームの販売をしております。
ぜひ遊びにきてください！",https://gamemarket.jp/booth/game/2739,ok,5
529,宵星堂,両日 - Q034,一般両日,https://gamemarket.jp/booth/6267,6267,ok,ロールプレイングに重点を置き、一度遊んでもまだまだ楽しめるマーダーミステリーをリリースしています。マーダーミステリーを原作に小説・グッズなど展開していき将来的にはファンミーティングで痛バを見るのが夢です。,https://gamemarket.jp/booth/game/6267,ok,0
530,あたらしいタブー,両日 - Q035,一般両日,https://gamemarket.jp/booth/5509,5509,ok,"マーダーミステリー制作サークルです。SF要素がありつつ、文章量膨大系の作品を作ります。
第1作「偶像の彫刻」を販売します！",https://gamemarket.jp/booth/game/5509,ok,1
531,イバラユーギ,両日 - Q036,一般両日,https://gamemarket.jp/booth/5944,5944,ok,大阪のマーダーミステリー専門店NAGAKUTSUがマーダーミステリーなどの体験型ゲームを販売！,https://gamemarket.jp/booth/game/5944,ok,0
532,J&J,両日 - S003,一般両日,https://gamemarket.jp/booth/5159,5159,ok,"《5回目の出展》
アナログゲーム制作サークル J＆Jです。
同人オリジナルTRPG 育成RPG『ムゲン』を販売します！
今回は基本ルールブックに加え、追加コンテンツである『拡張ルールブック』も販売予定です。",https://gamemarket.jp/booth/game/5159,ok,4
533,SYNCRYPT開発チーム,両日 - S004,一般両日,https://gamemarket.jp/booth/6977,6977,ok,,https://gamemarket.jp/booth/game/6977,ok,0
534,BASELINE,両日 - S005,一般両日,https://gamemarket.jp/booth/5050,5050,ok,『BASELINE』ではTRPGシナリオの頒布やそれに伴った制作活動を行なっています。,https://gamemarket.jp/booth/game/5050,ok,0
535,FT書房,両日 - S006,一般両日,https://gamemarket.jp/booth/1313,1313,ok,"ゲームブックを中心に、書籍のカタチをしたゲームを制作するグループです。2007年から活動しています。現在の活動の拠点は大阪（枚方）です。
キャッチフレーズは「──想像の、旅に出よう。」
冒険をお届けして、ワクワクする時間を体験していただくことを目的としています。 繰り返し型でない、いちどきりの物語をお届けするために、日々ゲームブックを制作しています。",https://gamemarket.jp/booth/game/1313,ok,0
536,ぽいちゃみんはっと,両日 - S007,一般両日,https://gamemarket.jp/booth/6979,6979,ok,,https://gamemarket.jp/booth/game/6979,ok,0
537,チーム青い花,両日 - S008,一般両日,https://gamemarket.jp/booth/3747,3747,ok,「チーム青い花」は日韓両国の同人TRPGを翻訳・販売およびオリジナルボードゲームの制作を行っております。,https://gamemarket.jp/booth/game/3747,ok,6
538,Freediacomics,両日 - S009,一般両日,https://gamemarket.jp/booth/6982,6982,ok,,https://gamemarket.jp/booth/game/6982,ok,0
539,たむがや組 黒井会,両日 - S010,一般両日,https://gamemarket.jp/booth/6978,6978,ok,たむがや組傘下、TRPG専門サークル黒井会です,https://gamemarket.jp/booth/game/6978,ok,1
540,関東甲殻中枢,両日 - S011,一般両日,https://gamemarket.jp/booth/5180,5180,ok,"TRPGシステム「翔世竜歌」、「灯火と鏡の騎士」、「本懐を遂げよ！」
シナリオ本「天才軍師になろう」、「ストリテラ」、「グランクレスト」",https://gamemarket.jp/booth/game/5180,ok,0
541,KAIZOKU PRESS,両日 - S012,一般両日,https://gamemarket.jp/booth/6554,6554,ok,"海賊プレスです！
東京ゲームマーケット、10月17日～18日『S012』に出店します！
オールドスクールのアメリカ発TRPG
・DCCクイック・スタートルール
・不可思議なダイスなど
歴史×ファンタジーのイタリア発#TRPG
・レックス・アルカナ コア・ルールブック
・スクリーン
・オフィシャルダイス",https://gamemarket.jp/booth/game/6554,ok,0
542,@tigger_maze,両日 - S013,一般両日,https://gamemarket.jp/booth/5123,5123,ok,"見て遊んで飾って楽しい立体迷路や迷路絵本を作っています。
「これが迷路！？」と思うような作品を取り揃えています。",https://gamemarket.jp/booth/game/5123,ok,6
543,マールストロム,両日 - S014,一般両日,https://gamemarket.jp/booth/6981,6981,ok,"【初出展】
海外のTRPGの日本語ローカライズを行っている株式会社マールストロムのブースです。
スウェーデンのドゥームメタル・ダークファンタジーTRPG『MÖRK BORG（ムルク・ボリィ）』の日本語版のルールブックや、英語版公式ストアのグッズなどを販売・展示を行います。",https://gamemarket.jp/booth/game/6981,ok,0
544,青色回遊魚,両日 - S015,一般両日,https://gamemarket.jp/booth/4630,4630,ok,"新クトゥルフ神話TRPG（7版）のシナリオ本を頒布します。
シナリオ担当：みながわやすふみ／此野白
イラスト担当：リュア",https://gamemarket.jp/booth/game/4630,ok,5
545,探索者撲滅委員会,両日 - S016,一般両日,https://gamemarket.jp/booth/5061,5061,ok,新クトゥルフ神話TRPG用シナリオ集を頒布しております。,https://gamemarket.jp/booth/game/5061,ok,0
546,西向く侍,両日 - S017,一般両日,https://gamemarket.jp/booth/5948,5948,ok,CoCシナリオ集、BGM集を扱っています。,https://gamemarket.jp/booth/game/5948,ok,0
547,迫真卓,両日 - S021,一般両日,https://gamemarket.jp/booth/5836,5836,ok,,https://gamemarket.jp/booth/game/5836,ok,0
548,HJ-TRPG,両日 - S023,一般両日,https://gamemarket.jp/booth/6264,6264,ok,"ホビージャパンからTRPGカテゴリーに出展します！
新作マーダーミステリー『６輌の密室～夢の国行きクルーズトレイン～』ほか、TRPG製品を販売します。",https://gamemarket.jp/booth/game/6264,ok,0
549,すずかん書房くろはつ支店,両日 - S024,一般両日,https://gamemarket.jp/booth/4959,4959,ok,,https://gamemarket.jp/booth/game/4959,ok,0
550,さといも牧場と卓上戦術部,両日 - S025,一般両日,https://gamemarket.jp/booth/1942,1942,ok,"ParfaitSTYLE（パルフェスタイル）です。
オリジナルゾンビＴＲＰＧ「ロール・オブ・ザ・デッド」をゲムマで頒布します。
その他、ボードゲームも制作予定。
(今まで「さといも牧場」というサークルで参加してました)
【さといも牧場】
「ゲームマスター響」シリーズなど、ボードゲーム関連の漫画やクトゥルフ神話ＴＲＰＧのシナリオなどを作成しているサークルです。
ポッドキャストも最近始めました「レディオ２D6」",https://gamemarket.jp/booth/game/1942,ok,8
551,文理荘,両日 - S026,一般両日,https://gamemarket.jp/booth/1452,1452,ok,"クトゥルフ神話TRPGのシナリオを中心に頒布しています。ご興味のある方は是非寄ってみてください！
Twitter:@Rynith_
mail:bunrisou@yahoo.co.jp",https://gamemarket.jp/booth/game/1452,ok,1
552,東京電機大学非電源ゲーム部,両日 - S027,一般両日,https://gamemarket.jp/booth/4440,4440,ok,"2022年に設立された東京電機大学鳩山キャンパスの公認団体です！
学生が制作したアナログゲーム・CoC同人シナリオを頒布しています。ぜひお立ち寄りください！",https://gamemarket.jp/booth/game/4440,ok,11
553,クトゥルフアート,両日 - S028,一般両日,https://gamemarket.jp/booth/5952,5952,ok,,https://gamemarket.jp/booth/game/5952,ok,0
554,雑貨店セイラン,両日 - S029,一般両日,https://gamemarket.jp/booth/4637,4637,ok,「let's live like a story」を合言葉に、オリジナルTRPGの開発からセッション開催、同人誌制作まで幅広く活動し、TRPGの世界を自由に楽しむことを目指すサークルです。,https://gamemarket.jp/booth/game/4637,ok,8
555,SANグラス本舗,両日 - S030,一般両日,https://gamemarket.jp/booth/6520,6520,ok,"サークル名：ＳＡＮグラス本舗
出展日：５月２３日
ブース番号：に１５
販売シナリオ本（各１０００円）
クトゥルフ神話ＴＲＰＧ 『姿の無い隣人』
トーキョーＮ◎ＶＡ 『ＴＨＥ ＭＯＴＨＥＲ』",https://gamemarket.jp/booth/game/6520,ok,0
556,珠工房,両日 - S031,一般両日,https://gamemarket.jp/booth/2115,2115,ok,"オリジナルダイスのデザイン・販売をしています
TRPGを盛り上げる、個性的なダイスをそろえています。
自キャラのためのアクセサリーを選ぶように、ダイスを選んでいただけたらと思っています",https://gamemarket.jp/booth/game/2115,ok,2
557,なつのアトリエ,両日 - T010,一般両日,https://gamemarket.jp/booth/6712,6712,ok,"クトゥルフ神話TRPG 6版/7版の新規シナリオ本とそのグッズを頒布致します。
Xにお品書きとシナリオ概要がありますのでぜひご参照ください。",https://gamemarket.jp/booth/game/6712,ok,1
558,まめはた亭,両日 - T011,一般両日,https://gamemarket.jp/booth/6552,6552,ok,"こづ / あむ / 閏 / 其田の4人で活動中のTRPG・マーダーミステリーサークルです。
ゲームマーケット2026春 にてCoC「悪霊のニート」・CoC「焔ののち、まほろば」 ・マーダーミステリー「魔王に勝った夜」の新作シナリオ3本頒布予定！
ぜひお越しください！",https://gamemarket.jp/booth/game/6552,ok,3
559,高海堂,両日 - T012,一般両日,https://gamemarket.jp/booth/6980,6980,ok,,https://gamemarket.jp/booth/game/6980,ok,0
560,peas labo,両日 - T013,一般両日,https://gamemarket.jp/booth/4585,4585,ok,"​うつくしいもの、不思議なもの、ヘンテコなものが好き。
そんな感じのものをよく作ったり書いたりします。
クトゥルフ神話TRPG（6/7th）とエモクロアTRPG中心です。",https://gamemarket.jp/booth/game/4585,ok,6
561,日本語読めない卓,両日 - T014,一般両日,https://gamemarket.jp/booth/4586,4586,ok,日本語読めない卓のブースです。シノビガミのシナリオ本、ボドゲなどを販売します,https://gamemarket.jp/booth/game/4586,ok,0
562,紙コップ卓,両日 - T024,一般両日,https://gamemarket.jp/booth/6159,6159,ok,"紙コップ卓はTRPG・遊戯サークルであり出展では主にクトゥルフ神話TRPGシナリオを頒布しております。
◣◣ クトゥルフ神話TRPG6版シナリオ集頒布 ◥◥
【既刊】
・クトゥルフ神話TRPG非公式シナリオ集
「LIGHT AND DARK」
収録シナリオ
┗Gunshot breaking the silence
┗ラプソディックホテル",https://gamemarket.jp/booth/game/6159,ok,0
563,AlterWald&人生遊戯同好会,両日 - T025,一般両日,https://gamemarket.jp/booth/5459,5459,ok,"両日 人生遊戯同好会 KPきると
日曜日 朱鷺田工房＆人生遊戯同好会 KP朱鷺田祐介 サブKPきると
『人生遊戯同好会』
クトゥルフ神話TRPG(6版)のシナリオ本サークルです！
・ガスライト シナリオ集『14』 4500円
・比叡山炎上✕現代日本 シナリオ集 『肆腳凾』 6000円 (分冊各2000円)
・現代日本 連鎖怪談 1500円
・出せたらドリームランドのカードゲームがあります！
『朱鷺田工房』
クトゥルフ神話TRPG、蜂蜜酒(ミード)、信長の黒い城など？",https://gamemarket.jp/booth/game/5459,ok,0
564,ダイスころころ研究室,両日 - T026,一般両日,https://gamemarket.jp/booth/3456,3456,ok,"ダイスころころ研究室は、TRPG･ボードゲームなどのアナログゲームが好き、創作活動が好きなメンバーによる同人サークルです。
『作る人も遊ぶ人も楽しいゲームライフを』をモットーに活動しています。",https://gamemarket.jp/booth/game/3456,ok,4
565,ヨシダノ卓,両日 - T027,一般両日,https://gamemarket.jp/booth/5496,5496,ok,"【新作シナリオ本】
クトゥルフ神話TRPG
お風呂の温度は1d100℃シリーズ第4弾
『お風呂の温度は絶対零度』
▼1d100℃と『闘う』物語❄️
▼風呂100シ初の『秘匿シナリオ』⁉
▼お風呂の温度は1d100℃なのにエモい🛁
【旧作シナリオ本】
●クトゥルフ神話TRPG『【劇場版】お風呂の温度は1d100℃～忘却の湯船～』冊子版
●クトゥルフ神話TRPG『お風呂の温度は1d100℃・JUDGEMENT』冊子版
●クトゥルフ神話TRPG『ヨシダ村』冊子版
●クトゥルフ神話TRPG『雪月風花萬奇譚』冊子版
【旧作グッズ】
●お風呂の温度は1d100℃・タオル
●ヨシダノ卓スリーブ
●アイドルシノブ・アクリルスタンド",https://gamemarket.jp/booth/game/5496,ok,0
566,サイコロウパル,両日 - T029,一般両日,https://gamemarket.jp/booth/5506,5506,ok,クトゥルフ神話TRPG、オリジナルゲームブック、ソロジャーナル、オリジナルシステム、オリジナルグッズ,https://gamemarket.jp/booth/game/5506,ok,0
567,ミステリーゲームJAPAN,両日 - U001,一般両日,https://gamemarket.jp/booth/7077,7077,ok,,https://gamemarket.jp/booth/game/7077,ok,0
568,体験推理小説,両日 - U002,一般両日,https://gamemarket.jp/booth/5122,5122,ok,"今までになかった体験を！
手がかりの”実物”を調べながら謎を解く＜体験推理小説＞シリーズを中心に展開しています。",https://gamemarket.jp/booth/game/5122,ok,6
569,MOVIE ROCK,両日 - U003,一般両日,https://gamemarket.jp/booth/1729,1729,ok,"当店ではスマホとゲームキットを使って物語の世界へと入り込む『スマホ連動型謎解きゲーム』を販売しています。
会場にお越しの際はMOVIE ROCKのブースへと是非お立ち寄りください。",https://gamemarket.jp/booth/game/1729,ok,11
570,弐人国家,両日 - U004,一般両日,https://gamemarket.jp/booth/2175,2175,ok,"20226春のゲムマでは、謎解き作品盛りだくさんで参加予定です。
『コトバが一切出てこない謎解き』
『ノートにしか見えない謎解き』
『１つのテーマに絞った謎解き』
『昔の謎解きに挑戦できる本』
など、少し風変りなラインナップでお待ちしています！
気になる方は是非どうぞ！",https://gamemarket.jp/booth/game/2175,ok,2
571,持ち帰り謎KINOplans,両日 - U005,一般両日,https://gamemarket.jp/booth/7074,7074,ok,,https://gamemarket.jp/booth/game/7074,ok,0
572,ナゾトキアドベンチャー,両日 - U011,一般両日,https://gamemarket.jp/booth/3508,3508,ok,"謎解きイベント・ゲームの企画制作を行う“ナゾトキアドベンチャー”です。 東京と新潟を拠点に、全国各地で謎解きイベントを開催している他、新潟ではいつでも謎解きが楽しめる常設店舗“ワンダーラボ”も展開。
アニメ・ゲーム作品とコラボすることや、ボードゲームの制作などを行うこともあります。 ブースでは自宅で遊べる謎解きゲームを多数取り揃えておりますので、是非お立ち寄りください！",https://gamemarket.jp/booth/game/3508,ok,2
573,NAZOLIVE,両日 - U012,一般両日,https://gamemarket.jp/booth/7075,7075,ok,"謎解き系VTuber団体【NAZOLIVE】が作った
謎解きを販売いたします！",https://gamemarket.jp/booth/game/7075,ok,3
574,なぞ助,両日 - U013,一般両日,https://gamemarket.jp/booth/6275,6275,ok,謎解きゲーム制作のなぞ助です!ストーリーも楽しめる謎解きをテーマに制作しております！,https://gamemarket.jp/booth/game/6275,ok,6
575,NAZO×NAZO劇団,両日 - U014,一般両日,https://gamemarket.jp/booth/7076,7076,ok,,https://gamemarket.jp/booth/game/7076,ok,0
576,curiosity,両日 - U015,一般両日,https://gamemarket.jp/booth/6546,6546,ok,,https://gamemarket.jp/booth/game/6546,ok,0
577,6ちゃんねる,両日 - Z001,一般両日,https://gamemarket.jp/booth/4044,4044,ok,"【N17】ひさしぶりの一般コーナーです
以下の2作品の試遊＆販売をします。
ポリぱん～警官になって泥棒からぱんつを守るゲーム～
じゃんぱん
イラスト：ぽよよんろっく",https://gamemarket.jp/booth/game/4044,ok,5
578,こっち屋,両日 - Z002,一般両日,https://gamemarket.jp/booth/1166,1166,ok,大阪在住ゲームデザイナー。なかぬきパラダイス、ことりファイト！、きつねスイッチ、ブタバベル作りました。,https://gamemarket.jp/booth/game/1166,ok,30
579,Len brew,両日 - Z007,一般両日,https://gamemarket.jp/booth/7094,7094,ok,"「無界無双無修羅」という対戦ボードゲームを制作しています。
1対1の決闘から、4人での乱戦まで。
「冷徹に、熱闘せよ。」
── あらゆる戦闘作品の読み合いと激突を、卓上に。",https://gamemarket.jp/booth/game/7094,ok,0
580,404号室,土曜 - G006,一般土曜,https://gamemarket.jp/booth/7045,7045,ok,,https://gamemarket.jp/booth/game/7045,ok,0
581,虎茶屋,土曜 - G007,一般土曜,https://gamemarket.jp/booth/5179,5179,ok,百地かげとら 個人サークルです。 普段は獣人キャラクターをメインとした4コマ漫画やグッズ等を制作しています。,https://gamemarket.jp/booth/game/5179,ok,2
582,日刊ハーフリングゥ,土曜 - G008,一般土曜,https://gamemarket.jp/booth/6623,6623,ok,"かわいいイラストあります！
ちっちゃくてかわいいイラストを集めたちっちゃいイラスト集をフリー配布します！",https://gamemarket.jp/booth/game/6623,ok,0
583,ヒカリビタミン,土曜 - G009,一般土曜,https://gamemarket.jp/booth/7046,7046,ok,,https://gamemarket.jp/booth/game/7046,ok,0
584,momoune/モモーヌ,土曜 - G010,一般土曜,https://gamemarket.jp/booth/6033,6033,ok,"イラストレーター・グラフィックデザイナーのmomoune/モモーヌのサークルです。
携わった過去作品の販売、グッズの販売、そのほか制作のご相談を承ります。
This is the circle of momoune, an illustrator and graphic designer.
We sell the works and merchandise that we have created so far. We are also always available to answer any inquiries regarding other production-related matters.",https://gamemarket.jp/booth/game/6033,ok,0
585,はるのどんぐり,土曜 - G011,一般土曜,https://gamemarket.jp/booth/7047,7047,ok,"2D & 3D Artist /Animatorの はるのどんぐり です。
作品集の販売とモックアップとポートフォリオの展示などを予定しています。
I’m Haruno Donguri, a 2D & 3D Artist / Animator
I’ll be selling my art book and displaying mockups and my portfolio at the event",https://gamemarket.jp/booth/game/7047,ok,0
586,にへいみき,土曜 - G012,一般土曜,https://gamemarket.jp/booth/7048,7048,ok,ボードゲームをテーマにしたイラスト集やオリジナルイラストレーションで作成したグッズの販売をします。,https://gamemarket.jp/booth/game/7048,ok,0
587,辺境紳士社交場,土曜 - G013,一般土曜,https://gamemarket.jp/booth/1930,1930,ok,"イラストレーター。本作りと同人誌作りが趣味。お仕事でアナログゲームに関わる機会が多く、その延長で「自分が遊びたいゲームを作ってみよう」といくつかのゲーム制作に手を出してみた。
この分野での代表作は「王たちの同人誌」「のびのびＴＲＰＧ」。",https://gamemarket.jp/booth/game/1930,ok,1
588,株式会社M2K,土曜 - G014,一般土曜,https://gamemarket.jp/booth/3561,3561,ok,"★どれかな？うみうしる（ご好評につき再販！）
☆どれかな？うみうしる・拡張パックvol.1
★おとどけ！ウーパー配達員
★いぬねこサンチーム",https://gamemarket.jp/booth/game/3561,ok,3
589,ツクサポ＠三恵社ボドゲ部,土曜 - G021,一般土曜,https://gamemarket.jp/booth/4300,4300,ok,"ボードゲームやマーダーミステリーを作りたいと考えている方々の制作支援をするサービス
「ツクサポ」
。
少部数の印刷を得意としており、試遊用コンポーネントの作成は1部からご依頼いただけます。
ゲームデザインの相談から販売まで、幅広く対応させていただいておりますので、お気軽にご相談ください。",https://gamemarket.jp/booth/game/4300,ok,3
590,たこたこ研究所,土曜 - H072,一般土曜,https://gamemarket.jp/booth/6243,6243,ok,"ゲムマ2026秋 10/17(土) 【H072】
『おねんどモンスターズ』
を頒布します！
こねて、めくって、ぶっつぶせ！！！ 粘土で作ったモンスターでバトル！
ゲーム概要・予約フォームはこちら！",https://gamemarket.jp/booth/game/6243,ok,3
591,Coelacanth,土曜 - H073,一般土曜,https://gamemarket.jp/booth/6071,6071,ok,心理トリックを利用したアクリル製のパッキングパズルを販売しています。枠の中に全てのピースを収めたらクリアです。旧作2点、新作3点を販売します。試遊もできます。,https://gamemarket.jp/booth/game/6071,ok,9
592,88create,土曜 - H074,一般土曜,https://gamemarket.jp/booth/1922,1922,ok,"88create(ハチハチクリエイト)と申します。
主に食べ物をテーマにしたアナログゲームを作っております。",https://gamemarket.jp/booth/game/1922,ok,4
593,Ponyoc Games,土曜 - H075,一般土曜,https://gamemarket.jp/booth/6361,6361,ok,"2025秋から出展。
戦略、協力、コミュニケーション...。
福島県浪江町に住んでおり、浪江町の色々な魅力をコラボレーションした作品も作っています。",https://gamemarket.jp/booth/game/6361,ok,4
594,OXtA cube,土曜 - H076,一般土曜,https://gamemarket.jp/booth/3881,3881,ok,"OXtA cube オクタキューブ
できるだけんシンプルでノンテーマのキューブ系ゲームを創っています。
言語依存しない作品を目指します。",https://gamemarket.jp/booth/game/3881,ok,6
595,R’s Production,土曜 - H077,一般土曜,https://gamemarket.jp/booth/4522,4522,ok,アナログゲーム制作チーム「R's Production (アールス)」です🎲┆みんなで集まりたくなるボドゲを開発中！🔥┆ゲームマーケット2022秋にて初出展✨ ┆人狼型推理ゲーム「アカイイト」🧶#ゲムマ2022秋┆理科系推理ゲーム「水溶液推理ゲーム」🧪＃ゲムマ2023春┆理科系推理ゲーム「水溶液推理ゲーム２」＃ゲムマ2026秋┆#ボードゲーム好きと繋がりたい,https://gamemarket.jp/booth/game/4522,ok,2
596,プレイクリエイト,土曜 - H078,一般土曜,https://gamemarket.jp/booth/5826,5826,ok,"楽しいアナログゲーム制作ユニットです。25年2月活動開始。
■「肉かるた」はジェリージェリーストアで25日連続1位＆シリーズ累計20000個突破&フジテレビ『サン！シャイン』で紹介！
https://x.gd/dhilD
全国のハンズ、LOFT、ドン・キホーテ、ヨドバシカメラ、ヴィレッジヴァンガードなど小売店で発売中！
■「老眼トランプ」は「Board Game Japanカップ入賞」
■「はいって言ったのに」は幻冬舎より発売決定！
@dfnt と @dkomusubi_games がやってます！",https://gamemarket.jp/booth/game/5826,ok,8
597,さいなげ,土曜 - H079,一般土曜,https://gamemarket.jp/booth/2152,2152,ok,"ゲムマ2026秋「イニシャルヒント」
ゲムマ2026春「ダックスハント」
ゲムマ2025秋「アラインダイス」「ロンデリンク完全版」
ゲムマ2024秋「ロンデリンク」
ゲムマ2024春「オノマトペレシピ」
ゲムマ2023秋「FarmLineBuilder」※みさき工房杯最優秀賞作品
ゲムマ2022春「サブカルコレクト」
ゲムマ2021春「ゴーストペインター」
ゲムマ2020春「わーどこーぷ」
ゲムマ2019秋「いきなりスティック～チンアナゴ バージョン～」
ゲムマ2019春「四個に分解した漢字一文字を三個のヒントで推測するゲーム」
ゲムマ2018秋「トライド」
ゲムマ2017春「点点」",https://gamemarket.jp/booth/game/2152,ok,8
598,TITANHEADS,土曜 - H080,一般土曜,https://gamemarket.jp/booth/2385,2385,ok,,https://gamemarket.jp/booth/game/2385,ok,17
599,北国ゲームズ,土曜 - H081,一般土曜,https://gamemarket.jp/booth/2590,2590,ok,"同人ボードゲームを制作しています。「ソシャゲ運営になろう！」「ホロメーカー」などを制作しました。booth通販：https://kitagunigames.booth.pm
※当サークルで製作したボードゲームは、配信などで自由に使用していただいて構いません。使用された際はご一報いただけると喜びます。",https://gamemarket.jp/booth/game/2590,ok,11
600,seed-time,土曜 - H082,一般土曜,https://gamemarket.jp/booth/4875,4875,ok,アナログゲーム（ボードゲーム、カードゲーム）やノートなどのステーショナリーに目がなく、オリジナルイラストでの測量野帳やバインダーノートから始まり、ウォーゲームと言われたシミュレーションゲームにTRPGに憧れゲームブックで遊んだり、エポック社の「ポケットパンチ」にハマったのを思い出しアナログゲームを自分で作り始めてしましました。いつか大作もと思いつつ、ポケットパンチへの郷愁も相まって今はガシャポン一回と同じ感覚で気軽に遊べる簡単で手軽な紙ペンゲームを中心に制作。どこか温かみがありながらゲーム的工夫が感じられる面白いものを作っていきたいと思います。,https://gamemarket.jp/booth/game/4875,ok,7
601,霜月文庫,土曜 - H083,一般土曜,https://gamemarket.jp/booth/3972,3972,ok,"アナログゲーム制作、デジタルゲーム制作、動画制作などの活動をしています。
アナログゲーム制作物
目的秘匿型ダンジョン攻略カードゲーム「ワケアリパーティ」（2026秋）
タイル配置×陣取りゲーム「タチノキ群島」（2025春）
フォアシュピセレクション2025春 選出
直接攻撃系領地争奪ゲーム「王家の婚礼」（2023秋）
エリアコントロール選挙ゲーム「鞍替え総選挙」（2022春）
多数決告発カードゲーム「粛清パーティ」（2021春）
出展情報
2026秋（土曜／Ｈ083）
2025春（土曜／Ｎ09）
フォアシュピール2025春東京（G06）
2023秋（土曜／ス08）
2022春（土曜／シ22）
2021春（土曜／チ27）初出展",https://gamemarket.jp/booth/game/3972,ok,5
602,マーチヘアゲームス,土曜 - H084,一般土曜,https://gamemarket.jp/booth/1144,1144,ok,"ダイスだいすきマーチヘアゲームスです。いろいろなダイスゲームをお届けしたいという強い気持ちがあります！
「ダイ公望」の商業版「Lure」は、allplay社より好評発売中！",https://gamemarket.jp/booth/game/1144,ok,16
603,バンビーゲームズ＆おるー,土曜 - H085,一般土曜,https://gamemarket.jp/booth/3828,3828,ok,"おるーBoard gamesは、OR-U（おるー）個人による1人サークルです。※2026年春はバンビーゲームズさんとの合同出展です。
「斬新なゲーム性」と「品質」にこだわり、長く楽しめるボードゲーム制作に取り組んでいます。
現在、完売・絶版となったものを含め、3年間で10作品を送り出し、有難いことに実際に遊んだ方からは、概ね共通して「オリジナリティが高くて面白い」「あまり遊んだことのないシステムでした」「箱やカードの質が良いですね」と、狙ったコンセプトに合致した感想を頂けたときはとても嬉しいです！
これからも年に最低1作品はコンセプト通りの作品を作っていきますので、末永くよろしくお願い致します。",https://gamemarket.jp/booth/game/3828,ok,12
604,雅ゲームス,土曜 - H086,一般土曜,https://gamemarket.jp/booth/2009,2009,ok,あそびとつながる、じぶんをみつける。,https://gamemarket.jp/booth/game/2009,ok,3
605,Groovy Globe Laboratory,土曜 - H087,一般土曜,https://gamemarket.jp/booth/5545,5545,ok,"2024年始動。参戦3年目を迎え、自力で立体物も作る為に3DプリンターとBlenderを導入しました。
※メンバーですら綴りを間違えるのでチーム名は「GGL」がほぼ正式名称となっております。
企画・システム構築 ・作画・デザイン・3D設計：イマイ ユキヒデ（ぷちどら）
広報・制作補助・メカニック・たまに企画：ネコ・ふーりん
参謀・アプリ開発：一般研究員星野
後方支援：つゆ&ぽんず",https://gamemarket.jp/booth/game/5545,ok,1
606,KIKI AWESOME STUDIO,土曜 - H088,一般土曜,https://gamemarket.jp/booth/6872,6872,ok,"「趣味と娯楽が、毎日をもっと自分らしくする。」をコンセプトにAWESOMEな日々を届けるボードゲーム制作サークルです。
ゲームマーケット2026秋 初出展",https://gamemarket.jp/booth/game/6872,ok,2
607,Polygonotes,土曜 - H089,一般土曜,https://gamemarket.jp/booth/2173,2173,ok,『芸術的で、知的で、素直なモノづくりを。』をテーマに活動中です。,https://gamemarket.jp/booth/game/2173,ok,6
608,a_boost games,土曜 - H090,一般土曜,https://gamemarket.jp/booth/2354,2354,ok,"新感覚ワードゲーム「おえあんあ？（これなんだ？）」や、世界隠匿ゲーム「２つの霧」等を制作しているゲームサークルです。
これまで頒布したゲーム一覧
●2026年秋…新感覚隠遁×推理ゲーム「透明の法則」
●2024年秋…ソウルメイト×協力ゲーム「放課後★ヨンタクラブ」
●2023年春…エキセントリックBABAゲーム「オオバケコバケ」
●2022年春…トリックテイキング×大富豪「トリテ富豪」
●2021年春…世界隠匿ゲーム「２つの霧」拡張版
●2020年秋…ブレイン・プレイスメントゲーム「SUSHI BENTO（スシベントー）」
●2019年春…世界隠匿ゲーム「２つの霧」
●2018年秋…10カウント・ハンティングゲーム「君が撃て 俺が葬る」
●2017年秋・2018年春…新感覚ワードゲーム「おえあんあ？（これなんだ？）」",https://gamemarket.jp/booth/game/2354,ok,12
609,TOMATO-KETCHUP GAMES,土曜 - H091,一般土曜,https://gamemarket.jp/booth/6272,6272,ok,"怖いようで怖くないおどろおどろとした神秘的な、イラスト描いてボドゲ作ります。
制作ゲームは、新作「Noble(ノーブル)」他「PROPHET(プロフェット)」「悪魔崇拝」です！",https://gamemarket.jp/booth/game/6272,ok,3
610,楠本舗,土曜 - H092,一般土曜,https://gamemarket.jp/booth/1167,1167,ok,"ゲムマ2014秋初出展。宮城のサークル
【主な作品】
《NEW》”課金”できるポーカー！『ガチャポーカー』
■最初からクライマックスなブラフゲーム！『九九ダウト』
■桃太郎系セットコレクション！『もっとも桃太郎なのはもちろん俺！』",https://gamemarket.jp/booth/game/1167,ok,12
611,MEBAE LABEL,土曜 - H093,一般土曜,https://gamemarket.jp/booth/6873,6873,ok,"「MEABELABEL」はGlitSeed株式会社が運営しているボードゲームをはじめとした開発を行うコンテンツレーベルです！🌱✨
「日々を楽しくするために。」を目標にかかげ、多くのお客様に楽しんでいただけるコンテンツをお届けします！",https://gamemarket.jp/booth/game/6873,ok,0
612,シロゲーム,土曜 - H094,一般土曜,https://gamemarket.jp/booth/4697,4697,ok,,https://gamemarket.jp/booth/game/4697,ok,5
613,シャオキッズ,土曜 - H095,一般土曜,https://gamemarket.jp/booth/2808,2808,ok,"2018年から活動している個人サークル。インディーズならではの世界観とひねりのあるゲームシステムを作ります。
代表作「ドルルーアの塔」、「アークドルルーアの冒険」、「ラストドルルーアの塔」、「ボンバーダン」、「フレイムエムブレム」、「スウィートホラーホーム」、「ウィザードレイ」など。",https://gamemarket.jp/booth/game/2808,ok,11
614,NIAGARA GAMES,土曜 - H096,一般土曜,https://gamemarket.jp/booth/3000,3000,ok,"NIAGARA GAMESです。
「ムズカシイからオモシロイ」を目指し、世界に通用するようなゲームを作っています。
可能な限りは王道ファンタジーをテーマにゲーム制作したいな。",https://gamemarket.jp/booth/game/3000,ok,6
615,NSGクリエイト,土曜 - H097,一般土曜,https://gamemarket.jp/booth/2026,2026,ok,"ゲームマーケット2016秋より活動。
代表作は、「突撃！今夜の晩ごはん」「HYAKKATEN」など
繰り返し遊びたい！と思わせるような作品を作っていきたいと思いますので
よろしくお願いいたします！",https://gamemarket.jp/booth/game/2026,ok,16
616,夜騎士Lin.K,土曜 - H098,一般土曜,https://gamemarket.jp/booth/5094,5094,ok,格闘ゲームができちゃうカードゲーム「ZILLADE -Beat for Winning-」を頒布します。,https://gamemarket.jp/booth/game/5094,ok,1
617,Vic Village,土曜 - H099,一般土曜,https://gamemarket.jp/booth/3692,3692,ok,"ボードゲーム制作サークル【VicVillage(ヴィックヴィレッジ)】です。
制作ゲーム：
2026年秋『Chatlat』…トリックテイキングゲーム
2026年春『MATE』…トリックテイキングゲーム
2025年秋『Catte』…トリックテイキングゲーム
2025年春『Fine Line』…トリックテイキングゲーム
2025年春『Juggernaut』…デッキ構築ローグライトゲーム
2024年秋『Petir』…トリックテイキングゲーム
2024年春『VIVO』…トリックテイキングゲーム
2023年秋『Zoo Stock』…トリックテイキングゲーム
2023年春『TIGHEE』…トリックテイキングゲーム
2022年秋『Salty』…トリックテイキングゲーム
2022年春『シンデレラは帰りたい!!』…デッキ構築カードゲーム
2021年秋『週末へのカウントダウン』…トリックテイキングゲーム
2021年秋『アブダク‼EXPANSION』…アブダク拡張版
2021年春『アブダク‼』…カードゲーム
2020年秋『Tower Of Pancakes!!』…トリックテイキングゲーム
2020年春『愛のてんびん』…パーティゲーム",https://gamemarket.jp/booth/game/3692,ok,16
618,をしだや,土曜 - H100,一般土曜,https://gamemarket.jp/booth/1211,1211,ok,"安手のちっちゃいゲームを頒布してます。
お気軽にお立ち寄りください。",https://gamemarket.jp/booth/game/1211,ok,19
619,アゲピテック,土曜 - H101,一般土曜,https://gamemarket.jp/booth/2958,2958,ok,ITをテーマにしたカードゲームを作っています。,https://gamemarket.jp/booth/game/2958,ok,11
620,まどらーゲームス,土曜 - H102,一般土曜,https://gamemarket.jp/booth/4611,4611,ok,"簡単なゲームや、マニアックなゲームを作ったりしています。
主にイベントのみで販売をしております。",https://gamemarket.jp/booth/game/4611,ok,18
621,ワンモアゲーム！,土曜 - H103,一般土曜,https://gamemarket.jp/booth/1279,1279,ok,,https://gamemarket.jp/booth/game/1279,ok,4
622,デコクトデザイン,土曜 - H104,一般土曜,https://gamemarket.jp/booth/2182,2182,ok,"小粋な小箱を作っております。ルール、イラスト、アートを一人で楽しくやっております。
埼玉でフリーのグラフィックデザイナーをやっております。主にエデュトリアル系。",https://gamemarket.jp/booth/game/2182,ok,15
623,楠Games,土曜 - H105,一般土曜,https://gamemarket.jp/booth/4514,4514,ok,"2026 ゲムマ秋では、25秋、26春共に即完売してしまった『とおりゃんせ』(第3版)を頒布します！
〜寄り道から始まる、ふたりの怪奇譚。〜
途中でストーリー分岐し、ゲーム形式（対戦 / 協力）が変わる、
一風変わったライトな2人用ホラーゲームです！
ぜひブースにお立ち寄りください。",https://gamemarket.jp/booth/game/4514,ok,4
624,俵社,土曜 - H106,一般土曜,https://gamemarket.jp/booth/6874,6874,ok,"デザイン事務所 俵社です。
ゲームマーケット２０２６秋に初出展させていただくことが決まりました！
念願の自社開発カードゲームを発表します。
どうぞよろしくお願いいたします。",https://gamemarket.jp/booth/game/6874,ok,0
625,しえすた文具 × Be Catchy Games,土曜 - H107,一般土曜,https://gamemarket.jp/booth/2700,2700,ok,"しえすた文具（やぎの）とBe Catchy Games（ぬん）の合同ブースです。
ボードゲーム×文芸ZINE『ボードゲーマー／読書家じゃないかもしれない』を共同出版する他、それぞれのサークルのアイテムもあります。",https://gamemarket.jp/booth/game/2700,ok,2
626,やづ屋,土曜 - H108,一般土曜,https://gamemarket.jp/booth/1897,1897,ok,"2025秋出展予定
気がつけば出展19回目
いつものとおり、隅のほうで細々やってます
サークルコンセプトは『ちいさく、かるくて、尖ってる』",https://gamemarket.jp/booth/game/1897,ok,12
627,井上 磨,土曜 - H109,一般土曜,https://gamemarket.jp/booth/6437,6437,ok,"ボードゲームに特化したイラストレーターです。かわいい系イラスト、遊びを邪魔しない整ったDTPを心がけてます。
ゲームマーケットでは自作のイラストの本やグッズ、リメイクしたボードゲームなどを扱っています。",https://gamemarket.jp/booth/game/6437,ok,1
628,ツマヤ,土曜 - H110,一般土曜,https://gamemarket.jp/booth/2386,2386,ok,"【ツマヤ】はあなたの時間を彩るボードゲームブランドです！
代表作『ナメプ謝罪』『命鯉』『あのアレなヤバイ動物』『あのアレなヤバイにじさんじ』等",https://gamemarket.jp/booth/game/2386,ok,10
629,CONBU Games,土曜 - H111,一般土曜,https://gamemarket.jp/booth/6601,6601,ok,味わいのあるゲームづくりを目指しています。,https://gamemarket.jp/booth/game/6601,ok,2
630,Tohf工房,土曜 - J001,一般土曜,https://gamemarket.jp/booth/6875,6875,ok,"今回初めて参加いたしますTohf工房と申します。
プレイ自体はすぐやれて、かつ奥深い読みあいというものを目指してボードゲームを作っていきたいです！",https://gamemarket.jp/booth/game/6875,ok,0
631,モグワイ＆HOYGAMES,土曜 - J002,一般土曜,https://gamemarket.jp/booth/1280,1280,ok,豆を愛する創作ゲームサークルです。,https://gamemarket.jp/booth/game/1280,ok,16
632,ましろ屋,土曜 - J003,一般土曜,https://gamemarket.jp/booth/6436,6436,ok,"2026春初出店となります、ましろ屋と申します。
どうぞよろしくお願いいたします。
ましろ屋では、名前の通り万代へ継がれる様なゲームの作成を目標に頑張ってまいります。",https://gamemarket.jp/booth/game/6436,ok,2
633,同人会ルーデンス・ファベル,土曜 - J004,一般土曜,https://gamemarket.jp/booth/1460,1460,ok,,https://gamemarket.jp/booth/game/1460,ok,0
634,アース765,土曜 - J005,一般土曜,https://gamemarket.jp/booth/3401,3401,ok,"アイマスのボードゲームを制作しているアース765です。
2019年秋に『The@ter on Tiles』を、2024年春に『The@teR on PAper』を頒布しました。",https://gamemarket.jp/booth/game/3401,ok,4
635,サークルΔ-e,土曜 - J006,一般土曜,https://gamemarket.jp/booth/4838,4838,ok,,https://gamemarket.jp/booth/game/4838,ok,0
636,ドンの遊び場,土曜 - J007,一般土曜,https://gamemarket.jp/booth/6876,6876,ok,"～30分程度の小箱で、様々なジャンルをご用意しております。
是非一度寄っていってください！",https://gamemarket.jp/booth/game/6876,ok,7
637,盤上のヒストリー,土曜 - J008,一般土曜,https://gamemarket.jp/booth/5063,5063,ok,"個性豊かな魔女たちの騒がしい日常をゲームにしてお届け！
魔女2人でペアを組んで牛型ゴーレムを自陣ゴールへ誘導する『牛追い大実験』、調合室に現れた空飛ぶ魔法薬を誰より多く撃ち落とせ『調合室大爆発』、魔女の個性に助けられ、振り回され？ミッションクリアを目指す『メモリーオブニイル』、それぞれ頒布中！
ドタバタの冒険を、魔女たちと一緒に楽しもう！",https://gamemarket.jp/booth/game/5063,ok,3
638,ウサギンガわーくす,土曜 - J009,一般土曜,https://gamemarket.jp/booth/5885,5885,ok,"ドットでキュートなボドゲサークルを目指していますヾ(๑╹◡╹)ﾉ""
通販はこちらから！▶︎ https://shi0n.booth.pm/",https://gamemarket.jp/booth/game/5885,ok,0
639,パンくず製果,土曜 - J010,一般土曜,https://gamemarket.jp/booth/6614,6614,ok,初作品「釣りに行こう！」を出店します！,https://gamemarket.jp/booth/game/6614,ok,1
640,ベッティP（初星）,土曜 - J011,一般土曜,https://gamemarket.jp/booth/6319,6319,ok,"今回初出展のベッティPです。
学園アイドルマスター2次創作系ボードゲームを販売します。
全員が同じ手札からカードを同時に出し、相手の動きを読み合ってファンを獲得するカードゲームです。
勝敗で成長するアイドルをプロデュースし、目指せ一番星！",https://gamemarket.jp/booth/game/6319,ok,1
641,Manifest Destiny,土曜 - J012,一般土曜,https://gamemarket.jp/booth/1228,1228,ok,"２０２５ゲムマ秋は、１１月２２日の土曜日のみ出展します。
新作は『Lost in Memoriese』です。",https://gamemarket.jp/booth/game/1228,ok,30
642,ボードゲーム研究所カクレガ,土曜 - J013,一般土曜,https://gamemarket.jp/booth/5935,5935,ok,"RPG風ボードゲームを主に制作しているクリエイター集団。
クラウドファンディング大成功の話題作、「Wonder Clad」を引っ提げて参戦します！
討伐・錬成・成長・買い物など、自由度の高いダイスロール+エンジンビルドを組み合わせたゲーム性と、カクレガならではの美しいRPGの世界観に是非浸ってみてください！",https://gamemarket.jp/booth/game/5935,ok,1
643,AMaRo Project.,土曜 - J014,一般土曜,https://gamemarket.jp/booth/2521,2521,ok,同人小説・同人ボードゲームを展開するAMaRo Project.(アメイロプロジェクト)です。,https://gamemarket.jp/booth/game/2521,ok,30
644,reici toybox,土曜 - J015,一般土曜,https://gamemarket.jp/booth/5848,5848,ok,"みなさまの生活に少しの息抜きを
reiciの思い描く遊びを展開していきます。
アナログゲームを中心に、
私たちの思う最高のおもちゃ箱をご用意します。
日常を忘れて楽しめる商品をつまんでいってください。
reici toyboxより",https://gamemarket.jp/booth/game/5848,ok,2
645,SHUNROID,土曜 - J016,一般土曜,https://gamemarket.jp/booth/2275,2275,ok,"ゲームマーケット2017秋から初出展！
SHUNROIDと申します。
デジタル、アナログ問わずゲームが大好きです！
https://shunroid.com/
宜しくお願いいたします！",https://gamemarket.jp/booth/game/2275,ok,9
646,浄卓戦線,土曜 - J017,一般土曜,https://gamemarket.jp/booth/6877,6877,ok,浄卓戦線は、ボードゲームを「価値を試す前線」と捉え、喜びや悲しみ、罪と罰といった人間的なテーマを遊びとして提示する制作サークルです。,https://gamemarket.jp/booth/game/6877,ok,1
647,イリクンデ,土曜 - J018,一般土曜,https://gamemarket.jp/booth/1251,1251,ok,,https://gamemarket.jp/booth/game/1251,ok,11
648,かぁこんず,土曜 - J019,一般土曜,https://gamemarket.jp/booth/6179,6179,ok,"かぁこんず とは
YouTubeにて ボドゲで遊んでいる様子や
ゲムマでの戦利品紹介などしている
ボードゲーマーの集まりでございます！
過去出展：2025秋(初出展)
2026秋
取り置き予約はこちら
Googleフォームで予約 →
メンバーが作った新作ボドゲを
3作品
ご用意！
在庫残りわずかですが、過去作も持ち込みます！
【いるかね？ばうわうアミーチ】
ゆうみ @X
【コマロボArrival】
ともや @X
【お気楽ですゲームcoffee cup】
ともや @X
かぁこんず YouTubeチャンネル
ゆうみTwitter(X)
ともやTwitter(X)
かぁこんずYouTubeページ",https://gamemarket.jp/booth/game/6179,ok,5
649,劇団Question,土曜 - J020,一般土曜,https://gamemarket.jp/booth/6255,6255,ok,"はじめまして！サークル「劇団Question（クエスチョン）」と申します。
サイエンスをテーマにした、ちょっと不思議で楽しいカードゲームを制作しています。
ゲームマーケット2026春では、
量子コンピュータの仕組みを心理戦に落とし込んだ2人用カードゲーム
『シュレディンガー・デュエル』と、
量子力学×恋愛をテーマにしたパーティゲーム
『シュレディンガーの猫系彼女』をお持ちします！
『シュレディンガー・デュエル』¥1,500
公式サイト：
https://www.gekidanquestion.com/works/schrodinger-duel
『シュレディンガーの猫系彼女』¥2,000／拡張カード ¥500
出展：5/23（土）／ ブース：土-A28
ぜひお気軽にお立ち寄りください！",https://gamemarket.jp/booth/game/6255,ok,2
650,with Board,土曜 - J021,一般土曜,https://gamemarket.jp/booth/6878,6878,ok,"with Board は、ボードゲームを真ん中に大切な人たちとの想い出の時間を作るボードゲームブランド。
家族や友達と楽しく遊べるボードゲーム+α を作っていきます。",https://gamemarket.jp/booth/game/6878,ok,3
651,植民地戦争＋α,土曜 - J022,一般土曜,https://gamemarket.jp/booth/1090,1090,ok,歴史ロマンを感じる中量級ゲームを作っています。最近は自然や動物など博物学テーマのゲームが増えています。今までの代表作は樹ブロック、ローマの力、紅茶ロマン紀行、暁のナイル、ICE SEAです。新作はアキノコ。,https://gamemarket.jp/booth/game/1090,ok,28
652,Fukunohi Studio,土曜 - J023,一般土曜,https://gamemarket.jp/booth/6879,6879,ok,,https://gamemarket.jp/booth/game/6879,ok,0
653,ミラーハウス,土曜 - J024,一般土曜,https://gamemarket.jp/booth/3502,3502,ok,"ボードゲーム製作サークルのミラーハウスです。
ゲームデザイナー兼代表のODAを中心に、様々なジャンルのボードゲームを製作しています。
代表作は立体箱庭戦略ゲーム「スカイトーテム」やデッキ構築型ゲーム「ホシヅクリ」等",https://gamemarket.jp/booth/game/3502,ok,10
654,アスダムゲームスタジオ,土曜 - J025,一般土曜,https://gamemarket.jp/booth/5614,5614,ok,"アスダムゲームスタジオは、親しみやすく遊び心のあるポップなボードゲームを届けます。
ダイスやカードスタンドなどのアクセサリーも展開し、未経験の方でも「いま・ここ」で皆と楽しめる体験をデザインします。",https://gamemarket.jp/booth/game/5614,ok,3
655,アソビツクース,土曜 - J026,一般土曜,https://gamemarket.jp/booth/2741,2741,ok,"株式会社ツクースのボードゲームレーベル「アソビツクース」です。
パーティゲーム、アクションバランスゲーム、アブストラクトゲームなど節操なく作っております。手作り率高め！",https://gamemarket.jp/booth/game/2741,ok,10
656,きつねうどんチャーハン定食,土曜 - J027,一般土曜,https://gamemarket.jp/booth/2946,2946,ok,"ゲームマーケット2026秋（土曜のみ）、新作２つ！
「おもしれー女トリテ」（価格：1,500円）
「リンパ流しますね」（価格：1,500円）
他、過去作も！",https://gamemarket.jp/booth/game/2946,ok,11
657,よぐゲーム,土曜 - J028,一般土曜,https://gamemarket.jp/booth/1958,1958,ok,"＜赤瀬よぐ＞
2026秋…『I・O・O Island Of One hundred choices 百択島サバイバルクラフト』
ボードゲーム：『COMPANIA』『FACTORIA』『グラバー』『沈黙ノ艦長』『WIMSICALS』『カード天和』『宙へ』『アマタノ儀式』『RELICERS』『囁きノ館』『ようせいさんさがし』『カッパラパーティー』etc
漫画：『ノノノ幻屋』『ほうき世界のアレアとイアラ』『ボドゲde遊ぶよ!!』『ボドゲな異世界・転生日記』『丑三つ時にボドゲ会』etc",https://gamemarket.jp/booth/game/1958,ok,17
658,ベルズゲームズ,土曜 - J029,一般土曜,https://gamemarket.jp/booth/6880,6880,ok,"製作ゲーム達
【カンフートリテ】
【モジモンダイスバトル】",https://gamemarket.jp/booth/game/6880,ok,2
659,ふつかめのだいまじん,土曜 - J030,一般土曜,https://gamemarket.jp/booth/4835,4835,ok,"何度でも遊びたくなるゲームを作ります！
▼
KIGUMON
：10分で遊べる協力型推理ゲーム.
▼
KIGUMON-DRAGON-
：ドラゴンに特化したKIGUMONの新版.
▼
HONEY WARS
：2~3人専用の絵柄をつなげる陣取りゲーム.
▼
GO✖︎GO MARCH
：2人用のポーカー&カード配置.
▼
王様のいない森
：遊ぶたびにルールが変わる！ローグライク×ゴーアウト.",https://gamemarket.jp/booth/game/4835,ok,5
660,ちょんまげ工務店コンバディダス,土曜 - J031,一般土曜,https://gamemarket.jp/booth/2289,2289,ok,"ボードゲーム遊ぶのも作るのも大好き。ゲームマーケットでは「ちょんまげ工務店」と「コンバディダス」の合同ブースとして出展します！
よろしくお願いいたします。",https://gamemarket.jp/booth/game/2289,ok,11
661,あんきろわーくす,土曜 - J032,一般土曜,https://gamemarket.jp/booth/4504,4504,ok,"ホームページできました!!
https://andkilopiworks.wixsite.com/ankiloworks-hp",https://gamemarket.jp/booth/game/4504,ok,7
662,ひとじゃらし,土曜 - J033,一般土曜,https://gamemarket.jp/booth/1523,1523,ok,"『共遊する時間を提供したい』
ボードゲームを通じて人と人との繋がりを広げ
深めていきたいと考えております",https://gamemarket.jp/booth/game/1523,ok,11
663,片岸GAMEs,土曜 - J034,一般土曜,https://gamemarket.jp/booth/6430,6430,ok,"ゲームマーケット2026秋では
大富豪をベースとした「逆富豪」とその拡張版を出展予定。
Xにて作品の進捗情報や告知を行っております
少しでも気になる方いたらブースまでお立ち寄りください。
出展経験
ゲームマーケット2026春
ゲームマーケット2026秋",https://gamemarket.jp/booth/game/6430,ok,2
664,8oz Games,土曜 - J035,一般土曜,https://gamemarket.jp/booth/5039,5039,ok,,https://gamemarket.jp/booth/game/5039,ok,6
665,リトルエイト,土曜 - J036,一般土曜,https://gamemarket.jp/booth/2936,2936,ok,"ボードゲーム製作サークルです
最新の情報は公式サイト及びXをご覧ください
Xアカウント
リトルエイト公式サイト",https://gamemarket.jp/booth/game/2936,ok,0
666,ピコラゲームズ,土曜 - J037,一般土曜,https://gamemarket.jp/booth/6881,6881,ok,"ボードゲームサークル「ピコラゲームズ」です。
ゲームマーケット2026秋（10/17）に『WITCHLING ACADEMIA - 見習い魔女のゴーアウト -』で初出展します！",https://gamemarket.jp/booth/game/6881,ok,1
667,6doors games,土曜 - J038,一般土曜,https://gamemarket.jp/booth/6400,6400,ok,,https://gamemarket.jp/booth/game/6400,ok,2
668,もんきちゲームズ,土曜 - J039,一般土曜,https://gamemarket.jp/booth/5431,5431,ok,"こんにちは！
ゲームマーケット2024秋にて初出展のもんきちゲームズです！
・ゲームマーケット2024秋 「マッチングセンス」を頒布
・ゲームマーケット2025春 「魔法の手札と3つのエレメント」を頒布
・ゲームマーケット2025秋 「リミットライン」を頒布予定",https://gamemarket.jp/booth/game/5431,ok,4
669,シュレディンガーゲームズ,土曜 - J040,一般土曜,https://gamemarket.jp/booth/1292,1292,ok,ゲームデザイナー山田大夏(やまだひろなつ)を中心としてアナログゲームディベロップメントサークルです。,https://gamemarket.jp/booth/game/1292,ok,12
670,うちポケ屋,土曜 - J041,一般土曜,https://gamemarket.jp/booth/5283,5283,ok,"【内ポケからパーティータイム】をキャッチコピーに、「名刺箱サイズ」で「短時間から」遊べ「盛り上がれる」パーティーゲーム を提案しています。
①ボドゲ会の「初めまして」や「すきま時間」に
②旅行のおともに
③日常生活で銃弾を受けた際「こいつが無かったら死んでたぜ」とのたまう為に
④ビジネスや謝罪訪問時に「こいつ・・・ただものじゃない・・・」と思わせる為に 等々
「内ポケットからカッコ良く何かを出したい」という全人類の秘めた願いに応える多用途名刺箱ボドゲ。ぜひご検討ください。",https://gamemarket.jp/booth/game/5283,ok,7
671,TooCooL STUDIO,土曜 - J042,一般土曜,https://gamemarket.jp/booth/4706,4706,ok,"ゲームマーケット2023春に初出展しました！駆け出しのボードゲーム制作サークルです。
大人も子供も、幅広く楽しめるゲームを制作しています。ぜひお気軽に、お立ち寄りください。",https://gamemarket.jp/booth/game/4706,ok,4
672,野うさぎ～ず,土曜 - J043,一般土曜,https://gamemarket.jp/booth/6882,6882,ok,"【頒布・試遊】
・おすそ分けポーカー
(概要)https://x.com/_pistation
・選ぶだけ大喜利ゲーム「焼けたアスファルトのようなゴリラ」
(概要・取り置き)https://x.com/yakunitatanaigm
・牡蠣の神経衰弱「牡蠣あわせ」
(概要)https://www.instagram.com/oyster_games/
(予約)https://oyster-hub.com/yoyaku",https://gamemarket.jp/booth/game/6882,ok,2
673,(ゆ)野ウサギ,土曜 - J044,一般土曜,https://gamemarket.jp/booth/6883,6883,ok,"個性の違う3つのカードゲームを持ち寄った合同ブースです！
バグを直しながら、みんなでリリースを目指す協力型カードゲーム『リリースしていいですか？』をはじめ、名刺がそのままゲームになる『名刺交換革命 CardEvo[カードエボ]』、積読をテーマにした『積読は正義 トライアル版』を販売します。
短時間で遊べるゲームから、会話や駆け引きを楽しめるゲームまで、ちょっと変わったアイデアの作品を揃えています。
ぜひ気軽に遊びに来てください。",https://gamemarket.jp/booth/game/6883,ok,3
674,サイシュピール,土曜 - J045,一般土曜,https://gamemarket.jp/booth/4214,4214,ok,"静岡を拠点とする合同サークル『サイシュピール』です。
輪骨舎(@lancelot_szok)
スタジオくるくる(@StudioKurukuru)
Megalomaniac game(@Megalomaniac_G)
ボンレスハムタロー(@bonelesshamtar0)
で結成
Podcast #ボドの間 好評配信中！",https://gamemarket.jp/booth/game/4214,ok,21
675,Ryusei Games,土曜 - J046,一般土曜,https://gamemarket.jp/booth/4357,4357,ok,"Ryusei Gamesとは
ボードゲーム制作やボードゲームイベントの企画運営、マーダーミステリーの制作、イマ―シブコンテンツの企画運営など幅広く活躍しています。
最新情報はコチラをチェック
https://lit.link/ryuseigames
お問い合わせやゲーム制作依頼はメールへ
ryuseigames@outlook.jp",https://gamemarket.jp/booth/game/4357,ok,12
676,SOLABO,土曜 - J047,一般土曜,https://gamemarket.jp/booth/6198,6198,ok,"ゲームマーケット2026秋 10/17(土)参加
【新作！】協力RPGボードゲーム
「ジェネラルヒーロー」
ぜひお越しください！
過去参加：ゲームマーケット2025秋、ゲームマーケット2026春",https://gamemarket.jp/booth/game/6198,ok,2
677,あそぼうや,土曜 - J048,一般土曜,https://gamemarket.jp/booth/2599,2599,ok,"埼北にて、可愛い＆シンプルなボードゲーム制作を行っております。
大人と子供が一緒になって遊べる作品を目指して頑張ります(*'ω'*)",https://gamemarket.jp/booth/game/2599,ok,10
678,OKAZU brand,土曜 - J049,一般土曜,https://gamemarket.jp/booth/1059,1059,ok,"OKAZU brandはボードゲーム・カードゲームなどの制作、発表を行っています。
2007年より活動を開始し、現在、国内、海外の両方で活動しております。
代表作：横濱紳商伝、Trains、メトロックス、ひも電、セイルトゥインディア、Rolling Japan etc",https://gamemarket.jp/booth/game/1059,ok,30
679,一緒にゲームズ,土曜 - J050,一般土曜,https://gamemarket.jp/booth/3915,3915,ok,"金沢発のボードゲーム製作合同サークル一緒にゲームズです。
「一緒に作ろう」「一緒に遊ぼう」をテーマにメインデザイナー風跡（kazart)と監修の猫柳生の二人でいろいろやっていきます。よろしくおねがいします！
一緒にゲームズ予約フォーム",https://gamemarket.jp/booth/game/3915,ok,5
680,くじらだま,土曜 - J051,一般土曜,https://gamemarket.jp/booth/2681,2681,ok,"日々好きなものを好きなように作っているサークルです。2018秋・初出展。
2024春「フライングあざらし」 / 2023秋「忍のがっこう」 / 2023春「クイックピクト」 / 2022秋「コモレビパレード」 / 2022春「アンブラデコ」 / 2021秋「ミルエット」(Kickstarter) / 2021春「トランペン」 / 2020春「チクタクオーダー」 / 2019秋「空中都市アーレア」 / 2019春 「NEBUTA BEAT」 / 2018秋 「CMYK!」。",https://gamemarket.jp/booth/game/2681,ok,18
681,ダイスキャスターズ,土曜 - J052,一般土曜,https://gamemarket.jp/booth/2114,2114,ok,,https://gamemarket.jp/booth/game/2114,ok,27
682,ロブジャゲームズ,土曜 - J053,一般土曜,https://gamemarket.jp/booth/3288,3288,ok,"シンプルでミニマル。
小さなキャラメル箱に入った楽しいゲームを制作します。",https://gamemarket.jp/booth/game/3288,ok,5
683,モーモーゲームズ&teamOJyO,土曜 - J054,一般土曜,https://gamemarket.jp/booth/6551,6551,ok,"京都のボードゲームカフェcomedyに関わりのあるメンバーによる2サークルです。
かわいく、でもしっかりゲーム性のあるゲームを作っています、乞うご期待！",https://gamemarket.jp/booth/game/6551,ok,3
684,ぽてきゃっ党,土曜 - J055,一般土曜,https://gamemarket.jp/booth/4433,4433,ok,"夫婦二人のボードゲーム制作サークルです。
慣れてきた人は勿論、初めての方も、大人も子供も楽しめるゲームを目指しています。
【作品リスト】
・凡庸ロボットのネガイゴト
・空猫の冒険記
・バッティング・パンセット
・カリルCARリース",https://gamemarket.jp/booth/game/4433,ok,4
685,Qrostar,土曜 - J056,一般土曜,https://gamemarket.jp/booth/4745,4745,ok,,https://gamemarket.jp/booth/game/4745,ok,3
686,くらげシステム＆猫足遊戯,土曜 - J057,一般土曜,https://gamemarket.jp/booth/1168,1168,ok,くらげシステムの中の人２号ことヤブロンです。アイドルマスター、ヒプノシスマイク、スティーブジャクソン（米）、ジンギスカンが好きです。,https://gamemarket.jp/booth/game/1168,ok,27
687,Studio Citrine,土曜 - J058,一般土曜,https://gamemarket.jp/booth/5011,5011,ok,"【Studio Citrine】スタジオ シトリンは
ーBe Joyful Every Momentー
いつでも（朝から晩まで）楽しく！
をスローガンに活動しているサークルです。
気軽に遊べてしっかり満足できるゲームを目標に
制作活動を続けています！
【新作】
🍨アイスクリード-よくばりトッピング-
【定番】(少量)
✌️チートホッパー
🍃テクテクポン
🎯ネラッテビンゴ
を頒布致します。
その他にもグッズなども！",https://gamemarket.jp/booth/game/5011,ok,8
688,ぷにおもち研究所,土曜 - J059,一般土曜,https://gamemarket.jp/booth/6191,6191,ok,,https://gamemarket.jp/booth/game/6191,ok,0
689,Mochi Lab.,土曜 - J060,一般土曜,https://gamemarket.jp/booth/6884,6884,ok,,https://gamemarket.jp/booth/game/6884,ok,0
690,ルディワークス,土曜 - J061,一般土曜,https://gamemarket.jp/booth/6435,6435,ok,盤面の揺らぎや勝敗の調整を遊びにするボードゲーム制作サークルです。ゲームマーケット2026春に初出展し、運命の輪テーマの盤面読みゲーム『メイウンリンネ』を頒布予定です。ちょっと考えたくなるようなゲームを作っています。過去作：節制テーマの調整ゲーム『テンバランス』,https://gamemarket.jp/booth/game/6435,ok,2
691,よのび～,土曜 - J062,一般土曜,https://gamemarket.jp/booth/5312,5312,ok,"2026春 は、 土曜 【F01】で
新作！『foreCee:超拡張的チェス』を販売します！
駒の性能を拡張しながら戦う、チェスライクのゲームです！
■価格
¥3,500（予定）
■プレイ人数
２人
■プレイ時間
60分～
■対象年齢
12歳〜
『Parfait !! -パルフェ!!-』と『妖怪伝言げぇむ』も持っていきます！
ぜひ遊びにきてくださいね！",https://gamemarket.jp/booth/game/5312,ok,4
692,アルカジノ,土曜 - J063,一般土曜,https://gamemarket.jp/booth/1808,1808,ok,テーブルゲームズ&コミュニケーションでは、コミュニケーションツールとしての遊びをコンセプトにボードゲームの企画・制作を行っています。,https://gamemarket.jp/booth/game/1808,ok,19
693,はゃての工房,土曜 - J064,一般土曜,https://gamemarket.jp/booth/6205,6205,ok,「子どもと楽しく遊べる！」をテーマにゲーム制作を行なっている個人サークルです,https://gamemarket.jp/booth/game/6205,ok,3
694,ヤマノノ,土曜 - J065,一般土曜,https://gamemarket.jp/booth/6066,6066,ok,"山の上を拠点としたボードゲーム制作サークルヤマノノです。
活動目標はボードゲームの恒常的な製作と販売です。
２０２５年の春から活動を開始し、２０２５年秋にゲームマーケット初出店をさせていただきます。
メンバーの力を合わせて、山の上から魅力的なゲームをたくさん届けていきますので、ヤマノノをよろしくお願いいたします！",https://gamemarket.jp/booth/game/6066,ok,2
695,モノビーズ,土曜 - J066,一般土曜,https://gamemarket.jp/booth/4718,4718,ok,"こんにちは、モノビーズのページを見てくださりありがとうございます！
ゲームデザイナーは11歳のさらです。
2023春の初出展でピスタチオの殻を使ったワードゲーム「ピスタワード」と「マーブルワード」がご好評を頂きました。
2023秋には、クリスマスシーズンに合わせ「カザリマスツリー」を頒布しました。
2024春作、将棋の駒の代わりにミープルを使った山くずし＋セットコレクション「大行列」は
事前試遊会フォアシュピールの投票企画で1位になり、2024アークライト・ゲーム賞佳作となりました。
大行列のレビュー（ボドゲーマ）
秋の新作は、ボード上にゲレンデを再現したスキー場ゲーム「雪山王 スベルンダー1世」です。
新作評価アンケートでは680作品の中から10位にランクインしました。
スベルンダー1世
2025春新作、骨なし人間が骨を取り合う【Bring Bone-Bone-Bone】、フォアシュピセレクションに選出されました。
Bring Bone-Bone-Bone
遊んでくださった皆様、投票してくださった皆様、本当にありがとうございました！
これを励みにこれからもがんばります！
秋の新作は、第1回WTBGCで最優秀賞を受賞した「スープスクープ」が満を持して登場です！
詳細・ご予約はこちら",https://gamemarket.jp/booth/game/4718,ok,8
696,東北大学経済学部久保田ゼミ,土曜 - J067,一般土曜,https://gamemarket.jp/booth/6885,6885,ok,,https://gamemarket.jp/booth/game/6885,ok,0
697,merry-andrew-works,土曜 - J068,一般土曜,https://gamemarket.jp/booth/1224,1224,ok,"アナログゲーム製作サークル
merry-andrew-works(メリーアンドリューワークス)です。
『タクティクスとストーリーをカードに込めて』をモットーに、アナログゲーム製作に励んでいます。",https://gamemarket.jp/booth/game/1224,ok,15
698,六角えんぴつ,土曜 - K001,一般土曜,https://gamemarket.jp/booth/1989,1989,ok,"アナログゲーム制作サークル
「六角えんぴつ」です。
2024春は、異世界ギルドマスターズ第３拡張『冒険者たちの祝祭』および関連商品を販売中いたします！",https://gamemarket.jp/booth/game/1989,ok,9
699,OLD GAME CYCLE,土曜 - K002,一般土曜,https://gamemarket.jp/booth/1052,1052,ok,ボードゲームサークルOLD GAME CYCLE（旧サークル貞屋）です。ボードゲーム「ドルイダス～魔女と宝石の庭～」や新しいデザインの将棋駒・盤を制作しています。連絡先はこちら→tarubo1014@gmail.com,https://gamemarket.jp/booth/game/1052,ok,7
700,FR@ games,土曜 - K003,一般土曜,https://gamemarket.jp/booth/1413,1413,ok,"ボードゲーム個人制作サークル『FR@ games（ふらっとゲームス）』のページです。
当サークルでは、気軽に楽しめるゲームをモットーにカジュアルに遊べるゲームを制作しております。",https://gamemarket.jp/booth/game/1413,ok,10
701,ホタルシステム,土曜 - K004,一般土曜,https://gamemarket.jp/booth/3073,3073,ok,【2026春】①チキンレースゲーム『サメラニアン』 ②トリックテイキング『ポップアートトリック』,https://gamemarket.jp/booth/game/3073,ok,16
702,EVOQ!,土曜 - K005,一般土曜,https://gamemarket.jp/booth/5884,5884,ok,"ファンタジーの世界観をモチーフにした対戦型ボードゲーム、EVOQ!（イボーク）の販売・試遊を行います。
運の要素を一切含まない、チェスや将棋のようなゲームです。
モンスター召喚や魔法といったファンタジー要素をベースに、転送装置でモンスターが合体するなどSF映画風のギミックを加味した独特のゲームシステムが特徴です。
実際にプレイしていただかないと魅力が伝わり辛いゲームかと思いますので、一度手に取って遊んでいただければ幸いです。",https://gamemarket.jp/booth/game/5884,ok,5
703,31539,土曜 - K006,一般土曜,https://gamemarket.jp/booth/4152,4152,ok,"次回参加はゲムマ2026春！土のみ試遊アリ！
準新作
✨みにまむ報告✨
みにまむ人事
みにまむ会議
他 既作多数！
ゲーム一覧
からみてね🦐🐑",https://gamemarket.jp/booth/game/4152,ok,9
704,新卒デスジェンガ部,土曜 - K007,一般土曜,https://gamemarket.jp/booth/6886,6886,ok,,https://gamemarket.jp/booth/game/6886,ok,0
705,かがりび&3RD Games,土曜 - K008,一般土曜,https://gamemarket.jp/booth/2685,2685,ok,現役ゲームクリエイターが集まってボードゲームを作っています。,https://gamemarket.jp/booth/game/2685,ok,3
706,MiSE,土曜 - K009,一般土曜,https://gamemarket.jp/booth/6048,6048,ok,"Moving Impact and Surprise within the Extraordinary(感動と驚きを非日常で)
ボードゲーム・謎解きが好きな仲間で大阪を中心に活動しています。
ゲームマーケット2026秋「かなべる」発売！！",https://gamemarket.jp/booth/game/6048,ok,3
707,RoundTableCommunications,土曜 - K010,一般土曜,https://gamemarket.jp/booth/1928,1928,ok,"◢◤◢◤◢◤◢◤◢CAUTION◤◢◤◢◤◢◤◢◤
手下からの入電
「BOSS大変です！参考人が増えました！」
出番の少ないアノ人たちも参戦！
◢◤◢◤◢◤◢◤◢CAUTION◤◢◤◢◤◢◤◢◤
カード追加、ルール追加ありの参考人最新版の登場です。
毎回ご好評頂いている参考人がバージョンアップしました！
「
参考人 FinalCase
」を販売します。
推理ゲームがお好きの方、
心理戦で出し抜きたい方、
灰色の脳細胞をお持ちの方、
このフレーズにピンと来たら
Round Table Communications へ！
「マニュアル読んだだけじゃ、面白いかどうかわかんないよー」
お気持ちわかります！
試遊できますので、是非お試し下さい！",https://gamemarket.jp/booth/game/1928,ok,1
708,アニマルウィップ,土曜 - K011,一般土曜,https://gamemarket.jp/booth/3983,3983,ok,"noteさん(@note_bg)がTwitterで公募したことがきっかけで出来た学生サークル……今やみんな社会人ですが継続しています!!
お互い面識が無いところから作り始め、制作段階から全てがオンライン!!
・ゲムマ2021春デビュー＆2026秋で11回目の出展 ※2023秋以外連続
・ジャンル問わず面白いゲームを作りたい！
2024春【それはオレのおニクだ！】
2024秋【Wald Builder(ヴァルトビルダー)】※2026春第二版
2025秋【Insel Seeker(インゼルシーカー)】
2026秋【DoppelHand(ドッペルハンド)】",https://gamemarket.jp/booth/game/3983,ok,10
709,永田,土曜 - K012,一般土曜,https://gamemarket.jp/booth/6165,6165,ok,"「永く楽しめる」がモットーのボードゲーム制作サークル 永田（ながた）です ！
🔔 ゲームマーケット2025秋、両日初出展
🐱 ダウト系七並べゲーム『ニャニャ』鋭意製作中",https://gamemarket.jp/booth/game/6165,ok,1
710,ORUCAgames,土曜 - K013,一般土曜,https://gamemarket.jp/booth/2441,2441,ok,初めましてこんにちは、外鴨なきくと申します。「ORUCAgames」という名前のサークルやっています。過去のゲムマやエッセンシュピールで『最強ガキ大将No.1』『教会VSルティン・ルター』『NumberplaceCity』『おててアーティスト』『ツーシーソー』『おおかみようじん』『SATORI』『まだらの水殺人事件』『ハシゴーアウト』を出しました。新作の『Sazaedo』をゲームマーケット２０２６春に持って行きます。,https://gamemarket.jp/booth/game/2441,ok,10
711,kamiasobi,土曜 - K014,一般土曜,https://gamemarket.jp/booth/5046,5046,ok,"印刷会社発のカードゲームプロジェクト。
全国の日本酒のラベル・パッケージを得意とする、
企画・デザイン＆印刷のプロ達が考えたオリジナルのボードゲームを制作販売しています。
【★7種のボードゲームで参戦★】
●神さま日本酒でございます ●神さま日本酒おつぎします
●ワードコンセプ塔 ●YAONE ●七福神めくり ●シロブシン ●うっかり酒屋の徳兵衛さん",https://gamemarket.jp/booth/game/5046,ok,7
712,monopy,土曜 - K015,一般土曜,https://gamemarket.jp/booth/4216,4216,ok,"【ブース情報】
ブースお立ち寄りの皆様、全員に！！
旧作、全タイトルをGM特価価格より
更に割引イベントを実施します✨✨
☆イカサマーゲームDX
ゲムマ2024秋にて好評につき完売した
「イカサマーゲーム」のデラックス版
心理戦ありの駆け引きを楽しみつつ
パーティー要素ありの🦑
ちょっとパリピなイカサマカードゲーム
イカサマーゲームDX動画
基本ルール：変更なし、ポイントルール：デラックスに変更
プレイ人数：最大４→５人に拡大
親マーカー、ベットマーカーがよりキュートに♥
キャラカードが追加され益々、戦略的に楽しめます
イカサマーゲーム公式サイト
※一部、情報が「旧版」の情報となります
【ゲームマーケット特典】
「HAPPINESS THEME PARK」
ご購入または過去に購入して頂いた方、全員に
プロモタイルをプレゼント♪♪
「イカサマーゲームDX」に加えて
monopyが2021～2025秋ゲームマーケットにて
リリースしました5タイトルを販売
☆テーマパーク運営ゲーム
「HAPPINESS THEME PARK」
HAPPINESS THEME PARK公式サイト
☆戦国 銭ゲバ策略ゲーム
「五右衛門」
五右衛門 公式サイト
☆魔法少女系２人用協力型ゲーム
「ラーナと魔王」
真実の愛には障壁はつきもの
ラーナと魔王 公式サイト
☆大移動サバイバルカードゲーム
「GNU／Cross The River」
GNU公式サイト
☆重量級ダイスロールエリアマジョリティ
「清須会議」
2025秋クラファン240%超えの話題作！！
清須会議クラファンサイト
※残り僅かとなりますのでご検討の方はお早めに
◆価格について
ゲームマーケット特別価格となりますので
是非、この機にご検討お願いします",https://gamemarket.jp/booth/game/4216,ok,7
713,King's Court,土曜 - K016,一般土曜,https://gamemarket.jp/booth/6887,6887,ok,,https://gamemarket.jp/booth/game/6887,ok,0
714,DOYA GAMES（ドヤゲームス）,土曜 - K017,一般土曜,https://gamemarket.jp/booth/4083,4083,ok,"アクセスありがとうございます！ボードゲームの同人制作サークルの「ドヤゲームス」と申します。
2021年4月にボードゲームが好きな友人を集めて、「ドヤ」と誇れるゲームを、世界に。
という思いで立ち上げました。
【ゲームマーケット2026秋】ドヤゲームスのお品書き
2026年10月17日（土）開催の
「ゲームマーケット2026秋」
に、ドヤゲームスが出展します！
今回の目玉は、人間とビーバーが激突する
非対称対戦ボードゲーム『ダムバト！』
です。
ダムの建設で、“流れ”を変えろ。
『ダムバト！』とは？
プレイヤーは
人間とビーバー
に分かれて対決！
ダムを建設して川の流れを変えながら、それぞれ異なる勝利条件の達成を目指します。
立場によって使えるアクションや戦い方が異なる、熱い
非対称バトル
が楽しめます。
さらにビーバー側には、一発逆転を狙える秘伝の大技
「メテオ」
も！
ダムを破壊し、戦況を一気にひっくり返せ！
プレイ人数：
2～4人
対象年齢：
8歳以上
プレイ時間：
45～60分
ゲームマーケット会場では、
イベント特価 3,000円（税込）
で販売します！
ゲームマーケット限定購入特典
会場で『ダムバト！』をご購入いただいた方には、
特製ステッカーをプレゼント！
個性豊かなキャラクターの中から、ランダムで1種をお渡しします。
ダムバト！ めじるしアクリルチャームセット
『ダムバト！』に、キャラクターの
めじるしアクリルチャーム
が付いたセットも販売します。
チャームはランダムで1種入りです。
セット価格：
3,500円（税込）
ぜひ当日は、
ドヤゲームスのブース
へ遊びに来てください！",https://gamemarket.jp/booth/game/4083,ok,6
715,Yubune games,土曜 - K018,一般土曜,https://gamemarket.jp/booth/5529,5529,ok,,https://gamemarket.jp/booth/game/5529,ok,3
716,トナカイゲームス,土曜 - K019,一般土曜,https://gamemarket.jp/booth/6446,6446,ok,,https://gamemarket.jp/booth/game/6446,ok,0
717,30MinutesGames(TMG),土曜 - K020,一般土曜,https://gamemarket.jp/booth/6438,6438,ok,"初めまして、30Minutes Gamseです。
わたしたちは「初心者でも30分で遊べる楽しいボードゲーム体験」を目標にボードゲームの製作を行っています。
「ボードゲームって人生ゲームみたいな子供だましの遊びでしょう？」
「難しいボードゲームはよくわからない…」
そんな人達に「そこでボードゲームを見切ってしまわないで欲しい！」という思いの元に集まったメンバーで活動しております。
熟練のボードゲーマーさんにはちょっと物足りないかもしれません。
でもボードゲームの面白さをたくさんの人に知ってもらいたい。
そんなわたしたちですが、どうぞよろしくお願いします。",https://gamemarket.jp/booth/game/6438,ok,2
718,TOYLO VENUS,土曜 - K021,一般土曜,https://gamemarket.jp/booth/4722,4722,ok,"こんにちは！TOYLO VENUSです！
みんなで協力して戦隊になる「個性戦隊カブランジャー」を作りました！
その場の空気で自分の担当する物を被らないように出すコミュニケーション✕協力のゲームです！
カードが70枚入ってて500円！！
土曜日K021でお待ちしております！",https://gamemarket.jp/booth/game/4722,ok,4
719,The Game Gallery,土曜 - K022,一般土曜,https://gamemarket.jp/booth/1352,1352,ok,ボードゲームのレビューに関する本を用意しております,https://gamemarket.jp/booth/game/1352,ok,0
720,WarmNightBooks,土曜 - K023,一般土曜,https://gamemarket.jp/booth/6051,6051,ok,「ページをめくるようなあそびで、夜にぬくもりを。」をテーマに、兄弟でボードゲームづくりをしています。,https://gamemarket.jp/booth/game/6051,ok,2
721,はねのけぶとん,土曜 - K024,一般土曜,https://gamemarket.jp/booth/6533,6533,ok,ボードゲームサークル【はねのけぶとん】です！,https://gamemarket.jp/booth/game/6533,ok,3
722,リヒトキングダム,土曜 - K025,一般土曜,https://gamemarket.jp/booth/6506,6506,ok,声優・小笠原早紀が主宰するボードゲーム制作サークル、リヒトキングダムです。ゲームマーケットでブース出展します！,https://gamemarket.jp/booth/game/6506,ok,1
723,山田田中企画,土曜 - K026,一般土曜,https://gamemarket.jp/booth/6888,6888,ok,,https://gamemarket.jp/booth/game/6888,ok,0
724,二度あることはサンドボックス,土曜 - K027,一般土曜,https://gamemarket.jp/booth/6183,6183,ok,"💥🤪🎉🧨🎲🔥🚨👀🃏🎪💣✨🤯🚀⚡💥🤪🎉🧨🎲🔥🚨👀🃏🎪💣✨🤯🚀⚡💥🤪🎉🧨🎲🔥🚨👀🃏🎪💣✨🤯🚀⚡💥🤪🎉🧨🎲🔥🚨👀🃏🎪💣✨🤯🚀⚡💥🤪🎉🧨🎲🔥🚨👀🃏🎪💣✨🤯🚀⚡💥🤪🎉🧨🎲🔥🚨👀🃏🎪💣✨🤯🚀⚡💥🤪🎉🧨🎲🔥🚨👀🃏🎪💣✨🤯🚀⚡💥🤪🎉🧨🎲🔥🚨👀🃏🎪💣✨🤯🚀⚡💥🤪🎉🧨🎲🔥🚨👀🃏🎪💣✨🤯🚀⚡💥🤪🎉🧨🎲🔥🚨👀🃏🎪💣✨🤯🚀⚡💥🤪🎉🧨🎲🔥🚨👀🃏🎪💣✨🤯🚀⚡💥🤪🎉🧨🎲🔥🚨👀🃏🎪💣✨🤯🚀⚡💥🤪🎉🧨🎲🔥🚨👀🃏🎪💣✨🤯🚀⚡💥🤪🎉🧨🎲🔥🚨👀🃏🎪💣✨🤯🚀⚡💥🤪🎉🧨🎲🔥🚨👀🃏🎪💣✨🤯🚀⚡💥🤪🎉🧨🎲🔥🚨👀🃏🎪💣✨🤯🚀⚡💥🤪🎉🧨🎲🔥🚨👀🃏🎪💣✨🤯🚀⚡💥🤪🎉🧨🎲🔥🚨👀🃏🎪💣✨🤯🚀⚡💥🤪🎉🧨🎲🔥🚨👀🃏🎪💣✨🤯🚀⚡💥🤪🎉🧨🎲🔥🚨👀🃏🎪💣✨🤯🚀⚡
🎲🔥🚨👀🃏🎪💣✨🤯🚀⚡💥🤪🎉🧨🎲🔥🚨👀🃏🎪💣✨🤯🚀⚡💥🤪🎉🧨🎲🔥🚨👀🃏🎪💣✨🤯🚀⚡💥🤪🎉🧨🎲🔥🚨👀🃏🎪💣✨🤯🚀⚡💥🤪🎉🧨🎲🔥🚨👀🃏🎪💣✨🤯🚀⚡💥🤪🎉🧨🎲🔥🚨👀🃏🎪💣✨🤯🚀⚡💥🤪🎉🧨🎲🔥🚨👀🃏🎪💣✨🤯🚀⚡💥🤪🎉🧨🎲🔥🚨👀🃏🎪💣✨🤯🚀⚡💥🤪🎉🧨🎲🔥🚨👀🃏🎪💣✨🤯🚀⚡💥🤪🎉🧨🎲🔥🚨👀🃏🎪💣✨🤯🚀⚡💥🤪🎉🧨🎲🔥🚨👀🃏🎪💣✨🤯🚀⚡💥🤪🎉🧨🎲🔥🚨👀🃏🎪💣✨🤯🚀⚡💥🤪🎉🧨🎲🔥🚨👀🃏🎪💣✨🤯🚀⚡💥🤪🎉🧨🎲🔥🚨👀🃏🎪💣✨🤯🚀⚡💥🤪🎉🧨🎲🔥🚨👀🃏🎪💣✨🤯🚀⚡💥🤪🎉🧨
🤯
🧨
🚨
🎲
🚨🚨 2026秋ゲムマ大暴れ確定!! 🚨🚨 サンドボックスがまた来るぞ!! 逃げろ!! いや逃げるな!! 🚨🚨 2026秋ゲムマ大暴れ確定!!
🚀 NEXT STAGE ✦ Autumn 2026 💥
🎉🎉 二度あることは
サンドボックス！ 🎉🎉
🤯さらなる混乱をお届けします！🤯
🗓️ 2026秋のゲムマ ✦ 出展決定！！ 💥
🧨
『リョウリノトリデ』旋風🌀
🤝
リョウリバトル
の快感！
🃏 2026秋、展示が
爆裂進化!!
💣 会場を
ワイワイ大混乱
に陥れます🤪
#ボドゲ🎲
#ゲムマ2026秋🥮
#パーティ🎉
📺
▶️ YouTube開発ログ!!
🛠️ 裏側を
完全暴露!!
👀
🔔 チャンネル登録で目撃者になれ!!
👇 今すぐ登録!! @nidosandbox 👇
🎲💥🃏🎪✨😆🎲💥🃏🎪✨😆🎲💥🃏🎪✨😆🎲💥🃏🎪✨😆🎲💥🃏🎪✨😆
🎪
Game Market 2026 Autumn
🎪
📍 会場：
幕張メッセ
🔥🔥
詳細は続報を待て！！
🔥🔥
💥
🤪
💣
🔥
🧨
🎉
🚨
🎲",https://gamemarket.jp/booth/game/6183,ok,6
725,アンシャンゲームズ,土曜 - K028,一般土曜,https://gamemarket.jp/booth/5260,5260,ok,"サークル：『アンシャンゲームズ』 ※旧名：トランプ部
2024春出展作品：『リフレクトルタ』
2024秋出展作品：『メレベイユ』
2025秋出展作品：『童話人狼～アリス探しの一夜裁判～』
2026秋出展予定作品：
・『童話人狼～赤ずきんとハロウィンの夜～』
・『ポンコン～ダマして、そろえて、化かし合い～』
アナログゲームやデジタルゲームを制作していきます。
以前は「トランプ部」という名前で活動していましたが、昨今の情勢を見て、
勘違いの起こりかねないサークル名を改名した次第です。
気持ちを新たに頑張りますので、よろしくお願いします！",https://gamemarket.jp/booth/game/5260,ok,5
726,ピリオド・ゲームズ,土曜 - K029,一般土曜,https://gamemarket.jp/booth/2074,2074,ok,"【ピリオド・ゲームズ サークル紹介】
歴史や架空歴史(IF)のボードゲームを制作するサークルです。重量級のマルチゲームをメインに扱っています。
今回は新作3つを投入！ ぜひご興味のあるテーマのゲームを見に来てください！
ゲムマ2023秋【お品書き】
【ピリオド・ゲームズ】
・【新作】トリテライク採掘ゲーム「ステラディガ！」
・【新作】拡張「メイドマフィアKH ~ ハコダテ乗っ取り作戦 ~」
・【新作】「国防軍の夜３ 赤き星の革命-1918-」",https://gamemarket.jp/booth/game/2074,ok,9
727,studio KAWAZOI,土曜 - K030,一般土曜,https://gamemarket.jp/booth/5539,5539,ok,"ゲームマーケット2024秋に「そすーと」と「ほれほーれ」
ゲームマーケット2025春に「オーメント」
ゲームマーケット2025秋に「ぼっちアフロくん」
ゲームマーケット2026春に「新・そすーと キング＆ベビー」
を出展。",https://gamemarket.jp/booth/game/5539,ok,5
728,0169,土曜 - K031,一般土曜,https://gamemarket.jp/booth/3690,3690,ok,"●親愛内なる皆様、ごきげんよう
サークル""0169""は2026年春のゲームマーケットは３種類のカードを状況を読みながら組み合わせ、相手を出し抜く心理戦カードゲーム【Levant（レバント）】を頒布させていただく。
このゲームは2-4人用のもので推奨人数は4人だ。
遊び方としてはシンプルでカードの組み合わせを覚えるだけで、あとは共にゲームを囲んだ相手の性格を読みながら適切な選択をするといい。
問題は人の心は簡単には読めないという点だけだ。
--------------------
●当日販売情報
毎度ながら在庫が少ない過去作をちょっぴり持っていくぞ。
興味があればぜひ立ち寄って声をかけてくれたまへ
--------------------
●2026春のお品書き
・【Levant（レバント）】
人数2-4人用 時間30-45程度 対象年齢6+
値段￥3，500
コンポーネント情報
カード、説明書
・【HEXE（ヘクセ）】
人数4-7人用 時間30-45程度 対象年齢6+
値段￥3，500
コンポーネント情報
カード、サマリーボード、説明書
・【Friday?（フライデー）】
人数3-8人用 時間30程度 対象年齢6+
値段￥3，500
コンポーネント情報
カード、砂時計、説明書
・【De doodsgrens（デッドーズフレンツ）】
人数2.3人用 時間15～30程度 対象年齢6+
値段￥3，500
コンポーネント情報
布製プレイシート、金属駒（メダル）、トークン、専用ダイス、説明書
・【La Peste（ラペスト）】
人数2-5人用 時間15～30程度 対象年齢10+
値段￥3，500
コンポーネント情報
専用カード（プレイボードおよびトラッシュボード）、トークン、説明書
・【IL VALORE（イルヴァローレ）】
人数3-5人用 時間30程度 対象年齢10+
値段￥3，500
コンポーネント情報
専用カード、トークン、麻袋、説明書",https://gamemarket.jp/booth/game/3690,ok,5
729,アヂサワゲーム,土曜 - K032,一般土曜,https://gamemarket.jp/booth/1503,1503,ok,"アヂサワゲームです。野球ゲーム「タイムリーヒットエンドヒット」「ヌイグルミ野球 カウントスリーツー」、ボートレースゲーム「トーネードスプラッシュ2」、バスケットボールゲーム「バスケットボドゲール」、オナラ大会「第76回全国放屁大会」など製作。
過去作（絶版）相撲ゲーム「スモガメ東西対抗戦」、地形ゲーム「信濃國土豪衆」、ラグビーゲーム「ボォドラグビーFBK」、ボートレースゲーム「トーネードスプラッシュ」。",https://gamemarket.jp/booth/game/1503,ok,6
730,じゅごんゲームズ,土曜 - K033,一般土曜,https://gamemarket.jp/booth/4863,4863,ok,ゲームマーケット2026年春 土曜A31にて出展いたします！,https://gamemarket.jp/booth/game/4863,ok,9
731,愉快班,土曜 - K034,一般土曜,https://gamemarket.jp/booth/4133,4133,ok,"世を騒がす人間の業で、愉快に遊ぶ。 ボードゲーム制作ユニット【愉快班】です。
おじさん構文大喜利ポーカー「おじさん構文、つくっちゃおうｶﾅ？」
ギャルマインド歌会ゲーム「ギャル短歌七七」
半額弁当争奪ゲーム「半額ハンターロワイアル」
ラブコメアニメの”神回”予告量産ゲーム「トキメキ！次回予告学園」
＼New‼／
ゲムマ2025秋
今度は働くギャル！「働くギャル短歌七七」
「ギャル短歌七七」
ギャルマインド溢れる100種類の言葉を組み合わせて、バイブスのアガる句を作ろう！
一番バイブスのアガる句を詠んだギャルには…ギャルピース‼︎
「半額ハンターロワイアル」
”真の半額弁当”を手に入れるためには、動体視力と反射神経が重要だ！
ライバルの半額ハンターよりも素早く、正確に”半額”弁当を手に入れろ！
ただし…そのシールが”半額”とは限らない…
「半額」に似た誤植がたくさん含まれたシールが次々お弁当に貼られていく…
正の「半額」シールが貼られた時に一番早く反応できた人が勝ちのアクションゲーム！
あなたは真の半額ハンターになれるか！！
「トキメキ！次回予告学園」
大変！次回予告学園に入学した私が廊下の曲がり角でぶつかったのは
なんと幼い頃に初恋をした1学年上の先輩！
しかし、摩訶不思議なできごとにどんどん巻き込まれて...
一体、私の恋はどうなっちゃうの～！？
ネタバレ、超現実、ベタ展開…神回ならば何でもあり！
奇想天外なカードを組み合わせて、誰よりも見たくなる「次回予告」を作り出せ！
BOOTH: yukaihan.booth.pm/items/3470961",https://gamemarket.jp/booth/game/4133,ok,6
732,いかるが図録,土曜 - K035,一般土曜,https://gamemarket.jp/booth/6889,6889,ok,"お寺専門のプロガイドが作成した、完全オリジナルの仏像カードゲーム！
『ぶつぞうポーカー 仏カード』(1800円)
仏像には「役割によるグループ分け」や「仲良しチーム」があります。
54枚54種の個性豊かな仏像を集めて『徳点』を積み上げよう！
目指せ！仏像マスター！",https://gamemarket.jp/booth/game/6889,ok,1
733,Dusk Games,土曜 - K036,一般土曜,https://gamemarket.jp/booth/6612,6612,ok,"ボードゲーム制作サークル『Dusk Games(ダスクゲームズ)』です。
ゲームマーケット2026秋の10月17日(土)にブース番号【Ｋ36】で出展します。
よろしくお願いします。",https://gamemarket.jp/booth/game/6612,ok,2
734,王道エンターテイメント,土曜 - K037,一般土曜,https://gamemarket.jp/booth/2059,2059,ok,"ボードゲーム制作の株式会社王道エンターテイメントの公式アカウントです。
ゲームまたはゲーム制作に関するご質問・お問い合わせには
このアカウントで直接お答えしますので、お気軽にお尋ねください。
maou.jp/oudohp",https://gamemarket.jp/booth/game/2059,ok,3
735,POLAR POND GAMES,土曜 - K038,一般土曜,https://gamemarket.jp/booth/1901,1901,ok,"""RETRONIK""、""POLAR PONG GAMES""と""アナログランチボックス""の3つの名義で活動中です。
2025年秋は、POLAR PONG GAMES名義の新作をリリースします。",https://gamemarket.jp/booth/game/1901,ok,26
736,オマエんチ,土曜 - K039,一般土曜,https://gamemarket.jp/booth/5943,5943,ok,"「今日の放課後、オマエんチ集合なー！」
何か目的があって集まるわけではない。
何か意味があることをするわけでもない。
でもなんとなく集まっているだけで、
面白くて、楽しくて、充実している。
そんな少年時代の童心を取り戻せるような場を
大人になってもつくりたいという想いで
我々はボードゲームを制作しています。
Be a kid again. -かえってみよう、童心に-",https://gamemarket.jp/booth/game/5943,ok,6
737,TakeWatchGames,土曜 - K040,一般土曜,https://gamemarket.jp/booth/3529,3529,ok,"本ブースでは重量級ボードゲーム「クリュニー」が購入できます。
ゲーム概要→
ルール→
予約受付→",https://gamemarket.jp/booth/game/3529,ok,1
738,ずんだボードゲーム会,土曜 - K041,一般土曜,https://gamemarket.jp/booth/6890,6890,ok,"ずんだボードゲーム会有志による初ボドゲ制作＆初出展！
渾身のデビュー作をお見逃しなく！🫛🫛🫛
▼当日販売物一覧
【ずんだトリテ】
￥2,000(会場価格)／ジャンル／人数／時間／年齢
【ZUNDA energy】
￥2,000(会場価格)／ジャンル／人数／時間／年齢
【
ずんももん
】
￥1,500(会場価格)／お手軽五目並べ／２人／５～１５分／８歳～
【
コール！コール！コール！日本全国コール選手権
】
￥1,500(会場価格)／スピードアクション／3〜6人／5〜15分／10歳〜
▼ご予約はこちら
https://forms.gle/DrSMvcbhF9nNP8E38",https://gamemarket.jp/booth/game/6890,ok,3
739,鳴海製作所娯楽部,土曜 - K042,一般土曜,https://gamemarket.jp/booth/2118,2118,ok,"New!
抵抗カラーコード神経衰弱",https://gamemarket.jp/booth/game/2118,ok,7
740,かるくる,土曜 - K043,一般土曜,https://gamemarket.jp/booth/4766,4766,ok,"【かるくる】は”かるくくるったゲーム”を中心に制作活動を行っています。
奇妙な設定としっかりとしたゲーム性の両立を目指します。
2024年秋 【迷宮小路】【かわいいのろい 安心版】
2024年春 【鬼曼荼羅ガール髄】【回廊】
2023年秋 【次の夜にて、ピエロのサンゲキ】【かわいいのろい】【ばにゃーるまみれとーれ】発売予定
2023年春 【鬼曼荼羅ガール】【帝国外道回廊】発売。",https://gamemarket.jp/booth/game/4766,ok,9
741,セイムテーブル,土曜 - K044,一般土曜,https://gamemarket.jp/booth/5616,5616,ok,私たちsametableは、テーブルゲームというツールを用いて、老若男女・地域・人種などを超えた誰もが楽しめるコミュニティの形成を促します。これが私たちsametableのビジョンです。,https://gamemarket.jp/booth/game/5616,ok,4
742,茄子工房,土曜 - K045,一般土曜,https://gamemarket.jp/booth/6720,6720,ok,,https://gamemarket.jp/booth/game/6720,ok,6
743,残ったピザどうする～？！,土曜 - K046,一般土曜,https://gamemarket.jp/booth/6718,6718,ok,,https://gamemarket.jp/booth/game/6718,ok,0
744,ヴェルフェル@大宮ボドゲ会,土曜 - K047,一般土曜,https://gamemarket.jp/booth/1423,1423,ok,協力型ボードゲーム「みんなのさいたマップ」の拡張！とみんなでワイワイ楽しめる新作ゲーム「埼玉発見！Rank×Linkさいたま」を頒布します！大宮でボードゲーム会をやっていますので、そちらも是非！,https://gamemarket.jp/booth/game/1423,ok,3
745,パンダキネマ,土曜 - K048,一般土曜,https://gamemarket.jp/booth/6184,6184,ok,"パンダキネマは、映画の様に様々なジャンルの作品を発表する創作サークルです。
2025秋『Trico!』『イカタコ』
2026春『モコチャカ』『こいこいのぼり真打』『BASH&SMASH』
2026秋『ビビルの塔』",https://gamemarket.jp/booth/game/6184,ok,6
746,kiit,土曜 - K049,一般土曜,https://gamemarket.jp/booth/5538,5538,ok,"●―○―●―○―●―○―●―○―●―○―●
BOOTH で好評販売中！！
「バトルアリーナ 拳の覚醒」、「どこもかしこもねこのもの」
https://kiit.booth.pm/
遊び方動画はこちら！
https://www.youtube.com/@kiit5448
●―○―●―○―●―○―●―○―●―○―●
「COOKIE MAZE（クッキーメイズ）」、予約分完売しました！ありがとうございました！
追加生産など最新情報は X をご確認ください。
https://x.com/kiit5448
ご購入いただいたゲームへのご質問、不良品などは X の DM か以下のメールアドレスまでお問い合わせください。
kiit5448@gmail.com",https://gamemarket.jp/booth/game/5538,ok,0
747,タビノミチヅレ,土曜 - K050,一般土曜,https://gamemarket.jp/booth/6891,6891,ok,,https://gamemarket.jp/booth/game/6891,ok,0
748,Tier-4 Games,土曜 - K051,一般土曜,https://gamemarket.jp/booth/5552,5552,ok,"「やりたいこと全部やる」
Tier-4 Gamesはデジタル・アナログを問わず作りたいものを作る
そんなインディーズゲーム開発サークルです。",https://gamemarket.jp/booth/game/5552,ok,2
749,ワサビゲームズ,土曜 - K052,一般土曜,https://gamemarket.jp/booth/6141,6141,ok,,https://gamemarket.jp/booth/game/6141,ok,1
750,Seeker Games,土曜 - K053,一般土曜,https://gamemarket.jp/booth/4605,4605,ok,SeekerGamesは家族やともだちとワイワイ楽しく盛り上がるファミリーゲームを中心に創作活動をしています。,https://gamemarket.jp/booth/game/4605,ok,5
751,Avignon Games,土曜 - K054,一般土曜,https://gamemarket.jp/booth/4431,4431,ok,"アヴィニョンゲームズ制作ゲーム一覧
『ポーズマニア！』（SNSにて350万回再生！）
『ぽらにめあん』（川崎フロンターレの選手さんたちに遊んでいただきました！）
『アメイジングロボット』（オモコロチャンネルさんにて遊んでいただきました！）
『アル×ナイドッチ？』(クラウドファンディングにて154人に支援いただき154%達成！)
『ソノトキボクハ』(amazon新着ボードゲームランキング5位)",https://gamemarket.jp/booth/game/4431,ok,12
752,ぽんべに商店,土曜 - K055,一般土曜,https://gamemarket.jp/booth/6892,6892,ok,,https://gamemarket.jp/booth/game/6892,ok,0
753,株式会社木元省美堂,土曜 - K056,一般土曜,https://gamemarket.jp/booth/6893,6893,ok,,https://gamemarket.jp/booth/game/6893,ok,0
754,十月十日+十人十色,土曜 - K057,一般土曜,https://gamemarket.jp/booth/5089,5089,ok,"2026秋「かめとジェリー」
2024春「ホースマジュール」
2023秋「AWSSterra」頒布",https://gamemarket.jp/booth/game/5089,ok,3
755,一般社団法人REARV,土曜 - K058,一般土曜,https://gamemarket.jp/booth/5624,5624,ok,"「REALとVRをA:アナログゲームでつなぐ！」
世界初のVRアナログゲーム貿易企業です。
VRCharでアナログゲームのワールド制作を請け負っています。
あなたのゲームを世界で一番クオリティの高い形でVR化致します。
デジタルアーカイブとして、あなたの作品をメタバースに遺しませんか？
代表作：「VRガンナガン」「VRブラッドリコール」「VRギャンパラ」",https://gamemarket.jp/booth/game/5624,ok,0
756,一般社団法人国際箸学会,土曜 - K059,一般土曜,https://gamemarket.jp/booth/6185,6185,ok,"お箸を使った「箸タイム」というゲームを開発・販売しています。1分間で何個のピーナッツを移動できるかのゲームや、5つの箸技でリング移動の速さを競うゲーム（日米特許取得）、そのほかにもピーナッツやリングを積んだり遊び方は無限大！
1人でも、団体でも。シンプルなゲームなので子供から大人まで、国籍も問わず遊べます。毎年2月に世界大会も開催しています。",https://gamemarket.jp/booth/game/6185,ok,1
757,キカクケイカク,土曜 - K060,一般土曜,https://gamemarket.jp/booth/5890,5890,ok,"同人サークル『夜尾町』のブースです。
『夜尾町』は、サークルメンバーそれぞれの死ぬまでにやりたいことリストを着実に消化していくために結成された、様々なことに取り組むクリエイター集団です。
ゲームマーケットではボードゲームの他にも、インセインや新クトゥルフ神話TRPGのシナリオなども出せたらと考えております。
よろしければ応援お願いします。",https://gamemarket.jp/booth/game/5890,ok,3
758,くろねこループ,土曜 - K061,一般土曜,https://gamemarket.jp/booth/5071,5071,ok,"ボードゲームサークル、くろねこループです！
小さめのかわいいドット絵のゲームを作っています。",https://gamemarket.jp/booth/game/5071,ok,11
759,YYKオークションポーカー,土曜 - K062,一般土曜,https://gamemarket.jp/booth/6894,6894,ok,,https://gamemarket.jp/booth/game/6894,ok,0
760,空葉堂(KUYODO),土曜 - K063,一般土曜,https://gamemarket.jp/booth/4042,4042,ok,"こんにちは！ 空葉堂
(KUYODO)
と申します。
ふだんは東京都新宿区で空葉堂書店という本屋さん運営等をしております。ゲームマーケット2026春では
『黙談
-Silentalk-
』
を、販売させていただきます。協力ゲームで、コミュニケーション制限系で、150以上のパズルミッションが楽しめます。出展は5/23(土)のみ、ブース番号は【土-Ｈ１５】です。皆さまとお会いできますことを楽しみにしております☺️🌸",https://gamemarket.jp/booth/game/4042,ok,5
761,JUGAME STUDIO,土曜 - K064,一般土曜,https://gamemarket.jp/booth/1801,1801,ok,"カードゲームを中心とした軽量ゲームを作成しています。
2026秋 ポケットミュージアム
2026春 真打ポケット「TRPG落語編」
2025秋 ラストダンジョン ダイス拡張パック 赤&青 / 大名パレード
2024秋 ディグ&コレクト
2024春 ラストダンジョン ダイス & 拡張パック / ダイシーコーヒードリッパーズ ファーストバッチ
2023秋 月からの脱出 ポケット / ジンクラフターズ
2023春 ラストダンジョン ポケット
2022秋 7つの未解決事件 ポケット / 鎌倉お散歩マップ（プロトタイプ）
2022春 コーヒーショップ ポケット
2021秋 スターマインラミー ポケット / ソロキャンプ ポケット / 真打 ポケット / ワインレーティング ポケット
2021春 金魚商 / 唎酒 / 鎌倉千社札
2020秋 サクラフロントカード
2019春 BONSAI UCHU
2018秋 100%ビーフショーダウン
2018春 カマクラコレクション / グランドオープニング
2017秋 サクラハント / パーフェクトホテル
2017春 ワインレーティング拡張 / サクラハント（プロト）
2016秋 真打 / ワインレーティング / ORGANIZER 2017",https://gamemarket.jp/booth/game/1801,ok,30
762,てねずっとGames,土曜 - K065,一般土曜,https://gamemarket.jp/booth/5891,5891,ok,"ゲームマーケット2026秋に出展します！
新作『スキあり！ぜんしんけん』は、
相手のスキを見抜き、連撃で技を出し切る
2～4人用・約15分の格闘カードゲームです。
『すすめ！コーギー！GP』など、
既存作品も持ち込み予定です。",https://gamemarket.jp/booth/game/5891,ok,8
763,からあげチョコパイ,土曜 - K066,一般土曜,https://gamemarket.jp/booth/5284,5284,ok,"ボドゲにハマった元DMMのWebエンジニアとエヴァ・ガンダムの元3Dアニメーター2人によるサークルです！
ボドゲが苦手な人や、勝ち負けを競うのが苦手な人でも楽しめるゲームを目指しています！",https://gamemarket.jp/booth/game/5284,ok,0
764,NajiraGames,土曜 - K067,一般土曜,https://gamemarket.jp/booth/5531,5531,ok,"NajiraGames（ナジラゲームズ）です！
ゲームマーケット2025春に出展します。
2025春では、『銘柄カクテル「鬼たのし」』を頒布します。
ぜひお気軽に遊びに来てください！",https://gamemarket.jp/booth/game/5531,ok,1
765,Dimidium木星文庫,土曜 - K068,一般土曜,https://gamemarket.jp/booth/4797,4797,ok,楽しくゲームを作ろう！ 「COOKPOT!」、「expedition」、「うちのブタの貯金箱、盗んじゃった！」、「FakeLover!」などのゲームを制作/発売しました。 企画からアート、制作まで独自に開発します。,https://gamemarket.jp/booth/game/4797,ok,14
766,Dice-Knot(PR),土曜 - K069,一般土曜,https://gamemarket.jp/booth/2269,2269,ok,"旧サークル名【ビストロ怪談倶楽部】
現在までホラーカードゲーム『掴恋慕～かくれんぼ～』、本物の砂を使った室内型棒倒し『砂上のROW閣』、大喜利系創作伝言ゲーム『はこにわ～るど』、お天気を決めるトリックテイキング『あ～した天気にニャ～れ!!』麻雀の様なダイスゲーム『虹華賽目-Kohka Saimoku-』デジタル数字でBINGOを作ろう『でじたすBINGO』ネコ鍋を作る新感覚トリテ×パズル『もふなべ』インスト不要の金言創作大喜利ゲーム『ムチャブリ金言』等計8作品を頒布させて頂いております。
よろしくお願い致します。",https://gamemarket.jp/booth/game/2269,ok,30
767,福岡芸術高等学校 eスポーツ ボド部,土曜 - K070,一般土曜,https://gamemarket.jp/booth/6895,6895,ok,,https://gamemarket.jp/booth/game/6895,ok,0
768,夕焼けゲームズ,土曜 - K071,一般土曜,https://gamemarket.jp/booth/6896,6896,ok,"主に高校生と小学生でボードゲームを作っているサークルです。
東京ゲームマーケット2026 秋は『フェイント！』という「入札読み合いゲーム」を出品します。
ポーカー好きの方におすすめです。当日は試遊できます。
お待ちしています！",https://gamemarket.jp/booth/game/6896,ok,0
769,RAMCLEAR,土曜 - K072,一般土曜,https://gamemarket.jp/booth/1800,1800,ok,海猫沢めろんとツムキキョウによるユニット「RAMCLEAR」です。,https://gamemarket.jp/booth/game/1800,ok,15
770,弾弾王国（タンタンおうこく）,土曜 - K073,一般土曜,https://gamemarket.jp/booth/6897,6897,ok,"ピアノ講師が2年かけてつくった、音楽教育ボードゲームです。
駒を弾いて音符を集め、遊びながらリズムと拍子がわかるようになります。",https://gamemarket.jp/booth/game/6897,ok,0
771,教授のここだけのゲーム,土曜 - K074,一般土曜,https://gamemarket.jp/booth/1121,1121,ok,"YouTubeチャンネル
「教授に訊いてみた」
でおなじみの教授が、
アナログゲーム制作に挑戦！
「せっかくゲームマーケットに出展するなら、
その場でしか手に入らない“作品”にしたい」
そんな思いを込めて、
教授の手作りによるゲームを発表します。
作品はすべて量産不可のため、頒布数は極少数！
お見逃しなく！",https://gamemarket.jp/booth/game/1121,ok,11
772,EnterKeyGames,土曜 - K075,一般土曜,https://gamemarket.jp/booth/6202,6202,ok,,https://gamemarket.jp/booth/game/6202,ok,0
773,ヤマヤタケシと203GAMES,土曜 - K076,一般土曜,https://gamemarket.jp/booth/3183,3183,ok,"とある山奥にオカしなアナログゲームを研究する秘密結社「Yの団」があるのじゃが…
怪人ヤマヤと戦闘員203が夜なべして、うんうん悩みながらイカしたゲームを考えているそうな…
彼らはたまに山から下りてきて、手作りのアナログゲームを頒布しておる。
そんな彼らの屋号、それが、「ボードゲーム秘宝館」じゃよ…。",https://gamemarket.jp/booth/game/3183,ok,15
774,ルドルフゲームズ,土曜 - L001,一般土曜,https://gamemarket.jp/booth/5073,5073,ok,ボードゲームの企画・制作を行うルドルフゲームズ（ルドルフ合同会社）です。みんなで楽しめるゲームを制作しています。,https://gamemarket.jp/booth/game/5073,ok,2
775,つわもの製作所,土曜 - L002,一般土曜,https://gamemarket.jp/booth/5264,5264,ok,"🎉アークライト・ゲーム賞2025 優秀賞受賞🎉
「集え、遊べ、競え。」がモットー！
様々な人たちが集い、垣根を超えて親睦を深め遊び、そしてライバルとして競い合える、
そんな場所やオリジナルゲーム作りを目指して活動中！
⭐︎優秀賞受賞作⭐︎
【Spotters】(スポッターズ)
スナイパーにターゲットの情報を流しライバルを狙撃させろ。ただし忘れるな、自分もターゲットになる可能性があることを、、！
⭐︎すぐ仲良くなれるパーティゲームの決定版⭐︎
ブースでの試遊もできますので、
是非お気軽に遊びに来てください🙋‍♂️
これまでの作品↓もあるので是非！
①ChichRoyale(チンチロワイヤル)
・ゲムマ2024秋に1日で完売した話題作‼️
・サイコロ好きにはたまらない🎲
・重版して今回再登場✨
②HACKLUCK(ハックラック)
・こちらもゲムマ2024秋で完売した作品‼️
・情報をうまく使い誰よりも先にパスワードを暴け🔑
・再入荷希望が多い場合重版予定
→重版希望はリンクから！
③SOSO!!
・初回作にして抜群に盛り上がるゲーム🎉
・粗相にはご注意を😏",https://gamemarket.jp/booth/game/5264,ok,4
776,酔いどれ趣造,土曜 - L003,一般土曜,https://gamemarket.jp/booth/3731,3731,ok,"2021春「BRUJAS DEL SABADO ～サバトのマジョたち～」でデビュー。
2022秋「医食同源 ウマウマ点心罪(積み)ホーダイ」発表。
2023春「Trick o' Roof」発表。
2023秋「指輪を落とさないで」発表。
2024春「TAKEトリックの翁」発表。
2025春「ジェネリックテイキング」「トリックハンティング」発表。
2025秋「サイケデリックテイキング」発表。
2026春「最後の更新」発表。
2026秋「Blender's Tricks」発表予定。
噛み応えもありつつ遊びやすいトリテを数多く作ることを目標に活動中。",https://gamemarket.jp/booth/game/3731,ok,10
777,みすたーあんどみせすげーむず,土曜 - L004,一般土曜,https://gamemarket.jp/booth/4754,4754,ok,"【新作！】
ねこの性格とキゲンを見極める”ねこなで”チキンレース！『きまぐれにゃんこめくり』
【再販！】
楽市フレッシュドラゴン大賞2026大賞！音を聞き分けて場所を推理するボードゲーム『ステップシーカーズ』",https://gamemarket.jp/booth/game/4754,ok,8
778,On bOARd,土曜 - L005,一般土曜,https://gamemarket.jp/booth/6898,6898,ok,,https://gamemarket.jp/booth/game/6898,ok,0
779,カクテル,土曜 - L006,一般土曜,https://gamemarket.jp/booth/5683,5683,ok,"ゲームマーケット2024秋が初出展！
大阪市内で活動するボードゲーム会。
毎月第2日曜日の13:00～17:00で開催。
10人～50人規模。",https://gamemarket.jp/booth/game/5683,ok,4
780,鴨井ファイターズ,土曜 - L007,一般土曜,https://gamemarket.jp/booth/6899,6899,ok,"Q.山がつく名字と言えば？
A.山田！
​お題カードに沿った名字をその場で命名し、記憶を頼りにカード争奪戦！
ルールはたったのこれだけ！1分で誰でも理解できる、超感覚派パーティーゲームが登場です。
直感と記憶力をフル回転させて、一番多くカードを集める「名字キング」を目指せ！
​【ゲームの魅力と遊び方】
​① めくって命名！
山札からお題カードを1枚めくって場に出します。初めて出るお題なら、その場で直感で名字を名付けます！
（山田も、山口も、山本も、ぜんぶOK！）
​② 2度目が出たら、早い者勝ちで叫べ！
ゲームが進み、場に「同じお題」が再び出たら勝負の合図！先ほど名付けた名字を、誰よりも早く叫びましょう。一番早かった人が、場に重なったカードをすべて総取りできます！
​③ 記憶を狂わす！？「あだ名カード」に要注意
このゲームをさらに白熱させるのが、突然現れる「あだ名カード」！
一度つけた名前を、強制的にあだ名に変更させられてしまいます（例：「山田」→「山ちゃん」）。これ以降、元の名前を言ってしまうと不正解に！ 記憶の混乱で爆笑必至！？
​【製品仕様】
​プレイ人数： 2〜6人
​プレイ時間： 約15分
​対象年齢： 6歳以上
​内容物： お題カード32枚 ／ あだ名カード4枚 ／ 説明書1部
​大人も子供も一緒になって、思わず大声で叫んでしまうこと間違いなし！ 手軽にサクッと遊べて大盛り上がりできるボードゲームです。",https://gamemarket.jp/booth/game/6899,ok,0
781,Metoo,土曜 - L008,一般土曜,https://gamemarket.jp/booth/5574,5574,ok,"ゲームマーケット2026秋に出展します！新作あり！
ぜひ皆様遊びに来てください！
販売予約も実施予定です🖐️",https://gamemarket.jp/booth/game/5574,ok,1
782,日刊工業新聞社,土曜 - L009,一般土曜,https://gamemarket.jp/booth/4983,4983,ok,◇日刊工業新聞社・出版局です◇普段は技術書や理工学書といった書籍や専門雑誌を作っています,https://gamemarket.jp/booth/game/4983,ok,3
783,HITOYS,土曜 - L010,一般土曜,https://gamemarket.jp/booth/5854,5854,ok,"ハジキッズは磁石の力で合体するおハジキを使った、2人向けアクションゲームです。ハジキッズの体はヘッド・アーム・レッグパーツの3つに分かれており、相手のハジキッズめがけて自分のパーツをハジいて、どれだけ相手をバラバラにできるかで得点を競います。ボードゲームの割に知性のない脳筋ゲームなのですが、そのぶん子ども(6歳〜)も大人もすぐに熱中できる内容です！特に小学校男子に大人気！
ゲムマのブースではハジキッズの試遊に加え、拡張ルールも楽しめる追加ハジキッズの販売も初めて行う予定です。遊んでも集めても楽しいハジキッズをぜひ試しに来てください！",https://gamemarket.jp/booth/game/5854,ok,4
784,はまじゅり亭,土曜 - L011,一般土曜,https://gamemarket.jp/booth/6900,6900,ok,ボードゲーム制作サークルの はまじゅり亭 です🍕 2026年秋ゲームマーケットにて、新作ボードゲーム商品「結論から言うね。それ、めっちゃ『正解』」を頒布します🍕,https://gamemarket.jp/booth/game/6900,ok,1
785,Escapesheep&Scapegoat,土曜 - L012,一般土曜,https://gamemarket.jp/booth/2434,2434,ok,"正統派のミドル級ゲームを制作しています。
ルールデザイナーとイラストデザイナーの2人で活動しています。
【作品発表状況】
2024秋『OVER NIGHT －湖畔の怪物－』
2023秋『OVER NIGHT －恐怖の予兆－』
2022秋『TERRITORY』
2020秋『惨劇の夜会・第二版』
2019秋『惨劇の饗宴』
2018秋『空賊と宝島』
2017秋『惨劇の夜会』 『ヒーロースタイル・第二版』
2017夏『SweetsRoyal』『ヒーロースタイル』",https://gamemarket.jp/booth/game/2434,ok,8
786,KYO-DO GAMES,土曜 - L013,一般土曜,https://gamemarket.jp/booth/5898,5898,ok,,https://gamemarket.jp/booth/game/5898,ok,2
787,Life is Dice,土曜 - L014,一般土曜,https://gamemarket.jp/booth/6901,6901,ok,"玉川大学ボードゲームサークルから有志を募り、今回初出店となります。
今回は怪異モチーフの2～4人対戦型カードゲーム「呪怪」と、七つの大罪モチーフの2～7人正体隠匿対戦型カードゲーム「デモンズライト」を頒布予定です！",https://gamemarket.jp/booth/game/6901,ok,0
788,siroup games,土曜 - L015,一般土曜,https://gamemarket.jp/booth/2190,2190,ok,"しろうさんのプロデュースする（sirou produce）ゲームだから、sirou”ｐ” games ですね。
Siroup games, since it is a game produced by sirou",https://gamemarket.jp/booth/game/2190,ok,6
789,篠原遊戯重工,土曜 - L016,一般土曜,https://gamemarket.jp/booth/1113,1113,ok,"作品
ダスクライン（DUSKLINE）
2026年秋
タンデムトリック
2026年春
ウロボロストリック
2025年秋
インチキ大富豪
2025年春
棒トランプ(Playing Stick) 2024年秋
貴族たちの並べ方 2024年春
お山の神さまご勘弁 2018年秋
ふくろと金貨（合作）
ボードライナー(Board Liner) 2015年春
コバンいただき 2014年秋
クルリア 2013年秋
Xing(バッティング) 2012年秋
うそつきばかり 2012年春",https://gamemarket.jp/booth/game/1113,ok,4
790,CALUX GAMES,土曜 - L017,一般土曜,https://gamemarket.jp/booth/6477,6477,ok,"CALUX GAMES
これまで
「FOREST＆FORTUNE」
として出展していましたが、
今後は
「CALUX GAMES」
として活動していきます。
ゲームマーケットでは、
FOREST＆FORTUNE 第1弾
FOREST＆FORTUNE 第2弾「氷晶の深淵」
新作『それはない！』
を出品します。
各作品の詳細は上記リンクからご覧ください！
新作情報や制作の様子などはXで発信しています。
ぜひフォローよろしくお願いします！
▶ CALUX GAMES 公式Xをフォロー",https://gamemarket.jp/booth/game/6477,ok,3
791,電脳海鳥茶房,土曜 - L018,一般土曜,https://gamemarket.jp/booth/4699,4699,ok,コミック・ゲーム等エンタメ制作集団『電脳海鳥茶房』です。今回はボードゲームを作成し、参加させていただきますので、よろしくお願いいたします。,https://gamemarket.jp/booth/game/4699,ok,1
792,株式会社BlasTrain,土曜 - L019,一般土曜,https://gamemarket.jp/booth/5949,5949,ok,"【初出展！】
株式会社BlasTrainボードゲーム部のブースです
「世代を超えた感動を提供し続ける」というミッションを共に
世代を超えて楽しめるゲーム制作を目指していきます",https://gamemarket.jp/booth/game/5949,ok,0
793,コセイ,土曜 - L020,一般土曜,https://gamemarket.jp/booth/3697,3697,ok,"キャスティング会社コセイのボドゲ部です！
映像業界に関わるものから、全く別のテーマのゲームまで幅広く制作していきます！
ぜひ遊びに来てみてください！",https://gamemarket.jp/booth/game/3697,ok,3
794,foobar工房,土曜 - L021,一般土曜,https://gamemarket.jp/booth/6902,6902,ok,,https://gamemarket.jp/booth/game/6902,ok,0
795,株式会社三和製作所,土曜 - L022,一般土曜,https://gamemarket.jp/booth/6733,6733,ok,"みなさんが街で見かけるAEDボックスを作っている会社、株式会社三和製作所です。
学校を通じて子どもたちの健康・安全・教育を支えてきた私たちが、ものづくりの新たな挑戦として教育系カードゲームを作りました！
▼公式HP
株式会社三和製作所ホームページはこちら",https://gamemarket.jp/booth/game/6733,ok,3
796,Ending Maker's,土曜 - L023,一般土曜,https://gamemarket.jp/booth/4045,4045,ok,"こんにちは！Ending Maker's(エンディングメーカーズ)です！
ゲームマーケット2021春にて初出展！
8回目の2024秋では、新作『ちばかるた』の頒布を始め、過去作の再販も行う予定です！！",https://gamemarket.jp/booth/game/4045,ok,8
797,ボドゲパーク調布フォックス,土曜 - L024,一般土曜,https://gamemarket.jp/booth/4989,4989,ok,ボードゲームパーク 調布フォックスの相席卓から生まれたオリジナルゲームを皆様にも楽しんで頂けたらとても嬉しく思います。,https://gamemarket.jp/booth/game/4989,ok,3
798,どすこい喫茶やま工房,土曜 - L025,一般土曜,https://gamemarket.jp/booth/4982,4982,ok,,https://gamemarket.jp/booth/game/4982,ok,4
799,でじたるぱすた,土曜 - L026,一般土曜,https://gamemarket.jp/booth/4970,4970,ok,,https://gamemarket.jp/booth/game/4970,ok,0
800,おすしファクトリー,土曜 - L027,一般土曜,https://gamemarket.jp/booth/6903,6903,ok,"はいどうも、おすしファクトリーです！
チャンネル登録者4万人のホビー系YouTuber、おすしが自作ボードゲームを制作するサークルです。
このたび、ゲームマーケット2026秋にて、初出展させていただくことになりました。
10月17日(土)のみの出展になりますが、よろしくお願いいたします！",https://gamemarket.jp/booth/game/6903,ok,1
801,ラムゲームズ / ランビーフィッシュ,土曜 - L028,一般土曜,https://gamemarket.jp/booth/5636,5636,ok,"東京都世田谷区の京王線千歳烏山駅付近にあるボードゲームカフェ&ショップLAMBEEFISH(ランビーフィッシュ)です。
ゲーム制作もしております。",https://gamemarket.jp/booth/game/5636,ok,1
802,チームしまね,土曜 - L029,一般土曜,https://gamemarket.jp/booth/6904,6904,ok,"「島根にボドゲなんて、あるわけないじゃん。」
あります。
島根のゲーム制作者が集まり、「チームしまね」として初出展！SCP×マーダーミステリー、有機化学×ポーカー、会話系カードゲーム、プレイログノートなど、個性の異なる作品を持ち寄ります。無料配布作品もご用意しています。
10月17日（土）、展示ホール3・L029でお待ちしています！",https://gamemarket.jp/booth/game/6904,ok,6
803,SHINSHI TALES,土曜 - L030,一般土曜,https://gamemarket.jp/booth/6905,6905,ok,2026秋が初出展です。手札1枚で遊べる新感覚ポーカーゲーム『ONE！PUNCH POKER』を販売します！,https://gamemarket.jp/booth/game/6905,ok,1
804,FTE,土曜 - L031,一般土曜,https://gamemarket.jp/booth/6906,6906,ok,,https://gamemarket.jp/booth/game/6906,ok,0
805,シェアデッキカードゲーム「伍ッ己」,土曜 - L032,一般土曜,https://gamemarket.jp/booth/6907,6907,ok,,https://gamemarket.jp/booth/game/6907,ok,0
806,ツイモットゲームズ,土曜 - L033,一般土曜,https://gamemarket.jp/booth/6284,6284,ok,"私たちツイモットゲームズは「ついつい遊びたくなる」「もっと学びたくなる」そんなゲーム作りを行っています。
勉強が得意な人だけでなく、勉強がつまらないと感じている人まで、みんなが楽しめて、それぞれに必要な学びのきっかけになる、そんな体験を目指しています。
取置予約はこちら ☞ https://forms.gle/DeDCbYgHJLx3rJ4c6",https://gamemarket.jp/booth/game/6284,ok,1
807,いがぼど,土曜 - L034,一般土曜,https://gamemarket.jp/booth/6569,6569,ok,"春ゲムマに続き2回目参加です。【土曜日のみ】
⚫︎明治初期のぱん職人となって野生のぱんを狩る狂気のゲーム
「UGUISPAN（ウグイスパン）」
⚫︎飲み会体験型トリックテイキング
「あちらのお客様からです。」
⚫︎AI翻訳伝言ゲーム
「耳コピTranslation」
の3作品を出展します！よろしくお願いします",https://gamemarket.jp/booth/game/6569,ok,4
808,びじゅつぶ,土曜 - L035,一般土曜,https://gamemarket.jp/booth/6908,6908,ok,,https://gamemarket.jp/booth/game/6908,ok,0
809,ビーランバー,土曜 - L036,一般土曜,https://gamemarket.jp/booth/4285,4285,ok,,https://gamemarket.jp/booth/game/4285,ok,8
810,ちゅーボド,土曜 - L037,一般土曜,https://gamemarket.jp/booth/6657,6657,ok,名古屋の社内ボードゲーム同好会活動から生まれたゲーム制作サークルです。『新聞王 :THE SCOOP WARS』（名古屋ボードゲーム楽市「フレッシュドラゴン大賞2026」推薦賞受賞）と『名前のないレストラン』を頒布します。,https://gamemarket.jp/booth/game/6657,ok,2
811,オペトロスノラボ,土曜 - L038,一般土曜,https://gamemarket.jp/booth/3369,3369,ok,"駆け出しのボードゲームクリエイターです。
どうぞ、よしなによしなに・・・。",https://gamemarket.jp/booth/game/3369,ok,4
812,ゆるるQ,土曜 - L039,一般土曜,https://gamemarket.jp/booth/4747,4747,ok,"ゲーム制作サークル 【ゆるるかなアイキュ〜】ですℚ
ゲムマ2024春新作『ツバメガエシ』でます！
既作『あした天気にな〜れっ！』",https://gamemarket.jp/booth/game/4747,ok,2
813,コスメボックス,土曜 - L040,一般土曜,https://gamemarket.jp/booth/4102,4102,ok,"☆ボードゲーム、ロゴ、イラスト、楽曲、3Dモデルなど、マルチに創作しています！
☆メンバー
・石割 @ishiwari_pen
・TsuTcha @tsutscha_55",https://gamemarket.jp/booth/game/4102,ok,13
814,あんみつスタジオ,土曜 - L041,一般土曜,https://gamemarket.jp/booth/5588,5588,ok,"虹の出るところからこんにちは。アナログゲーム制作チーム『あんみつスタジオ』です。
2024年6月に発足。少し不思議なゲームシステムと優しいアートワークをコンセプトに、軽～中量級のゲームを制作していきます。
ぜひブースにお立ち寄りください。",https://gamemarket.jp/booth/game/5588,ok,6
815,2°game,土曜 - L042,一般土曜,https://gamemarket.jp/booth/5562,5562,ok,"ゲームマーケット2026年秋に【NIWARS(ニワーズ)】再販します！
2〜4人向けのセットコレクションのカードゲームです。
詳細はXにて発信します。是非お立ち寄りください！
過去出店：2026年春【ZOOMIKKE (ズーミッケ)】／2025年秋【TOP TREE (トップツリー)】／2024年秋【NIWARS(二ワーズ)】",https://gamemarket.jp/booth/game/5562,ok,4
816,SSS-trypleS-,土曜 - L043,一般土曜,https://gamemarket.jp/booth/6909,6909,ok,,https://gamemarket.jp/booth/game/6909,ok,1
817,ほめ太郎,土曜 - L044,一般土曜,https://gamemarket.jp/booth/6910,6910,ok,,https://gamemarket.jp/booth/game/6910,ok,0
818,Joyple Games,土曜 - L045,一般土曜,https://gamemarket.jp/booth/3397,3397,ok,"2019年1月に、はりーが発足させたゲーム制作グループです。メンバーそれぞれがボードゲームを制作中
■ はりー＆Taichi Ito ： デジタルにはないアナログならではの特徴を生かしたフルスクラッチボードゲームを制作しています。『箸でCUBEs』は箸という行動制限によって不自由さと重みを感じるパズルゲームです。
■ Hiroken（ヒロケン）： 初作『トリックテイカーズ (2021春)』 『拡張セット(2021秋)』『リトル(2022春)』『KINGs(2023春)』
■ deztec ： 趣味的に極少部数の作品を製作",https://gamemarket.jp/booth/game/3397,ok,7
819,4Seasons,土曜 - L046,一般土曜,https://gamemarket.jp/booth/3411,3411,ok,魔導書型のボードゲームを販売しています,https://gamemarket.jp/booth/game/3411,ok,2
820,WEFREE,土曜 - L047,一般土曜,https://gamemarket.jp/booth/5294,5294,ok,,https://gamemarket.jp/booth/game/5294,ok,11
821,よっけ亭,土曜 - L048,一般土曜,https://gamemarket.jp/booth/3987,3987,ok,よっけ亭です。2020年12月からボードゲーム製作を始めました。,https://gamemarket.jp/booth/game/3987,ok,21
822,未確認スリーブ,土曜 - L049,一般土曜,https://gamemarket.jp/booth/6230,6230,ok,,https://gamemarket.jp/booth/game/6230,ok,0
823,L.A.G.Craft,土曜 - L050,一般土曜,https://gamemarket.jp/booth/2775,2775,ok,Literature、Art、Game、(文学、アート、ゲーム) の制作活動をしています。,https://gamemarket.jp/booth/game/2775,ok,7
824,Wondria Games,土曜 - L051,一般土曜,https://gamemarket.jp/booth/6082,6082,ok,"「楽しく学び、寛容的に」を軸に
ゲーム×〇〇で新しい気づきや発見ができるようなゲームを制作していきます。",https://gamemarket.jp/booth/game/6082,ok,2
825,ForGames,土曜 - L052,一般土曜,https://gamemarket.jp/booth/6911,6911,ok,,https://gamemarket.jp/booth/game/6911,ok,0
826,Analogue Court：新作『あなや百人一首』,土曜 - L053,一般土曜,https://gamemarket.jp/booth/6912,6912,ok,"ゲームマーケット2026秋にて初出展の
Analogue Court
です。
４つのあそびかたで楽しめる百人一首カードゲームを販売します！
X（
https://x.com/anaya100nin1shu
）にてゲームマーケットカウントダウン企画を開催中。
歌人を毎日１人ずつ、気楽な短文でご紹介！
（ゲーム自体は知識０で遊べますけどね！）
ゲムマに先立ち、9/27日曜日のPlay & Learn #06に出展します。
試遊しにきてください！
https://playandlearnevent.com/",https://gamemarket.jp/booth/game/6912,ok,1
827,量産型ザクを量産する会,土曜 - L054,一般土曜,https://gamemarket.jp/booth/3982,3982,ok,"◉おみくじ双六「だいきち〜」
◉ときめきゲーム「愛しさと切なさと...」
◉ダウトゲーム「それは私のおいなりさんだ」
◉カルタ「BOØWY一首(ボーイッシュ) 」
◉ボーイ双六「ONLY YOU」",https://gamemarket.jp/booth/game/3982,ok,0
828,さるすべり,土曜 - L055,一般土曜,https://gamemarket.jp/booth/4962,4962,ok,≪日本≫をゲームの世界観・テーマに据えて制作しています。創るのも遊ぶのも、しっかり＆じっくりの中～重量級が好みです。沈思黙考を楽しめるゲームを同類のみなさまにお届けします。,https://gamemarket.jp/booth/game/4962,ok,4
829,MUTAN/ブラウニーズ,土曜 - L056,一般土曜,https://gamemarket.jp/booth/6383,6383,ok,"池袋・所沢のゲーム開発会社「MUTAN」と、吉祥寺のゲーム開発会社「ブラウニーズ」です！
ブラウニーズオリジナル花札『CARTA DE FLOR ～花歌留多～』を出展します。
◆MUTAN
公式webサイト：
https://mutan.co.jp/
◆ブラウニーズ
公式webサイト：
https://brownie-games.co.jp/",https://gamemarket.jp/booth/game/6383,ok,0
830,KiraKira KuruKuru,土曜 - L057,一般土曜,https://gamemarket.jp/booth/6913,6913,ok,,https://gamemarket.jp/booth/game/6913,ok,1
831,ぼーどぼーや,土曜 - L058,一般土曜,https://gamemarket.jp/booth/4088,4088,ok,,https://gamemarket.jp/booth/game/4088,ok,0
832,ぼうしや,土曜 - L059,一般土曜,https://gamemarket.jp/booth/5525,5525,ok,,https://gamemarket.jp/booth/game/5525,ok,4
833,Rock and Games,土曜 - L060,一般土曜,https://gamemarket.jp/booth/3569,3569,ok,"「メンバー全員web/ゲーム業界のエンジニア！」なアナログゲームサークル
ゲームマーケット2025春 (土) 出展します！
#新作予定
#ナビラビ 拡張キット
#カミサマーケット
#ハイエナ勇者はサボりたい（拡張同梱版）
#ナビラビ
を頒布します。
また、ボドゲーマでも委託販売をしています！
「ハイエナ勇者はサボリたい」ボドゲーマ通販ページ",https://gamemarket.jp/booth/game/3569,ok,6
834,トマト同盟堂王国,土曜 - L061,一般土曜,https://gamemarket.jp/booth/4712,4712,ok,"トマト同盟堂王国（通称トマ堂）は、趣味嗜好を詰め込んだあらゆるアナログゲームの制作と発表を目的としたサークルである。
ゲームマーケット2023春にて初出展！ブログでも情報発信中です。
トマト同盟堂王国公式ブログ",https://gamemarket.jp/booth/game/4712,ok,4
835,アボカド大好き,土曜 - L062,一般土曜,https://gamemarket.jp/booth/6914,6914,ok,,https://gamemarket.jp/booth/game/6914,ok,0
836,爆速ターボ,土曜 - L063,一般土曜,https://gamemarket.jp/booth/6915,6915,ok,,https://gamemarket.jp/booth/game/6915,ok,0
837,board & craft,土曜 - L064,一般土曜,https://gamemarket.jp/booth/6916,6916,ok,,https://gamemarket.jp/booth/game/6916,ok,0
838,ナナイロ企画,土曜 - L065,一般土曜,https://gamemarket.jp/booth/5273,5273,ok,"🐝ゲムマ2026秋 新作『ビートシロップ(2-5人用)』🐝
カードの向きで「攻撃(ビート)」か「ためる(シロップ)」を選ぶだけ。
シンプルなバッティングゲームなのに感想戦が止まらない！",https://gamemarket.jp/booth/game/5273,ok,5
839,Adacoda,土曜 - L066,一般土曜,https://gamemarket.jp/booth/6385,6385,ok,"シンプルな小箱のゲームをあれこれ作っている団体です。
ゲムマ2026春にて、新作『ハッタリ配送センター』を頒布します。",https://gamemarket.jp/booth/game/6385,ok,1
840,ボドゲ工房R,土曜 - L067,一般土曜,https://gamemarket.jp/booth/3704,3704,ok,"2020年より出展を開始。「短時間で何回でも遊べるゲーム」を目標に制作。
【これまでの出展作品】
・チキンラン ・B級映画制作委員会 ・Mole in the Cult ・シンボルパレット ・フォネティックマインド ・ボムーレット
【2026春新作】
・ドロップドロップ",https://gamemarket.jp/booth/game/3704,ok,0
841,コバヤシネマ,土曜 - L068,一般土曜,https://gamemarket.jp/booth/6917,6917,ok,,https://gamemarket.jp/booth/game/6917,ok,0
842,ラビットガーデン,土曜 - L069,一般土曜,https://gamemarket.jp/booth/5169,5169,ok,"かんたんなルールで、誰もが楽しめる
ボードゲームカフェの店員さんが
初めて来店されるお客様にも安心しておすすめできる、
出しやすくて手軽でありながら、奥深い駆け引きでゲーマーをも唸らせる
そんなゲームを目指しています。
ロゴの後ろ姿でそっぽ向いたうさぎ🐇には、
「ボードゲームにあまり興味がない方も振り向かせたい」
そんな想いを込めています。
そのため、マニュアルの読みやすさや、ルールの理解しやすさにも特に配慮しています。",https://gamemarket.jp/booth/game/5169,ok,3
843,北陵文学史チーム,土曜 - L070,一般土曜,https://gamemarket.jp/booth/6918,6918,ok,文豪のカードを「つなげる」学習型カードゲーム『大文豪』を販売。,https://gamemarket.jp/booth/game/6918,ok,0
844,プロトクラフト,土曜 - L071,一般土曜,https://gamemarket.jp/booth/2155,2155,ok,"手作りの立体ゴマを使ったボードゲームを制作しています。
制作の様子などをX(Twitter)で発信しています。
過去に製作したゲーム：『コロウラ』『アクマグマ』『メックメイカー』『ブンボド』『ユビエイム』『盤上ダンジョン』『碁ざらし』",https://gamemarket.jp/booth/game/2155,ok,1
845,知転悩(してんのう) & lam LAM GAME,土曜 - L072,一般土曜,https://gamemarket.jp/booth/4235,4235,ok,"26の新作は「お通しウミガメ7」と「お通しウミガメバトル」！
ウミガメのスープで対戦する…！という新感覚の体験をご提供します！
25春の新作『赤心を推して』は、マーダーミステリー。
自作ウミガメのスープ「お通しウミガメ」シリーズは5作目を、変わらず500円で頒布します。
小箱パーティゲームを中心に、ウミガメのスープやマーダーミステリーなど、幅広く制作しています。",https://gamemarket.jp/booth/game/4235,ok,13
846,ペンネーム：藪から棒,土曜 - L073,一般土曜,https://gamemarket.jp/booth/1955,1955,ok,,https://gamemarket.jp/booth/game/1955,ok,1
847,PULPIQUE,土曜 - L074,一般土曜,https://gamemarket.jp/booth/6168,6168,ok,"PULPIQUE
PULPIQUE / パルピークは、「Pulp」と「Boutique」を組み合わせた造語です。
“良質なチープさ”
をコンセプトにゲームを制作しています。
ALMAZ / アルマズ
価値ある宝石を見極め、最後に手元に残す――
3人~6人｜15分~｜対象年齢 8歳＋
山札はこの世界の鉱脈、採掘された宝石は市場へと流れていく、
出回りすぎた宝石は価値を失い、人々はより希少な宝石を欲する。
どの宝石が最後に輝くか見極めたものが勝者だ。
MESOTES / メソテス
傾きを読め―― その先は得点か、崩壊か。
2人~5人｜20分~｜対象年齢 8歳＋
世界はいつだって、プラスとマイナスのあいだで揺れている。
甘さと苦さ、仕事と休息、勇気と臆病――
一枚のカードが、その秤を揺らし、ときに大きく傾ける
崩壊か、得点か。勝敗を決めるのは“バランス感覚”。
あなたは、一歩先の未来を見極められるか？
Instagram
/
X
COPYRIGHT © PULPIQUE ALL RIGHTS RESERVED.",https://gamemarket.jp/booth/game/6168,ok,2
848,Hi-ROM,土曜 - L075,一般土曜,https://gamemarket.jp/booth/6919,6919,ok,,https://gamemarket.jp/booth/game/6919,ok,0
849,フォトマトペ,土曜 - L076,一般土曜,https://gamemarket.jp/booth/4803,4803,ok,"「フォトマトペ」という言葉、ご存じですか？ 初耳！？… それもそのはず！実はフォトマトペは、「フォト（Photo：写真）」と 「オノマトペ（Onomatopoeia：擬音語、擬態語）」を掛け合わせた造語なんです。
「フォトマトペ」は、そんな「フォト」と「オノマトペ」のカードを使い、 声を出し合いながら遊ぶボードゲームです。難しい言葉も知識も一切必要ないので、 こどもから大人まで老若男女楽しめます。大事なのは誰もが持ってるひとりひとりの感性で、 勝ち負けもありません。
試遊卓もあるのでぜひ遊びにきてください🙌",https://gamemarket.jp/booth/game/4803,ok,0
850,ここでしかできないこと,土曜 - M001,一般土曜,https://gamemarket.jp/booth/6259,6259,ok,,https://gamemarket.jp/booth/game/6259,ok,0
851,ボドゲラジオ研究会,土曜 - M002,一般土曜,https://gamemarket.jp/booth/5585,5585,ok,"ボードゲーム系ポッドキャスト・ラジオを広めたい！もっと知りたい！という目的の元、
ボードゲームポッドキャスト・ラジオをまとめた書籍を作るため活動する研究会です。
2024年秋からはボードゲームの頒布を予定しています。",https://gamemarket.jp/booth/game/5585,ok,1
852,Biscuit Forge,土曜 - M003,一般土曜,https://gamemarket.jp/booth/6920,6920,ok,"Indie Miniature Wargame developer team from South Korea, First time to introduce our first game to international market!
韓国から始まった同人ミニチュアワーゲーム開発チームのBiscuit Forgeです！
今回初めてで私たちの初作品を国際舞台に紹介するため来ました、よろしくお願いします！",https://gamemarket.jp/booth/game/6920,ok,0
853,ボドまん,土曜 - M004,一般土曜,https://gamemarket.jp/booth/2402,2402,ok,新作ボドゲ予定してます！,https://gamemarket.jp/booth/game/2402,ok,7
854,ランチタイムゲームズ,土曜 - M005,一般土曜,https://gamemarket.jp/booth/2255,2255,ok,「宝石がいっぱい！」など作った松元泰右による個人サークルです。,https://gamemarket.jp/booth/game/2255,ok,17
855,SCHEMERS,土曜 - M006,一般土曜,https://gamemarket.jp/booth/4844,4844,ok,,https://gamemarket.jp/booth/game/4844,ok,6
856,八川社,土曜 - M007,一般土曜,https://gamemarket.jp/booth/1184,1184,ok,八川社は、サイコロ野球ゲーム「インパクトベースボール」を中心にゲームを作っています。,https://gamemarket.jp/booth/game/1184,ok,10
857,さいころ結社,土曜 - M008,一般土曜,https://gamemarket.jp/booth/1118,1118,ok,"2023年秋 「姫と人狼」
2015年春「隠れ身のナイトプリンセス」「ねこのひたい。」「ハイロークエスト」「ボードロイド」
2014年秋「ぐるぐるチャーム」「ふしぎ商店街」",https://gamemarket.jp/booth/game/1118,ok,8
858,三国志 英傑群像,土曜 - M009,一般土曜,https://gamemarket.jp/booth/4836,4836,ok,"三国志グッズ専門店「英傑群像」です。25年以上の歴史あり。実店舗：神戸
【2025秋は土曜日のみP07ブース（真ん中上あたり）】
ボードゲーム会、ボドゲスペースは「鉄人ボードゲーム」名で活動しています。
この数年、三国志のゲームを作っています！
横山光輝氏の故郷で三国志のミュージアム
「KOBE鉄人三国志ギャラリー」（神戸）が実店舗です。
Xアカウント【@tetujinboard ＠eiketu_gunzo ＠3594gallery】",https://gamemarket.jp/booth/game/4836,ok,6
859,デザイート,土曜 - M010,一般土曜,https://gamemarket.jp/booth/6349,6349,ok,"大人も子供も本気で遊べるカードゲーム作ってます。
ゲームマーケット初出展。",https://gamemarket.jp/booth/game/6349,ok,2
860,黒鍋組,土曜 - M011,一般土曜,https://gamemarket.jp/booth/4848,4848,ok,『黒鍋組』は年に1度新作作成ペースでいければ良いなぁと思っている個人サークルです,https://gamemarket.jp/booth/game/4848,ok,2
861,魔王軍直轄領,土曜 - M012,一般土曜,https://gamemarket.jp/booth/2137,2137,ok,ワンコインヘビー級紙ペンゲームサークル,https://gamemarket.jp/booth/game/2137,ok,0
862,バルバス・バウ,土曜 - M013,一般土曜,https://gamemarket.jp/booth/6831,6831,ok,"海ボドゲ制作サークルです。
2人協力でスクーバダイビング体験ができる「フォトダイバーズ」と、密漁団員になって仲間を探す「がっぽりとんずら密漁団」を頒布いたします。",https://gamemarket.jp/booth/game/6831,ok,1
863,クマさん工房,土曜 - M014,一般土曜,https://gamemarket.jp/booth/5471,5471,ok,「悩ましくて、楽しい！ボードゲームを創る。クマさん工房です。,https://gamemarket.jp/booth/game/5471,ok,4
864,盤処すばる,土曜 - M015,一般土曜,https://gamemarket.jp/booth/6465,6465,ok,関東に住むゲーム好き社会人たちが突然ボドゲを作り始めました。2025~活動中,https://gamemarket.jp/booth/game/6465,ok,2
865,栃木県発！ENTER亭,土曜 - M016,一般土曜,https://gamemarket.jp/booth/6832,6832,ok,,https://gamemarket.jp/booth/game/6832,ok,0
866,ねこひげーむず,土曜 - M017,一般土曜,https://gamemarket.jp/booth/5158,5158,ok,"ねこひげーむずは、ねこ担当の あいにゃん と、ひげ担当の 観音寺蔵之介（ひげ）のねこ好きなふたりサークルです。
初出展は２０２３秋（合同出展のため公式情報なし）
合言葉は『楽しいのおすそ分け』",https://gamemarket.jp/booth/game/5158,ok,7
867,鳩羽庵,土曜 - M018,一般土曜,https://gamemarket.jp/booth/6833,6833,ok,,https://gamemarket.jp/booth/game/6833,ok,0
868,しょっぱいゲームズ,土曜 - M019,一般土曜,https://gamemarket.jp/booth/5630,5630,ok,,https://gamemarket.jp/booth/game/5630,ok,2
869,Moppen Games,土曜 - M020,一般土曜,https://gamemarket.jp/booth/5419,5419,ok,"「もう1回」とやっていただけるようなゲーム制作を制作します
ゲームマーケット2024秋 11月16日(土)初出展",https://gamemarket.jp/booth/game/5419,ok,2
870,D研究所,土曜 - M021,一般土曜,https://gamemarket.jp/booth/6172,6172,ok,"D研究所は、独牙によるカードゲーム製作サークルです。
ゲームデザイン、アートワークを独牙が担当しています。",https://gamemarket.jp/booth/game/6172,ok,2
871,チップキックゲームズ,土曜 - M022,一般土曜,https://gamemarket.jp/booth/3194,3194,ok,"出展日：10月17（土）
ブース番号：M022",https://gamemarket.jp/booth/game/3194,ok,4
872,タイムイーター,土曜 - M023,一般土曜,https://gamemarket.jp/booth/5742,5742,ok,個人ボードゲーム制作しているサークルです。変わったものばっかり作ってますね？,https://gamemarket.jp/booth/game/5742,ok,2
873,CitrineNe Studio,土曜 - M024,一般土曜,https://gamemarket.jp/booth/6488,6488,ok,"ゲームマーケット2026秋では新作二本を販売予定です。
「はらぺこキリン」1500円
「みんなくるくる！？回転寿司」2000円",https://gamemarket.jp/booth/game/6488,ok,2
874,ジャスメノルーム,土曜 - M025,一般土曜,https://gamemarket.jp/booth/5875,5875,ok,"短時間、シンプル、リプレイ性をテーマにボードゲームを作成してます！
ゲームマーケット2026秋【土-M025】で出展しますのでよろしくお願いします！",https://gamemarket.jp/booth/game/5875,ok,10
875,やほまる水産,土曜 - M026,一般土曜,https://gamemarket.jp/booth/5220,5220,ok,"ご覧いただきありがとうございます！私たちはボードゲーム制作サークル「やほまる水産」です。
高校時代からの友達で集まって、楽しみながらゲーム作りに励んでいます。
私たちのゲームは、ふんわりとしたタッチのイラストが特徴で、見ているだけで心が和むようなデザインを心がけています。
2024年春のゲームマーケットに初めて出展し、多くの方に私達の作成したゲームをプレイいただきました。
XのDMなどでも、楽しかったと感想をいただき、とても自信がつきました！
私たちの作ったゲームが皆さんに楽しんでいただけたら嬉しいです。
ぜひ作品を手に取っていただき、ゆるっとした雰囲気と細部までのこだわりを感じてみてください。",https://gamemarket.jp/booth/game/5220,ok,5
876,PORCUBE,土曜 - M027,一般土曜,https://gamemarket.jp/booth/6044,6044,ok,ゲムマ2026秋10月17日(土)のみ試遊なし半卓。【SCLAMBLE（スクランブル）】羊がぐるぐる逃げ回る！？羊をめぐる思惑が交差するドタバタバッティングゲーム。OUTBAAAAN！、メェメェメェデェに続く3作品目の出展です。ルールをわかりやすく説明できるようにできる限りの準備をしていきますので、少しでも気になった方はぜひ足を運んでください！,https://gamemarket.jp/booth/game/6044,ok,2
877,DcraftStudio,土曜 - M028,一般土曜,https://gamemarket.jp/booth/6834,6834,ok,"10年ぶりにゲームマーケットに参加！
DcraftStudioとして初出展します。
家紋神経衰弱ゲーム「家紋ComeOn！」を販売いたします！
500円オフで予約できるクラウドファンディングも実施中です。
https://bodofun.hoobby.net/projects/kamoncomeon",https://gamemarket.jp/booth/game/6834,ok,1
878,#サケバト,土曜 - M029,一般土曜,https://gamemarket.jp/booth/5886,5886,ok,負けたら一杯!?飲み会が盛り上がる超簡単カードゲーム２種類を販売！,https://gamemarket.jp/booth/game/5886,ok,2
879,グループ乾坤一擲,土曜 - M030,一般土曜,https://gamemarket.jp/booth/1207,1207,ok,,https://gamemarket.jp/booth/game/1207,ok,1
880,くまとらげーみんぐ,土曜 - M031,一般土曜,https://gamemarket.jp/booth/6835,6835,ok,かわいい動物・生き物たちの動物園を作りたい、みんなにかわいい動物を知ってもらいたい。そんなコンセプトで2人でも子供でも遊べるボードゲームを制作しました。２０２６年秋ゲムマ「おいでよ！ぼくらの動物園」初出店です。ぜひブースに遊びに来てください。,https://gamemarket.jp/booth/game/6835,ok,0
881,アルキミスタス,土曜 - M032,一般土曜,https://gamemarket.jp/booth/6836,6836,ok,,https://gamemarket.jp/booth/game/6836,ok,0
882,ごらく趣造,土曜 - M033,一般土曜,https://gamemarket.jp/booth/3676,3676,ok,ボードゲーム遊んだり作ったり。,https://gamemarket.jp/booth/game/3676,ok,9
883,不飽和世界,土曜 - M034,一般土曜,https://gamemarket.jp/booth/5126,5126,ok,"ゲームマーケット２０２３秋 初参戦です。
オリジナルゲームを持ち込みます。よろしくお願いします。",https://gamemarket.jp/booth/game/5126,ok,5
884,Laro Games,土曜 - M035,一般土曜,https://gamemarket.jp/booth/6837,6837,ok,,https://gamemarket.jp/booth/game/6837,ok,2
885,ぽかさん,土曜 - M036,一般土曜,https://gamemarket.jp/booth/6838,6838,ok,正体隠匿系ワードゲーム 「Shadow Hint」を発売予定です！ 価格：1500円,https://gamemarket.jp/booth/game/6838,ok,1
886,ゲームさむおど,土曜 - M037,一般土曜,https://gamemarket.jp/booth/6710,6710,ok,初作『名撃転生』2人専用アブストラクト,https://gamemarket.jp/booth/game/6710,ok,1
887,テラミ部,土曜 - M038,一般土曜,https://gamemarket.jp/booth/6839,6839,ok,「テラミスティカ人口を増やそう！」をコンセプトに設立されたゆるふわテラミサークルです。がんばるぞ。,https://gamemarket.jp/booth/game/6839,ok,1
888,空理計画,土曜 - M039,一般土曜,https://gamemarket.jp/booth/1882,1882,ok,"主催はくしによって運営される個人サークル、「空理計画」です。
どこかしら新しく、なにかしら夢のあるゲームを理念にゲームを制作しています。
HP»
https://kuuri.net",https://gamemarket.jp/booth/game/1882,ok,19
889,MICHIKUSA Works,土曜 - M040,一般土曜,https://gamemarket.jp/booth/6840,6840,ok,"漫画家「風光めいび」の個人サークルです。
2006秋初参加。
デビュー作「アリ♪アリかも？アリえない!? ～ みちのえきの未知グルメ ～」頒布。
道の駅とのコラボカードを各駅で展開。
ＨＰではゲームの詳細情報以外にも連載漫画など活動全般を紹介しています。",https://gamemarket.jp/booth/game/6840,ok,1
890,ShowHouse Games,土曜 - M041,一般土曜,https://gamemarket.jp/booth/2356,2356,ok,今回は新作ゲーム『フォーキャスト (FOURCAST)』で参加します。,https://gamemarket.jp/booth/game/2356,ok,22
891,Lazini,土曜 - M042,一般土曜,https://gamemarket.jp/booth/6602,6602,ok,"ボードゲーム作家。ボードゲーム好きなYouTuber。そして、怠け者。
自分が遊びたいゲームを作っています。",https://gamemarket.jp/booth/game/6602,ok,5
892,11 A.M. Games,土曜 - M043,一般土曜,https://gamemarket.jp/booth/6503,6503,ok,"アナログゲーム制作チーム11 A.M. Gamesです。
自分たちが遊びたいボードゲームを制作します！",https://gamemarket.jp/booth/game/6503,ok,2
893,ナニカソン・新規事業ユニット,土曜 - M044,一般土曜,https://gamemarket.jp/booth/4752,4752,ok,"2026年7月独立し、
株式会社ナニカソン
として始動。開発プロダクト（ボードゲーム・ワークショップ・グッズ・広報動画・SNS・関連コンテンツ等）のすべては、新体制「
ナニカソン・新規事業ユニット
」にそのまま引き継いでまいります。",https://gamemarket.jp/booth/game/4752,ok,12
894,ぐるぐるゲームズ,土曜 - M045,一般土曜,https://gamemarket.jp/booth/6568,6568,ok,"2026年よりゲーム制作を始めました。
2026春「ブックイーン」
2026秋「ブックイーン拡張」
初製作「ブックイーン」は本を使ったゲームです。
身の回りにあると、日常がちょっと楽しくなるようなゲームを作りたいと思っています。",https://gamemarket.jp/booth/game/6568,ok,1
895,餃ビ商会,土曜 - M046,一般土曜,https://gamemarket.jp/booth/6841,6841,ok,,https://gamemarket.jp/booth/game/6841,ok,0
896,K-History Hunters,土曜 - M047,一般土曜,https://gamemarket.jp/booth/6842,6842,ok,"韓国史をテーマにしたボードゲームを制作している「K-History Hunters」です。
ゲームマーケット2026秋では、1598年の「露梁海戦（ノリャン海戦）」をテーマにしたソロプレイ用カードゲーム『ノリャン1598』を頒布します。
文禄・慶長の役、その最後の大海戦――。
プレイヤーは李舜臣率いる朝鮮水軍と明水軍からなる連合軍を指揮し、撤退する日本軍を阻止しながら、露梁の海で最後の決戦に挑みます。
島津義弘をはじめとする日本軍は自動で行動。
毎回変化する戦況の中で、どの戦線で、どの武将を動かすか――プレイヤーの判断が勝敗を左右するソロプレイ用歴史カードゲームです。",https://gamemarket.jp/booth/game/6842,ok,0
897,地味ゲーム開発部,土曜 - M048,一般土曜,https://gamemarket.jp/booth/4832,4832,ok,新作は「OVERCLOCK」という、ゴーアウトとなります。,https://gamemarket.jp/booth/game/4832,ok,1
898,EMPLAY GAME,土曜 - M049,一般土曜,https://gamemarket.jp/booth/4756,4756,ok,"はじめに・ご挨拶
こんにちは！ボードゲーム制作団体EMPLAY GAMEです！
私たちは日常を切り取ってボードゲームにする活動をしており、
""大切な人と過ごす時間をもっと楽しい時間に""
できるようなコンテンツを作成していきたいと思っています。
どのようなゲームを作っているの？
ボードゲーム、謎解きゲームキットを制作しています。
【EMPLAYの作品】
https://gamemarket.jp/booth/game/4756",https://gamemarket.jp/booth/game/4756,ok,4
899,やもいげーむす,土曜 - M050,一般土曜,https://gamemarket.jp/booth/1132,1132,ok,http://yamoigames.blog.fc2.com/,https://gamemarket.jp/booth/game/1132,ok,3
900,StoryBoard,土曜 - M051,一般土曜,https://gamemarket.jp/booth/5174,5174,ok,https://boardgamegeek.com/boardgamepublisher/60270/storyboard,https://gamemarket.jp/booth/game/5174,ok,3
901,TaiMEN GAMES,土曜 - M052,一般土曜,https://gamemarket.jp/booth/4772,4772,ok,AIを使った対面で遊ぶボードゲームを作る,https://gamemarket.jp/booth/game/4772,ok,0
902,ボドゲ製作委員会,土曜 - M053,一般土曜,https://gamemarket.jp/booth/4075,4075,ok,,https://gamemarket.jp/booth/game/4075,ok,4
903,オイハル実験室,土曜 - M054,一般土曜,https://gamemarket.jp/booth/6666,6666,ok,📅ゲームマーケット2026秋も出展！／🔬オイハル実験室／🧠『偏見シンクロニシティ』 偏見だけで答えを合わせろ！ズレてるほど盛り上がる、新感覚パーティーゲーム⚡,https://gamemarket.jp/booth/game/6666,ok,1
904,ルール26,土曜 - M055,一般土曜,https://gamemarket.jp/booth/5757,5757,ok,,https://gamemarket.jp/booth/game/5757,ok,0
905,ハレクラフト,土曜 - M056,一般土曜,https://gamemarket.jp/booth/6843,6843,ok,,https://gamemarket.jp/booth/game/6843,ok,1
906,ばのえGame,土曜 - M057,一般土曜,https://gamemarket.jp/booth/6844,6844,ok,,https://gamemarket.jp/booth/game/6844,ok,0
907,Key Unit,土曜 - M058,一般土曜,https://gamemarket.jp/booth/4110,4110,ok,"こんにちは！
ボドゲ制作グループ「Key Unit」です！
今回のゲームマーケットでは新規作品１作品を販売いたします！
【カオスババ抜きクイズ】《 好きなお菓子はナスだっけ？ 》
今回は試遊ブースも準備して、皆様が楽しめるような仕掛けでお待ちしております！
ぜひ足をお運びください！",https://gamemarket.jp/booth/game/4110,ok,3
908,ファウンデーションゲームス,土曜 - M059,一般土曜,https://gamemarket.jp/booth/3818,3818,ok,,https://gamemarket.jp/booth/game/3818,ok,2
909,taradice,土曜 - M060,一般土曜,https://gamemarket.jp/booth/6845,6845,ok,,https://gamemarket.jp/booth/game/6845,ok,0
910,ほたる屋,土曜 - M061,一般土曜,https://gamemarket.jp/booth/6846,6846,ok,,https://gamemarket.jp/booth/game/6846,ok,0
911,みなで娯楽,土曜 - M062,一般土曜,https://gamemarket.jp/booth/6847,6847,ok,,https://gamemarket.jp/booth/game/6847,ok,0
912,Project Ctrl+,土曜 - M063,一般土曜,https://gamemarket.jp/booth/5428,5428,ok,"こんにちは、Project Ctrl+(プロジェクトコントロールプラス)、略して「こんぷら」です。
自分が欲しいと思うものを作るので、よろしければ諸々覗いていってください。",https://gamemarket.jp/booth/game/5428,ok,2
913,あまざ,土曜 - M064,一般土曜,https://gamemarket.jp/booth/4841,4841,ok,"ボードゲームを作ってます。よろしくお願いいたします。
東方projectの二次創作とドット絵が多めです。",https://gamemarket.jp/booth/game/4841,ok,3
914,Cyflow,土曜 - M065,一般土曜,https://gamemarket.jp/booth/6848,6848,ok,"アイドルマスターの二次創作ボードゲームを頒布しております。
【ナミダ吸イーパー】
NEW!
シャニマスの放課後クライマックスガールズの5人をベースにしたカードめくり系の探索軽量級ゲーム！
【美鈴Zzz】
初頒布：ゲムマ2026年春
学マスをベースにした軽量級チキンレース！",https://gamemarket.jp/booth/game/6848,ok,0
915,studioTurbine,土曜 - M066,一般土曜,https://gamemarket.jp/booth/2142,2142,ok,,https://gamemarket.jp/booth/game/2142,ok,8
916,花札のキタミ堂,土曜 - M067,一般土曜,https://gamemarket.jp/booth/5232,5232,ok,キタミ堂では花札をもっと面白く楽しむための商品を製作しています。,https://gamemarket.jp/booth/game/5232,ok,1
917,ペットと飼い主,土曜 - M068,一般土曜,https://gamemarket.jp/booth/6528,6528,ok,,https://gamemarket.jp/booth/game/6528,ok,4
918,心理魔闘技ココロシアム,土曜 - M069,一般土曜,https://gamemarket.jp/booth/6849,6849,ok,,https://gamemarket.jp/booth/game/6849,ok,0
919,ツワブキ,土曜 - M070,一般土曜,https://gamemarket.jp/booth/6850,6850,ok,,https://gamemarket.jp/booth/game/6850,ok,0
920,一夜干しトークン,土曜 - M071,一般土曜,https://gamemarket.jp/booth/6039,6039,ok,一夜干しトークンという名前ですが、トークン的な物は販売しません。,https://gamemarket.jp/booth/game/6039,ok,3
921,カクザトウ,土曜 - M072,一般土曜,https://gamemarket.jp/booth/4692,4692,ok,,https://gamemarket.jp/booth/game/4692,ok,2
922,The Fool’s Games,土曜 - M073,一般土曜,https://gamemarket.jp/booth/6537,6537,ok,"nestorgamesでアブストラクトゲームに目覚め、幾星霜
ついにゲムマに出店することになりました。
2作品同時発売
シンプルで奥深いゲームを作って行きます！",https://gamemarket.jp/booth/game/6537,ok,2
923,符亀,土曜 - M074,一般土曜,https://gamemarket.jp/booth/2358,2358,ok,"ゲームマーケット2017秋より参加させていただいております、符亀と申します。
拙作「マジカルカナグル」「愛羅武粋逸」「ロングロングマホウ」「超超長城」「ツミカブリ」「リーサルチェックメイト」「インヴァージョン」「アマロン」「バックハンダー」「皇継の書状」「サイクリアン」「シリアリアン」「バーグリアン」「レイリアン」「フォッシリアン」「エンジェリアン」「ジェントリアン」「オビタリアン」については、ゲーム一覧ページをご覧ください。",https://gamemarket.jp/booth/game/2358,ok,20
924,とんぼきり,土曜 - M075,一般土曜,https://gamemarket.jp/booth/5983,5983,ok,,https://gamemarket.jp/booth/game/5983,ok,0
925,ミーアキャット,土曜 - M076,一般土曜,https://gamemarket.jp/booth/6851,6851,ok,"韓国のボードゲーム制作会社「ミーアキャット」です！
家族みんなで楽しめるゲームから、じっくり遊べるゲームまで、幅広いジャンルのオリジナルゲームを制作しています。
2024年のゲームマーケットに続き、今回も韓国から参加します！
新作を中心に、これまで制作したゲームも持っていきます。
ぜひお気軽にブースへ遊びに来てください！",https://gamemarket.jp/booth/game/6851,ok,2
926,SK_Games,土曜 - M077,一般土曜,https://gamemarket.jp/booth/6852,6852,ok,,https://gamemarket.jp/booth/game/6852,ok,0
927,オーヤマゲーム,土曜 - M078,一般土曜,https://gamemarket.jp/booth/2687,2687,ok,"★ゲームデザイン、イラスト絵、パッケージデザイン、取説作り、箱作り、シール貼り、イベント販売など、基本1人でやっています。（笑）
オーヤマゲームは、イベント等でしか販売していません。
なので、ツイッターで、イベント等の情報を発信しています。→＠ooyamasgame",https://gamemarket.jp/booth/game/2687,ok,30
928,ひつじ特攻,土曜 - M079,一般土曜,https://gamemarket.jp/booth/6853,6853,ok,"2026年秋のゲームマーケットにて魔法学園ポーション部を頒布します！
中量級～重量級のポーション精製ゲームです！",https://gamemarket.jp/booth/game/6853,ok,1
929,専大ボドゲ☆スイム,土曜 - M080,一般土曜,https://gamemarket.jp/booth/6854,6854,ok,,https://gamemarket.jp/booth/game/6854,ok,1
930,専大ボドゲ☆不動組,土曜 - M081,一般土曜,https://gamemarket.jp/booth/6855,6855,ok,,https://gamemarket.jp/booth/game/6855,ok,0
931,Quoth Games,土曜 - M082,一般土曜,https://gamemarket.jp/booth/1725,1725,ok,"創作ゲームの個人レーベル「Quoth Games」です。
レーベル名は「クォースゲームズ」と読んで下さい。
宜しくお願い致します。",https://gamemarket.jp/booth/game/1725,ok,6
932,もみじ工房,土曜 - M083,一般土曜,https://gamemarket.jp/booth/6856,6856,ok,"皆様、初めましてもみじ工房と申します。
この度、初めてボードゲームを制作しました。
タイトルは「ダンジョンパーティズ」
地下ダンジョンを探索するゲームです。
お宝集め、依頼解決、モンスターと戦闘などでポイントを稼ぐゲームとなっています！",https://gamemarket.jp/booth/game/6856,ok,0
933,社会貢献,土曜 - M084,一般土曜,https://gamemarket.jp/booth/6471,6471,ok,"サークル社会貢献です！
初対面でも仲良く、仲良い人とはもっと仲良くなれるゲームをつくってます！",https://gamemarket.jp/booth/game/6471,ok,1
934,次世代党,土曜 - M085,一般土曜,https://gamemarket.jp/booth/6857,6857,ok,,https://gamemarket.jp/booth/game/6857,ok,0
935,石ノ神,土曜 - M086,一般土曜,https://gamemarket.jp/booth/6858,6858,ok,,https://gamemarket.jp/booth/game/6858,ok,0
936,DICE工房,土曜 - M087,一般土曜,https://gamemarket.jp/booth/5912,5912,ok,初出店！,https://gamemarket.jp/booth/game/5912,ok,0
937,スタジオ 和楽,土曜 - M088,一般土曜,https://gamemarket.jp/booth/6187,6187,ok,"こんにちは！ スタジオ和楽です！
2026春のゲームマーケットに広島から幕張メッセへ２回目の遠征
""土曜日だけ""の出展になりますので日程にお気をつけて
当日は試遊卓を準備していますのでお試しだけ！も大歓迎！！",https://gamemarket.jp/booth/game/6187,ok,2
938,さむがりヤスコ,土曜 - M089,一般土曜,https://gamemarket.jp/booth/6490,6490,ok,,https://gamemarket.jp/booth/game/6490,ok,0
939,今日午後お茶会で,土曜 - M090,一般土曜,https://gamemarket.jp/booth/6859,6859,ok,雰囲気がキレイなボードゲームを作ってます,https://gamemarket.jp/booth/game/6859,ok,0
940,森羅万象ゲームズ,土曜 - M091,一般土曜,https://gamemarket.jp/booth/6860,6860,ok,"2人でボードゲームを制作しています．
ゲームマーケット2026秋の1日目（10/17 土）に，初回作として，カードゲーム「究極必殺奥義斬斬拳」を出展予定です．",https://gamemarket.jp/booth/game/6860,ok,1
941,ナディ屋,土曜 - M092,一般土曜,https://gamemarket.jp/booth/6861,6861,ok,デザイナーは小学生！ゲームマーケット2026秋にて初出展です！,https://gamemarket.jp/booth/game/6861,ok,1
942,秘教機械,土曜 - M093,一般土曜,https://gamemarket.jp/booth/2477,2477,ok,ボードゲームを紹介するマンガや絵を描いたりイベントを主催したり、ボドゲ動画作成やポッドキャスト配信もしています。,https://gamemarket.jp/booth/game/2477,ok,8
943,サトー猫壱堂,土曜 - M094,一般土曜,https://gamemarket.jp/booth/5861,5861,ok,"ゲームマーケット2025春・初出展
サークル『ブッコ』（代表作：タギロン）でゲームアイデア以外の諸々を担当している者のソロ活動です",https://gamemarket.jp/booth/game/5861,ok,0
944,かわちかい,土曜 - M095,一般土曜,https://gamemarket.jp/booth/3165,3165,ok,"愛知のボドゲ製作サークルの『かわちかい』です。
当サークルは「こんなゲームがあったら欲しい！」
というボードゲーマーの声を即売会などで
直接お聞きしてゲーム制作をしています。
ゲームの最新情報はX(旧Twitter)で発信しておりますので、
気になる方は、本ページ上部のX(旧Twitter)のリンク先でどうぞ！
【ゲームデザイナー：河知直弘】
【デザイン・イラスト：ししゃも・河知直弘】",https://gamemarket.jp/booth/game/3165,ok,5
945,つきあかりゲームズ,土曜 - M096,一般土曜,https://gamemarket.jp/booth/6401,6401,ok,"子供も大人も楽しめるボードゲームを制作している「つきあかりゲームズ」です🌙
セットコレクション【なみコレ】に続き、はちゃめちゃ協力パーティゲー【かにパニ】を制作！
ゲームページやブログ記事でゲームの詳細を紹介しておりますので
ぜひご覧いただければ幸いです😊",https://gamemarket.jp/booth/game/6401,ok,2
946,つくえといす,土曜 - M097,一般土曜,https://gamemarket.jp/booth/4769,4769,ok,"誰でも30秒で説明できる。
初心者向けコミュニケーションゲームを販売。",https://gamemarket.jp/booth/game/4769,ok,2
947,マンボウ･ザ･グレート,土曜 - M098,一般土曜,https://gamemarket.jp/booth/4023,4023,ok,"「アイドルマスターシンデレラガールズ」の登場アイドルを題材とした二次創作ゲームを制作しております。
作品に登場する個性豊かな女の子の魅力を活かしながら、
初心者でも遊びやすいゲーム作りを目指して活動しています。",https://gamemarket.jp/booth/game/4023,ok,9
948,かめうき,土曜 - M099,一般土曜,https://gamemarket.jp/booth/1107,1107,ok,"『けもの』をテーマにボードゲーム等を製作しています。
ゲームデザイン:H2N2O4 @mustela_lupes
イラスト:りっく36！ ＠RICK36i の2名で活動中。",https://gamemarket.jp/booth/game/1107,ok,4
949,サンライズゲームズ,土曜 - M100,一般土曜,https://gamemarket.jp/booth/5167,5167,ok,"トリテ x チキンレースの「JUNK MONSTERS」
と
揃えたお題を回答させる「神経衰弱開示」
の２種類のゲームを扱っています",https://gamemarket.jp/booth/game/5167,ok,5
950,ＰＡＲＡＮＯＩＤ,土曜 - M101,一般土曜,https://gamemarket.jp/booth/5973,5973,ok,"【PARANOID（パラノイド）】
2026秋のゲームマーケット、4度目の出展。
プレイヤー同士の相互干渉（インタラクション）が強いゲームを追求しています。
駆け引きや妨害が好きな方は、ぜひ一度お立ち寄りください。",https://gamemarket.jp/booth/game/5973,ok,4
951,のごま,土曜 - M102,一般土曜,https://gamemarket.jp/booth/6862,6862,ok,,https://gamemarket.jp/booth/game/6862,ok,0
952,ニル工房,土曜 - M103,一般土曜,https://gamemarket.jp/booth/6863,6863,ok,,https://gamemarket.jp/booth/game/6863,ok,0
953,仮名ゲームス,土曜 - M104,一般土曜,https://gamemarket.jp/booth/7096,7096,ok,,https://gamemarket.jp/booth/game/7096,ok,0
954,そらす堂,土曜 - M105,一般土曜,https://gamemarket.jp/booth/6864,6864,ok,,https://gamemarket.jp/booth/game/6864,ok,1
955,Paradise Parakeet,土曜 - M106,一般土曜,https://gamemarket.jp/booth/6865,6865,ok,,https://gamemarket.jp/booth/game/6865,ok,0
956,ねこらべる,土曜 - M107,一般土曜,https://gamemarket.jp/booth/6218,6218,ok,"ボードゲームを作って遊んでます！
メンバー2人でそれぞれが別ゲーを作りました！
アブストラクトゲーム""ばけばけ""
パーティーゲーム""しばるーる""",https://gamemarket.jp/booth/game/6218,ok,3
957,かめりあクィンテット,土曜 - M108,一般土曜,https://gamemarket.jp/booth/3109,3109,ok,"こんにちは！かめりあクィンテットです！
ボードゲーム好きな5人が集まって思い思いのゲームを作っています！
twitterでは主に作品の情報や、遊んだボードゲームなどつぶやいています！",https://gamemarket.jp/booth/game/3109,ok,7
958,皆勤賞,土曜 - M109,一般土曜,https://gamemarket.jp/booth/6866,6866,ok,,https://gamemarket.jp/booth/game/6866,ok,0
959,ぷあぷあイデオロギー,土曜 - M110,一般土曜,https://gamemarket.jp/booth/5629,5629,ok,"新進気鋭(自称)のボードゲーム制作サークルです。
ゲームマーケット2026春も出展します！",https://gamemarket.jp/booth/game/5629,ok,5
960,Highji_Works,土曜 - M111,一般土曜,https://gamemarket.jp/booth/3964,3964,ok,うそつきマス販売します,https://gamemarket.jp/booth/game/3964,ok,5
961,Timentier Games,土曜 - M112,一般土曜,https://gamemarket.jp/booth/5303,5303,ok,,https://gamemarket.jp/booth/game/5303,ok,0
962,にゃんぷる,土曜 - M113,一般土曜,https://gamemarket.jp/booth/4741,4741,ok,"2025春新作は3本
本当に自分のために贈られたプレゼントはどれ？
『つまらないものですが』 4-7人 15-30分
世界のことわざを穴埋め
『ことわザワールド』 3-8人 20-40分
中国伝統ゲーム""打天九""をカードでシンプルに
『天九三国志』 4人(3人用ルール有) 20-30分",https://gamemarket.jp/booth/game/4741,ok,8
963,みこしかつぐしろいるか,土曜 - M114,一般土曜,https://gamemarket.jp/booth/5436,5436,ok,カードゲーム始めました,https://gamemarket.jp/booth/game/5436,ok,3
964,かたくり兎のCG露店,土曜 - M115,一般土曜,https://gamemarket.jp/booth/6867,6867,ok,,https://gamemarket.jp/booth/game/6867,ok,0
965,千の匣,土曜 - M116,一般土曜,https://gamemarket.jp/booth/4491,4491,ok,"史上初！
自分のデッキを持って遊ぶ、麻雀ルール拡張TCGが完成！
プレイヤーは自分の分身となるアバターカード＋アクションカード三枚で構成されたデッキを使い、
まるで麻雀漫画のキャラクターのような能力麻雀バトルを再現できます。
キャラクターとなるのは世界中で人気の英雄たち。
全32種類のカードが収録され、デッキの組み合わせはなんと4,000種類以上！
麻雀初心者から上級者まで楽しめるゲームになっています！",https://gamemarket.jp/booth/game/4491,ok,0
966,ろーりん☆つーりす,土曜 - M117,一般土曜,https://gamemarket.jp/booth/1387,1387,ok,,https://gamemarket.jp/booth/game/1387,ok,2
967,嘴広卿,土曜 - M118,一般土曜,https://gamemarket.jp/booth/2199,2199,ok,,https://gamemarket.jp/booth/game/2199,ok,6
968,親子ボドゲ,土曜 - M119,一般土曜,https://gamemarket.jp/booth/2166,2166,ok,"トランプの大富豪に言葉を組み合わせた「ワード大富豪」と、3枚で役を作る「神経衰ジャン」を試遊できます！
どちらも簡単ルール＆短時間で遊べるので、気軽にお立ち寄りください。",https://gamemarket.jp/booth/game/2166,ok,6
969,Unclear,土曜 - M120,一般土曜,https://gamemarket.jp/booth/6871,6871,ok,,https://gamemarket.jp/booth/game/6871,ok,0
970,80GAMES,土曜 - M121,一般土曜,https://gamemarket.jp/booth/5067,5067,ok,"大阪八尾で活動している80GAMESです。過去作としてはEZKE〜餌付け〜、酒の屍を越えてゆけ、パンダ雀、パンダポーカー、メモリーハザードなどがあります。
今回は新作ゲームのオゴリジャンを発売します。オゴリジャンは肉寿司酒の3種類のカードを組み合わせて、5枚で遊ぶ麻雀系ゲームで支払いを他人にさせて破産させるゲームになってます。",https://gamemarket.jp/booth/game/5067,ok,3
971,チャトラゲームズ,土曜 - M122,一般土曜,https://gamemarket.jp/booth/2866,2866,ok,"チャトラゲームズはボードゲーム作成活動を行っているサークルです。
サークル名は古代インドのボードゲームである、チャトランガ からのインスパイアです。
メンバの過半数が猫好きなので猫要素が加わっています。
2019年：タイムイズデリシャス
2021年：エリスの算盤
2023年：エリスの算盤 第２版
2023年：ザ・カカポ バディ＆パーティ",https://gamemarket.jp/booth/game/2866,ok,3
972,EBAGEM,土曜 - M123,一般土曜,https://gamemarket.jp/booth/4048,4048,ok,代表のえばやんが思いのままに作り上げたボドゲを頒布します。,https://gamemarket.jp/booth/game/4048,ok,4
973,LASTHOPE,土曜 - M124,一般土曜,https://gamemarket.jp/booth/4644,4644,ok,"ボードゲームの製作や生放送などを行っております！！
ご興味ありましたらぜひぜひ配信も見に来てくれると嬉しいです！！",https://gamemarket.jp/booth/game/4644,ok,2
974,Doubt Games,土曜 - M125,一般土曜,https://gamemarket.jp/booth/5843,5843,ok,脳汁を出すゲームを創作しております。,https://gamemarket.jp/booth/game/5843,ok,0
975,（一社）日本しりとり協会,土曜 - M126,一般土曜,https://gamemarket.jp/booth/6314,6314,ok,"日本しりとり協会の出展ブースです。
『場所名しりとり』
を、ゲムマ2026秋の新作として、初日・10月17日(土)のみ出品予定です。",https://gamemarket.jp/booth/game/6314,ok,1
976,玉匣~たまくしげ~,土曜 - M127,一般土曜,https://gamemarket.jp/booth/6590,6590,ok,"・ボードゲーム販売
新作!!【MR.DARTS】
ゲムマ初持ち込み・処女作【zodiac sign】
・その他 ボドゲ関連グッズ",https://gamemarket.jp/booth/game/6590,ok,1
977,秘密結社しゃっかー,土曜 - M128,一般土曜,https://gamemarket.jp/booth/5710,5710,ok,,https://gamemarket.jp/booth/game/5710,ok,5
978,ARCAREST,土曜 - M129,一般土曜,https://gamemarket.jp/booth/4316,4316,ok,"個人でボードゲームを作っています！
『いままでになかったモノ』をコンセプトに
新しいゲームシステムやユニークなテーマで製作しております。
YouTubeで遊び方や世界観の紹介もしているので是非ご覧ください。
レインボーマッチングシリーズ、
「禁じられし秘密の楽園」「PRIDE casino」
尋問官拷問バトル「ラ・トルトゥーラ」、チンチラッシュ",https://gamemarket.jp/booth/game/4316,ok,5
979,LUXIA,土曜 - M130,一般土曜,https://gamemarket.jp/booth/6868,6868,ok,,https://gamemarket.jp/booth/game/6868,ok,0
980,とんじる,土曜 - M131,一般土曜,https://gamemarket.jp/booth/4677,4677,ok,"ゲームマーケット2023春に向けてサッカーゲーム制作中！
「フリートコマンダー」攻略本も同時頒布予定！",https://gamemarket.jp/booth/game/4677,ok,2
981,ハッピーゲームズ,土曜 - M132,一般土曜,https://gamemarket.jp/booth/1538,1538,ok,"ボードゲームを制作しているハッピーゲームズです。
4年半ぶりの完全新作は『オウムガエス』。
過去作に2人用ブラフゲーム『傾国-KEIKOKU-』、推理型対戦ゲヱム『幻影探偵団』、『グラギャモン』シリーズ、アニメ原作のサバイバルホラー・カードゲーム『迷家-マヨイガ-The Lost Village』ダイスをコマとして使ったアブストラクトゲーム『ZIXZA ジグザ』など。",https://gamemarket.jp/booth/game/1538,ok,8
982,Children's Tree Games,土曜 - M133,一般土曜,https://gamemarket.jp/booth/1466,1466,ok,"「ねこねこシリーズ」をはじめ、挑戦的なボードゲームを作成している個人サークルです。
子供と大人が楽しめるボードゲームを目指しています。",https://gamemarket.jp/booth/game/1466,ok,6
983,梟老堂,土曜 - M134,一般土曜,https://gamemarket.jp/booth/1307,1307,ok,「ゲームらしいゲームを作る」 をモットーに、細々と活動しております。じんわりと見守ってやってくださいませ。,https://gamemarket.jp/booth/game/1307,ok,23
984,みとなゲームズ,土曜 - M135,一般土曜,https://gamemarket.jp/booth/6154,6154,ok,"秋ゲムマ26新作公開！
さらりと遊べるブラフ系です！
『敵に塩を送り合うゲーム』
https://gamemarket.jp/game/188797
秋ゲムマ25初出展！
サクッと遊べるブラフ系ゲーム作りました！
🦑【イカさまバーガー】🍔
https://gamemarket.jp/game/186208",https://gamemarket.jp/booth/game/6154,ok,2
985,今日、僕が船を出さない理由,土曜 - M136,一般土曜,https://gamemarket.jp/booth/5869,5869,ok,"◤資源保護しつつ、漁師として生活していけるか……！？◢
現代日本における魚の乱獲問題をテーマにした「水産系🎣カードゲーム」。
乱獲はしないように、誰よりも早く魚を沢山ゲットしてお金を稼ごう。",https://gamemarket.jp/booth/game/5869,ok,1
986,木須ゲームズ,土曜 - M137,一般土曜,https://gamemarket.jp/booth/5395,5395,ok,,https://gamemarket.jp/booth/game/5395,ok,0
987,年間ぱら,土曜 - M138,一般土曜,https://gamemarket.jp/booth/6616,6616,ok,,https://gamemarket.jp/booth/game/6616,ok,0
988,Table Cross,土曜 - M139,一般土曜,https://gamemarket.jp/booth/1250,1250,ok,テーブルゲーム制作処です。過去作は『ばけぬし』『バイナリーズ』『団扇と小槌』、『忍者対戦』等。ゲームシステム制作を主としています。ドイツ系ゲーム、アブストラクトゲームの色合い濃く「繰り返し遊ばれるゲーム作り」が信条です。,https://gamemarket.jp/booth/game/1250,ok,3
989,リトルハーミット,土曜 - M140,一般土曜,https://gamemarket.jp/booth/3746,3746,ok,花火とIT業界とオーロラを題材にしたゲームを扱っています,https://gamemarket.jp/booth/game/3746,ok,9
990,遊び村,土曜 - M141,一般土曜,https://gamemarket.jp/booth/6316,6316,ok,深夜テンションで始まったTCGライクなボードゲームをメインに作りたいと思っている集団（主に一人）です,https://gamemarket.jp/booth/game/6316,ok,0
991,オデットスタジオ,土曜 - M142,一般土曜,https://gamemarket.jp/booth/6869,6869,ok,オデットスタジオは淡路島などを舞台にしたボードゲーム制作を目指す個人サークルです。,https://gamemarket.jp/booth/game/6869,ok,1
992,揺れる蕾を愛でる会,土曜 - M143,一般土曜,https://gamemarket.jp/booth/3965,3965,ok,"ほそぼそとやってます。
虫の息以上、寝息未満で。",https://gamemarket.jp/booth/game/3965,ok,4
993,賽子屋,土曜 - M144,一般土曜,https://gamemarket.jp/booth/6870,6870,ok,,https://gamemarket.jp/booth/game/6870,ok,0
994,Uesama Games,土曜 - M145,一般土曜,https://gamemarket.jp/booth/2580,2580,ok,"ゲームとボードゲーム整理グッズ「カベタカー」を販売しています。
ゲムマブースでは、過去作品の特価販売も行います。",https://gamemarket.jp/booth/game/2580,ok,7
995,Native Studio,土曜 - M146,一般土曜,https://gamemarket.jp/booth/6716,6716,ok,"【長野から、純粋な遊びの形を。】
Native Studioのブースでは、対照的な魅力を持つ2つの最新作を展開します。
色と模様を作り、静かな思考と調和を楽しむ抽象ゲーム『Wiggle（ウィグル）』。
ねこたちが大物を狙う賑やかな釣りのパーティーカードゲーム『おさかにゃ』。
「静」と「動」、それぞれのプレイ感が生み出す温かな時間を、展示・販売・試遊にてお届けします。
ゲームが初めての方も、こよなく愛する方も、素敵な時間を分かち合えたら嬉しいです。
どうぞ気軽にブースにお立ち寄りください。",https://gamemarket.jp/booth/game/6716,ok,2
996,ワークショップゲームをつくる会,土曜 - M147,一般土曜,https://gamemarket.jp/booth/3698,3698,ok,青学WSD（ワークショップデザイナー育成プログラム）の修了生を中心に、ワークショップの要素を取り入れたアナログゲームの制作をしているグループです。現在はコミュニケーションゲームやアイデア創発ゲームを中心に開発・販売しています。,https://gamemarket.jp/booth/game/3698,ok,8
997,A01PRODUCTION,土曜 - M148,一般土曜,https://gamemarket.jp/booth/6241,6241,ok,アイドルマスター やアニメの二次創作ボードゲーム作成サークルです。,https://gamemarket.jp/booth/game/6241,ok,6
998,永夜,土曜 - N014,一般土曜,https://gamemarket.jp/booth/5517,5517,ok,"2024秋に初出展。2026秋出展します。
現在3名で活動しております。
出展履歴とその時の新作：
2024秋：三神姫
2025秋：神は賽子を振らないが、半神は聖選(ドラフト)をした後天命を待つ
2026秋：神は賽子を振らないが、半神は聖選(ドラフト)をした後天命を待つ：天命に抗うもの",https://gamemarket.jp/booth/game/5517,ok,3
999,BlackPoker,土曜 - N015,一般土曜,https://gamemarket.jp/booth/1853,1853,ok,"”トランプだけでカードゲームみたいに遊べちゃう！”でお馴染み？？のトランプゲームサークル「BlackPoker」です。
都内を中心に活動しています。",https://gamemarket.jp/booth/game/1853,ok,4
1000,ポイエータイ,土曜 - N016,一般土曜,https://gamemarket.jp/booth/5593,5593,ok,"ゲームマーケット2026秋 10 月 17 日(土)
新作協力型カードゲーム『マッドブック 発狂絵本』",https://gamemarket.jp/booth/game/5593,ok,2
1001,Melee the Crystal,土曜 - N017,一般土曜,https://gamemarket.jp/booth/6222,6222,ok,,https://gamemarket.jp/booth/game/6222,ok,1
1002,蒼空久遠工房,土曜 - N018,一般土曜,https://gamemarket.jp/booth/4603,4603,ok,"蒼空久遠工房は、カードの効果による駆け引きと応酬を楽しめる対戦・戦略ゲームを制作している個人サークルです。
ゲームマーケット2026秋は、新設されたTCGエリア【土-N018】へ出展！
『蒼き御空の決闘譚』『神気覚醒エクセディア』『異譚装纏』『禍討ノ夜』の4作品を頒布します！
よろしくお願いいたします！
◎発売ゲーム
戦技攻防対戦ゲーム「蒼き御空の決闘譚」（ゲムマ2026春）
異能刻印戦術ゲーム「異境の破片をその身に刻み -異譚装纏-」（ゲムマ2025春）
「惨禍赫奕たる運命を越えて」（ゲムマ2024秋）
信技創造対戦ゲーム「神気覚醒エクセディア」（ゲムマ2024秋）
魔法詠唱戦闘ゲーム「魔法使いは詠み唱う」（ゲムマ2023秋）
魔法詠唱戦闘ゲーム「Elements＆Essence（エレメンツ&エッセンス）」（ゲムマ2023春）",https://gamemarket.jp/booth/game/4603,ok,7
1003,AsobuzZ-アソバズ-,土曜 - N019,一般土曜,https://gamemarket.jp/booth/5290,5290,ok,遊ばずにはいられない、新感覚TCGボードゲーム「7 SHADES OF S:EVEN」。色を失った世界で7色を集める。シンプルなのに奥深い。戦略と運が絶妙に絡み合う、誰でも楽しめる一作。最新作「1st EDITION ドゥエン」では【財力】と【状況】が加わり、ゲーム性が大幅進化。2〜4人／約30分／10歳以上。,https://gamemarket.jp/booth/game/5290,ok,3
1004,レジェンド・オブ・スターズ,土曜 - N020,一般土曜,https://gamemarket.jp/booth/5959,5959,ok,"オリジナルトレーディングカードゲーム、レジェンドオブスターズです。
キャラクターを動かして勝利を目指しましょう！
【販売内容】
・スターターデッキ4種(火・水・木・土)
・イラストレーター様限定描きおろしイラスト×2種",https://gamemarket.jp/booth/game/5959,ok,1
1005,しゅうかくタイム,土曜 - N021,一般土曜,https://gamemarket.jp/booth/6971,6971,ok,"めくって、そろえて、いっぱい収穫！
「しゅうかくタイム」は、ペアをそろえて野菜を収穫する、かんたんカードゲームです。
こどもから大人まで、はじめてでもすぐ遊べます。
家族や友だちと、みんなでワイワイ楽しもう！",https://gamemarket.jp/booth/game/6971,ok,0
1006,Pair Games,土曜 - N022,一般土曜,https://gamemarket.jp/booth/4957,4957,ok,２人用戦略カードゲームです。,https://gamemarket.jp/booth/game/4957,ok,1
1007,あなろぐれたす,土曜 - N037,一般土曜,https://gamemarket.jp/booth/6076,6076,ok,"『すたれないを、つくりたい。』
2024年秋からゲームマーケットに参戦し、現在は主に2人用対戦ゲームを主に制作・頒布しています！
出典ログ：2024秋/2025秋/2026秋",https://gamemarket.jp/booth/game/6076,ok,2
1008,すたじおかろん,土曜 - N038,一般土曜,https://gamemarket.jp/booth/6972,6972,ok,,https://gamemarket.jp/booth/game/6972,ok,0
1009,バトルオブレガシィ,土曜 - N039,一般土曜,https://gamemarket.jp/booth/6973,6973,ok,,https://gamemarket.jp/booth/game/6973,ok,0
1010,漫と日々,土曜 - N040,一般土曜,https://gamemarket.jp/booth/6663,6663,ok,"赤属性デッキ【故郷への旅路】
緑属性デッキ【ワイルドトーカー】 各1800円
２デッキ同時購入で3000円で販売予定です。",https://gamemarket.jp/booth/game/6663,ok,2
1011,動物王,土曜 - N041,一般土曜,https://gamemarket.jp/booth/6975,6975,ok,,https://gamemarket.jp/booth/game/6975,ok,0
1012,「妖精の森」管理局,土曜 - N042,一般土曜,https://gamemarket.jp/booth/6186,6186,ok,オリジナルトレーディングカードゲーム「妖精の森 / The Fairy Forest」の販売・紹介を行います。スターターデッキ3種発売！！,https://gamemarket.jp/booth/game/6186,ok,1
1013,けむりちゅーどく,土曜 - N043,一般土曜,https://gamemarket.jp/booth/5967,5967,ok,"秋葉原・末広町にあるメイドシーシャ屋「けむりちゅーどく」です！
2025年秋のゲームマーケットで試遊&頒布出展！",https://gamemarket.jp/booth/game/5967,ok,1
1014,記卓部,土曜 - N044,一般土曜,https://gamemarket.jp/booth/3069,3069,ok,フレイバー重視のカードゲームを作っています。,https://gamemarket.jp/booth/game/3069,ok,12
1015,神津島ジュニアクリエイターズ,土曜 - N045,一般土曜,https://gamemarket.jp/booth/6974,6974,ok,,https://gamemarket.jp/booth/game/6974,ok,0
1016,クレイズ出版,土曜 - P013,一般土曜,https://gamemarket.jp/booth/7057,7057,ok,ボードゲームにまつわるZINEを作っています。,https://gamemarket.jp/booth/game/7057,ok,2
1017,シンキングファクトリー,土曜 - P014,一般土曜,https://gamemarket.jp/booth/5587,5587,ok,"ボードゲームカフェ・販売店の店長が、ユーザー目線で開発した便利グッズを約80種類以上ご用意！
・コンポーネントの収納・管理・セットアップが快適になる「インサートケース」
・プレイ中の駒やタイルがズレず、ゲームが快適になる「オーバーレイ」
・雰囲気も利便性もUPする「アップグレードアイテム」 などなど！
さらに今回は、製品版として初お披露目の
《サイズが豊富な片面エンボススリーブ「スゴいスリーブ」》も販売予定！
→ 詳細：https://camp-fire.jp/projects/718161/view
TCGやTRPGを遊ぶ方にもきっと気に入っていただけるラインナップです。
人気商品のサンプルも展示予定！
ぜひ【見て・触って・試して】、あなたにぴったりの便利グッズを探しにきてください！
＿＿＿＿＿＿＿＿＿＿＿＿＿＿＿
■ご予約は当店のオンラインストアから■
商品予約ページ URL：https://thinking-factory.stores.jp/?category_id=670fab11324c36066f20744e
※ お支払いは現地決済です。
■お支払い方法■
現金、クレジットカード、iD、QuickPay、d払い（iD経由）、メルペイ(iD経由）、PayPay、AUPayなど",https://gamemarket.jp/booth/game/5587,ok,30
1018,@Dokkoi_JP,土曜 - P015,一般土曜,https://gamemarket.jp/booth/4078,4078,ok,"【お店について】快適なゲーム体験ができる便利グッズ展開を基本とし、さらにお客さまに愛着を持っていただける、毎日の楽しみになるような商品を展開しています。
【商品の特徴】（1）オープン会などの遠征に便利なコンパクトかつ軽量な商品はもちろんのこと、持っていて心が躍るような商品づくりをしております。（2）活動拠点である尾州地方は、世界三大毛織物産地であり、その織物を使用した商品を展開しております。触って初めてわかる魅力があります。ぜひイベントにて、その良さを体験してみてください。",https://gamemarket.jp/booth/game/4078,ok,30
1019,@Dokkoi_JP_LIFE,土曜 - P016,一般土曜,https://gamemarket.jp/booth/5909,5909,ok,,https://gamemarket.jp/booth/game/5909,ok,0
1020,Artesuar ＆ ころん、ゆらん,土曜 - P017,一般土曜,https://gamemarket.jp/booth/3064,3064,ok,"アクセサリー工房 ころん、ゆらん ＆
ボードゲーム＆ガラス工房Artesuar～あるてっさ～の合同ブースです
『アクセサリー工房 ころん、ゆらん』はボードゲーム関連グッズ製作(草原に寝そべるミープル、宇宙にただようミープル、ゴムバンドなど)
『Artesuar』はボードゲーム制作とバーナーワーク作ったでガラス駒やアクセを販売しています",https://gamemarket.jp/booth/game/3064,ok,1
1021,いたやま商会,土曜 - P018,一般土曜,https://gamemarket.jp/booth/1355,1355,ok,,https://gamemarket.jp/booth/game/1355,ok,0
1022,ドミノガーデン＠ボドゲクロス,土曜 - P019,一般土曜,https://gamemarket.jp/booth/2343,2343,ok,,https://gamemarket.jp/booth/game/2343,ok,0
1023,JoyStock,土曜 - P020,一般土曜,https://gamemarket.jp/booth/5828,5828,ok,"ボードゲームのオリジナル収納箱の販売を行っています。
いずれも自家設計で、可能な限りコンパクトに収納できるよう工夫してあります。
・カタン収納箱（通常版/5-6人拡張/都市と騎士/航海者）
・スプレンダー収納箱（通常版/新旧拡張）
・バトルライン収納箱",https://gamemarket.jp/booth/game/5828,ok,0
1024,KTK関西特許研究会,土曜 - P021,一般土曜,https://gamemarket.jp/booth/7056,7056,ok,,https://gamemarket.jp/booth/game/7056,ok,0
1025,ふうぶつし,土曜 - P032,一般土曜,https://gamemarket.jp/booth/3227,3227,ok,,https://gamemarket.jp/booth/game/3227,ok,0
1026,ホットゲームズ＋まーまゆ食堂,土曜 - P033,一般土曜,https://gamemarket.jp/booth/2049,2049,ok,"ホットゲームズです。
ゲームはもちろん、ゲームで
使用出来るアイテムの作製まで
ホットに提供します。
ツイッター(X)から連絡頂ければ
指定の商品の取り置きが可能です。
BASE通販からの購入も可能です。
https://hotgames.base.shop/",https://gamemarket.jp/booth/game/2049,ok,6
1027,ジェーンとマトン,土曜 - P034,一般土曜,https://gamemarket.jp/booth/2567,2567,ok,ゲーム関連のアクセサリーの販売,https://gamemarket.jp/booth/game/2567,ok,0
1028,竜哭堂,土曜 - P035,一般土曜,https://gamemarket.jp/booth/4403,4403,ok,ハンドメイドのボードゲームと、LARP向けの装飾品等,https://gamemarket.jp/booth/game/4403,ok,7
1029,久遠堂,土曜 - P036,一般土曜,https://gamemarket.jp/booth/1473,1473,ok,アナログゲームと、アナログゲーム系のグッズやTシャツなどを作っています。,https://gamemarket.jp/booth/game/1473,ok,18
1030,ながめてる工房,土曜 - P037,一般土曜,https://gamemarket.jp/booth/7055,7055,ok,"今のところ3Dプリンタでボードゲームグッズを作るサークルです。
なにか気になることがあればXで連絡ください。",https://gamemarket.jp/booth/game/7055,ok,1
1031,うめゆ Word Works,土曜 - P038,一般土曜,https://gamemarket.jp/booth/5374,5374,ok,"頒布実績は書籍『ゲームのルールの伝言ゲーム』&新作『ゲームの説明書の説明書』。
主な校正実績：Sui Works『オーシェミン』『デソリト』『ブルオリノ』『アウトロアウト』など（約60作）",https://gamemarket.jp/booth/game/5374,ok,2
1032,TailCrafter,土曜 - P039,一般土曜,https://gamemarket.jp/booth/7054,7054,ok,実際のゲームBGMとして作られた合計５０曲以上の音楽を頒布！現代からファンタジーまで、日常シーンで使いやすい楽曲や幻想的な民族楽曲、戦闘シーンの緊迫感ある楽曲まで多彩なジャンルをお届けします。ご購入いただいた方は全楽曲、配信やTRPG、マダミスなどにご利用可能です。さあ、あなたの物語にも、響きを。,https://gamemarket.jp/booth/game/7054,ok,0
1033,TIW工房,土曜 - P040,一般土曜,https://gamemarket.jp/booth/5750,5750,ok,"「Thing I Want」の頭文字をつなげてTIW工房（てぃうこうぼう）と読みます。
ものづくり好きが高じて、いろいろな物を作っています。
革や木、金属に樹脂などを用いてグッズ、手に取ったらワクワクするような物を揃えれるようにしています。
要相談でオーダーグッズなんかも作っていますので、お気軽にお声掛けください。
きっと手に取ったら日常の中にも、ちょっとしたワクワクを提供できるかと思います。",https://gamemarket.jp/booth/game/5750,ok,0
1034,Peerless Games,土曜 - Q001,一般土曜,https://gamemarket.jp/booth/6242,6242,ok,"東京で個人で活動しているサークルです。GMレスのマーダーミステリーを制作しています。作品の詳細は公式サイトをご覧ください。
https://peerless-games.isoparametric.xyz/",https://gamemarket.jp/booth/game/6242,ok,4
1035,TOXY GAMES,土曜 - Q002,一般土曜,https://gamemarket.jp/booth/4188,4188,ok,"マーダーミステリー制作サークルです。
怪しげなフルフェイスマスク集団の装いでブースにてお待ちしております。
マスクONのときはご自由に写真に撮っていただいて構いません。",https://gamemarket.jp/booth/game/4188,ok,14
1036,LUMI:X,土曜 - Q003,一般土曜,https://gamemarket.jp/booth/1539,1539,ok,こんにちは、「LUMI:X」と申します！ボードゲーム紹介を中心に様々な活動をする者です。10年にわたるボドゲ動画投稿してます！,https://gamemarket.jp/booth/game/1539,ok,0
1037,ボドゲーン同好会,土曜 - Q004,一般土曜,https://gamemarket.jp/booth/3327,3327,ok,"ボドゲーン同好会です。
王道から色物まで多彩なマダミスを多数取り揃えております。",https://gamemarket.jp/booth/game/3327,ok,22
1038,謎廊倶楽部,土曜 - Q005,一般土曜,https://gamemarket.jp/booth/6486,6486,ok,"マーダーミステリー制作サークル『謎廊倶楽部(めいろうくらぶ)』
第1作『探査艇ニューロンの航海記録』をゲムマ春にて初出展予定",https://gamemarket.jp/booth/game/6486,ok,1
1039,マダミステリ屋,土曜 - Q006,一般土曜,https://gamemarket.jp/booth/4965,4965,ok,"2026年秋 土曜日 Q006 にてマーダーミステリーゲーム中心に新作３作販売します！
推理で頭を使いつつ笑って楽しめるシナリオばかりです。
A 新作 終活ミステリープレイングゲーム『磯砂若菜の遺言書』3人用/120分/1500円
B 新作 『ありふれた人魚の死』6人用/180分/2500円
C 新作 協力推理型マダミス『五人姉妹のかくしごと』５人用（１～４人も可）/180分/2500円
C1 旧作 協力推理型マダミス『五人姉妹のあるばいと』５人用（1～４人も可）/180分/2500円
C2 旧作 『五人姉妹のひとりごと』５人用/180分/2500円
B1 旧作『ありふれた領主の死』３人用（4～6人プレイも可）/ 90分/1000円
B2 旧作『ありふれた怪物の死』３人用（4～6人プレイも可）/ 120分/1500円
B3 旧作 『ありふれた将軍の死』６人用（3～5人プレイも可）/ 120分/2000円
D1 旧作 殺人の無いマダミス『 バレンタイン・シャッフル』 ５人用/100分/1500円
D2 旧作 協力謎解き型マダミス『バレンタイン・シャッフル２』1～5人用/180分/2000円
D3 旧作 『 バレンタイン・シャッフル３』 ５人用/180分/2000円
A1 旧作 『独×毒～独眼竜毒殺事件』４人用/180分/3000円",https://gamemarket.jp/booth/game/4965,ok,12
1040,イマーシブクラウド,土曜 - Q007,一般土曜,https://gamemarket.jp/booth/6189,6189,ok,VRChatで公演している、イマーシブクラウド完全オリジナルマーダーミステリー「Who ate egg pudding ─ 誰がプリンを食べたのか」が現実でも遊べるようになってゲムマに登場！🎉ボドゲとして遊べるパッケージ版の販売に加えて、VRだからこそ楽しめる 没入型のマダミス舞台も紹介します🕵️‍♀️✨「マーダーミステリー × VR」の最強のイマーシブ体験を作り続けている私たちの活動をぜひ覗きに来てください！さらに…当日は 完全新作の情報解禁あるかも！？どうぞお楽しみに！👻,https://gamemarket.jp/booth/game/6189,ok,0
1041,Sushi.Lab,土曜 - Q008,一般土曜,https://gamemarket.jp/booth/4946,4946,ok,,https://gamemarket.jp/booth/game/4946,ok,0
1042,静岡テーブルゲーム工房,土曜 - Q019,一般土曜,https://gamemarket.jp/booth/4607,4607,ok,"ゲームマーケット2025秋では新作「恐竜のたまご」に加えて、
過去に頒布しましたゲームも引き続きご用意しています。
価格は全て2200円（税込）です。なお試遊卓はありません。
また、今回はマダミスを制作されている「阿萬家」さんとの共同出展になります。
さらに、浮遊雲さんの制作されたマダミスもありますので、
マダミスをお探しの方もぜひお立ち寄りください。",https://gamemarket.jp/booth/game/4607,ok,7
1043,ROSSIⅡ,土曜 - Q020,一般土曜,https://gamemarket.jp/booth/6135,6135,ok,,https://gamemarket.jp/booth/game/6135,ok,6
1044,幽界航路,土曜 - Q021,一般土曜,https://gamemarket.jp/booth/7068,7068,ok,"物語を持ち帰るか、30人の物語へ乗り込むか。新作マーダーミステリー2作品＋ストーリー謎解き絵本2作品をゲムマ特別価格で販売します。
◆
パッケージマダミス2作品はちょこっと体験OK！ 悪の組織の幹部になってオープニング台本を読んだり、魔術学園の生徒になって作中の呪文を唱えたりできます。
◆
さらに、30人参加型・公演型マーダーミステリー『幽界航路 神在クルーズ』もご紹介。会場で公演エントリーも受け付けます。",https://gamemarket.jp/booth/game/7068,ok,4
1045,屈折キネマ,土曜 - Q022,一般土曜,https://gamemarket.jp/booth/7069,7069,ok,世界観や物語体験を重視した作品をつくっています。,https://gamemarket.jp/booth/game/7069,ok,1
1046,3分ラボ,土曜 - Q023,一般土曜,https://gamemarket.jp/booth/7070,7070,ok,,https://gamemarket.jp/booth/game/7070,ok,0
1047,阿萬家,土曜 - Q024,一般土曜,https://gamemarket.jp/booth/6643,6643,ok,,https://gamemarket.jp/booth/game/6643,ok,0
1048,newmerous,土曜 - Q025,一般土曜,https://gamemarket.jp/booth/2864,2864,ok,"ボードゲーム ・カードゲーム・マーダーミステリーを制作しています。
2024秋では新作マーダーミステリー「應仁（オウニン） 東軍版・西軍版」（GMレス4人用・合わせて8人でプレイ可能）を頒布いたします。
代表作：マーダーミステリー「ダモクレスの旗印」「カルネアデスの陰影」「テセウスの手引」「レクス＝タリオニス」など。",https://gamemarket.jp/booth/game/2864,ok,6
1049,TheLightHouse,土曜 - R001,一般土曜,https://gamemarket.jp/booth/4854,4854,ok,福岡県北九州市のマーダーミステリー専門カフェ The Light Houseと期待の作家えるがタッグで贈る完全オリジナルのマーダーミステリー！舞台はスチームパンクの飛行船！魅力的なキャラクターになりきってスチームパンクの世界に入り込もう！,https://gamemarket.jp/booth/game/4854,ok,0
1050,100人で制作マダミス,土曜 - R002,一般土曜,https://gamemarket.jp/booth/4853,4853,ok,"「やらかし勇者」のマーダーミステリー〈ボードゲーム要素あり〉を販売します。
プレイ時間 4.５時間
６人用
XのDMでご予約承っております。
#マダミス #ボードゲーム",https://gamemarket.jp/booth/game/4853,ok,0
1051,STUDIO GREAT GIGATON GAR,土曜 - R003,一般土曜,https://gamemarket.jp/booth/5480,5480,ok,,https://gamemarket.jp/booth/game/5480,ok,2
1052,ちばアナログゲームサークル,土曜 - R004,一般土曜,https://gamemarket.jp/booth/5669,5669,ok,"◇◆2026秋◆◇
出展します。よろしくお願いします。
◎新作◎
【確定】ゲームブック「都市伝説オークション」(B6/96P)…3000円
ややホラー＆不穏な雰囲気の真っ黒なゲームブックです。
（ほぼ確定）マーダーミステリー「殺意潜航」(2人用/60分程度)…価格調整中(2000～2500円前後)
深海×潜水艇マーダーミステリー。表紙が綺麗に出来ました♪
ーーーーーーーーーーーーーーーーーーーーーーーーーーーーー
◇◆2026春◆◇
出展します。よろしくお願いします。
新作5人用対戦型マーダーミステリー
『ミッドウィンター・デス・ロッジ』5人/90分/GMレス
雪山×山荘ミステリーを出します。
準新作の『勇者と吸血王』もあります♪
どちらも3,000円で統一しましたー
よろしければぜひ
************************************
✦2025秋✦出展します。よろしくお願いします。
11月22日(土)のみ Qー65
〈御品書き〉
*************************************
◎2025秋の新作◎
ゲームブック【勇者と吸血王】B6/58P 3,000円
※プレイに必要なダイス×2、鉛筆付きです(キャラクターシート用)
このセットだけで遊んでいただけます。
ダイスは色が五種類くらいあるので、ご購入者様がお選びください(^^)
・マルチエンドです。念願のゲームブックを初めて作りました。よろしければ遊んでくださいー！
◎過去作◎
マーダーミステリーも、少部数ですが持っていく予定です(印刷間に合わなかったらごめんなさい)
・5人用マーダーミステリー(70分/GM不要)
『ミッドナイト・デス・ダイナー』 3,000円（仮）
・2人用脱出系マーダーミステリー（60分/GM不要）
『ふたつの異世界エレベーター』2,500円
*************************************",https://gamemarket.jp/booth/game/5669,ok,0
1053,星屑ゲームズ,土曜 - R005,一般土曜,https://gamemarket.jp/booth/7066,7066,ok,,https://gamemarket.jp/booth/game/7066,ok,0
1054,ぶたゆめ堂,土曜 - R006,一般土曜,https://gamemarket.jp/booth/6200,6200,ok,"マーダーミステリーを制作しております。
『魔法時代のエンディング(2人用)』 『自由の回路(3人用・1人用)』 『宵の帳が見せた夢(4人用・1人用)』 BOOTH通販有",https://gamemarket.jp/booth/game/6200,ok,5
1055,我月家,土曜 - R007,一般土曜,https://gamemarket.jp/booth/1363,1363,ok,"ドイツの絶版ゲームを中心に、中古品から新古品まで幅広く揃えております。
ここでしか手にはいらないゲームもきっとあるハズ！
手に取っていただいたゲームが皆様にとって「ぼくのたからもの」となりますように、願いをこめたラインナップを心がけております。
是非、覗いてやってくださいませ～よろしくお願いします！",https://gamemarket.jp/booth/game/1363,ok,0
1056,7thKINGS,土曜 - R008,一般土曜,https://gamemarket.jp/booth/4669,4669,ok,"ゲムマ2026春 新作カードゲーム「最後にこの言葉を君に送るよ ラストエール」3～5人用 10分 パーティーゲーム
マーダーミステリー「USO〜仮面遊技〜」「愚者は天秤を揺らす」頒布しました。
5人用(男性3人、女性2人)初心者から中級者向けです。
よかったら遊びに来てください。",https://gamemarket.jp/booth/game/4669,ok,3
1057,ＡＨＣマダミス,土曜 - R009,一般土曜,https://gamemarket.jp/booth/6605,6605,ok,,https://gamemarket.jp/booth/game/6605,ok,0
1058,天氷川商店,土曜 - R010,一般土曜,https://gamemarket.jp/booth/6056,6056,ok,"制作したマーダーミステリーを頒布します。
新作『右か左か』
旧作『終末の砂上船』 ※若干部数
作品に関する最新情報について、X(旧Twitter)にて発信していきますので、よろしければ右上よりご確認ください。",https://gamemarket.jp/booth/game/6056,ok,2
1059,Y.Seminar,土曜 - R011,一般土曜,https://gamemarket.jp/booth/1980,1980,ok,"アナログゲーム製作サークルのY.Seminar(ワイゼミナール)です。
2026秋にゲムマに帰ってきます！
これまでオリジナルボードゲーム『トレコマ～TRADE×COMMERCE～』シリーズ、『バトルカンパニー～野望の列島～』、『○剣伝説』、『クリスタニアの宝物庫』『うっかりペンギン』を制作いたしました。",https://gamemarket.jp/booth/game/1980,ok,7
1060,三ツ首工房,土曜 - R012,一般土曜,https://gamemarket.jp/booth/4865,4865,ok,,https://gamemarket.jp/booth/game/4865,ok,1
1061,うみのくるしみゲームス,土曜 - R013,一般土曜,https://gamemarket.jp/booth/6070,6070,ok,"岡山県のゲーム製作サークルです。
アナログゲームやマーダーミステリー等を頒布しています。",https://gamemarket.jp/booth/game/6070,ok,9
1062,ぱわー,土曜 - R014,一般土曜,https://gamemarket.jp/booth/7067,7067,ok,,https://gamemarket.jp/booth/game/7067,ok,0
1063,アノマリス,土曜 - R015,一般土曜,https://gamemarket.jp/booth/6016,6016,ok,"体験型ゲームレーベル｜現実が溶けるほどの、物語体験を。
ボードゲーム・マーダーミステリー・謎解き・ARG",https://gamemarket.jp/booth/game/6016,ok,2
1064,窓際デスク,土曜 - R016,一般土曜,https://gamemarket.jp/booth/1470,1470,ok,"萌えるチェスクロックという対局時計を作成したyetAnotherと、そのパフェちょーだい！などのボードゲームを作成した窓際デスクのブースです。
マーダーミステリー「時冷先輩は卒業できない。」の箱版を持って行きます。",https://gamemarket.jp/booth/game/1470,ok,6
1065,ブレードライン作成室,土曜 - S001,一般土曜,https://gamemarket.jp/booth/6985,6985,ok,"魂の宿る刀と、使い手たる人間のバディ=「刃」が現代に跋扈する「新しい鬼」を斬るオリジナルTRPG「悪鬼斬刃ブレードライン」を頒布します。
リプレイ、ワールドガイド、ルール、シナリオがぎゅっと詰まった一冊と
おまけの追加シナリオBOOKのセット頒布。シナリオやブランクシートの他にキャラクターの造形となる【縁(えにし)】を決めるだけですぐに遊べるサンプルキャラクターも収録しています。
刀の付喪神や、刀に憑いたかつての英雄、作成祈願に捧げられ刀に宿った魂が好きな方、
刀×スーツが好きな方、
刀×和装が好きな方、
刀×学生服が好きな方、
ぜひお手にとってください！",https://gamemarket.jp/booth/game/6985,ok,0
1066,おひとつTRPGいかが会,土曜 - S002,一般土曜,https://gamemarket.jp/booth/6987,6987,ok,,https://gamemarket.jp/booth/game/6987,ok,0
1067,怒る弟子瑕疵,土曜 - S018,一般土曜,https://gamemarket.jp/booth/6984,6984,ok,古代地中海世界モチーフのオリジナルの泡沫世界を舞台にしたSW2.5の同人サプリ「泡沫世界アーティカタパウシス」の物理書籍版を頒布予定です！,https://gamemarket.jp/booth/game/6984,ok,0
1068,Radiant azure,土曜 - S019,一般土曜,https://gamemarket.jp/booth/6993,6993,ok,,https://gamemarket.jp/booth/game/6993,ok,0
1069,ロコボックス,土曜 - S020,一般土曜,https://gamemarket.jp/booth/3602,3602,ok,"TRPGシナリオ屋さんです。ダブルクロス The 3rd Editionを中心に、クトゥルフ神話TRPG(CoC)、銀剣のステラナイツもあったりなかったり。
最近マダミス、ストプレを覚えました。",https://gamemarket.jp/booth/game/3602,ok,0
1070,auroraloop,土曜 - T001,一般土曜,https://gamemarket.jp/booth/3240,3240,ok,エモクロアTRPG二次創作シナリオの頒布,https://gamemarket.jp/booth/game/3240,ok,0
1071,納豆庵,土曜 - T002,一般土曜,https://gamemarket.jp/booth/2518,2518,ok,クトゥルフ神話TRPGのシナリオを頒布致します！,https://gamemarket.jp/booth/game/2518,ok,0
1072,2be (禿筆) @ 台灣,土曜 - T003,一般土曜,https://gamemarket.jp/booth/6989,6989,ok,,https://gamemarket.jp/booth/game/6989,ok,0
1073,へい堂,土曜 - T004,一般土曜,https://gamemarket.jp/booth/6992,6992,ok,,https://gamemarket.jp/booth/game/6992,ok,0
1074,呼吸(せん)とす,土曜 - T005,一般土曜,https://gamemarket.jp/booth/6983,6983,ok,,https://gamemarket.jp/booth/game/6983,ok,0
1075,上智大学ストーリー研究会,土曜 - T006,一般土曜,https://gamemarket.jp/booth/6996,6996,ok,,https://gamemarket.jp/booth/game/6996,ok,0
1076,えびのおすし探偵団,土曜 - T007,一般土曜,https://gamemarket.jp/booth/4912,4912,ok,"CoC6版のシナリオ集を頒布します。
いずれもクトゥルフ・コデックスをお持ちの方も、そうでない方でも遊べるシナリオ集です。
また、どちらも巻末のQRコードからトレーラー画像とNPC画像をダウンロードできます。
・既刊「平安邪宗説話集」
平安中期の実際の歴史の流れに沿って、平安京の裏に潜む邪神カルトと対決する3話構成のキャンペーンシナリオ。
一話ずつでも遊ぶことができます。
・新刊「平安邪訓抄 をかしの巻」
平安時代中期を舞台にした単発コメディ系シナリオ集。
継続探索者でも新規探索者でもプレイ可能です。",https://gamemarket.jp/booth/game/4912,ok,0
1077,こば屋,土曜 - T008,一般土曜,https://gamemarket.jp/booth/6986,6986,ok,,https://gamemarket.jp/booth/game/6986,ok,0
1078,機械花,土曜 - T009,一般土曜,https://gamemarket.jp/booth/3590,3590,ok,,https://gamemarket.jp/booth/game/3590,ok,0
1079,川犬卓&餐題奇劇,土曜 - T015,一般土曜,https://gamemarket.jp/booth/6995,6995,ok,,https://gamemarket.jp/booth/game/6995,ok,0
1080,RSゲームズ,土曜 - T016,一般土曜,https://gamemarket.jp/booth/1457,1457,ok,"いろんな媒体で漫画を描かせて頂いております。樹生ナトです。
サークル名、キオナトで活動しております。
漫画を描くのはとても大好きですが、それと共に大好物なのがゲームブック制作です。
ゲームブック的な選択肢のある漫画、「ゲームコミック」というジャンルで、
ファンタジーからホラーまで好きなものを自由気ままに描きあげています！
どうぞ宜しくお願いします！
樹生ナト/ZERO",https://gamemarket.jp/booth/game/1457,ok,1
1081,夜ふかし卓（仮）,土曜 - T017,一般土曜,https://gamemarket.jp/booth/6988,6988,ok,,https://gamemarket.jp/booth/game/6988,ok,0
1082,玄夏堂,土曜 - T018,一般土曜,https://gamemarket.jp/booth/6092,6092,ok,クトゥルフ神話TRPGの非公式シナリオを販売中,https://gamemarket.jp/booth/game/6092,ok,0
1083,お笑いTRPGサークル,土曜 - T019,一般土曜,https://gamemarket.jp/booth/4159,4159,ok,,https://gamemarket.jp/booth/game/4159,ok,0
1084,ゆきかゞみ,土曜 - T020,一般土曜,https://gamemarket.jp/booth/6994,6994,ok,,https://gamemarket.jp/booth/game/6994,ok,0
1085,生き地獄連合軍,土曜 - T021,一般土曜,https://gamemarket.jp/booth/6990,6990,ok,,https://gamemarket.jp/booth/game/6990,ok,0
1086,ろくでもいあいあ,土曜 - T022,一般土曜,https://gamemarket.jp/booth/6991,6991,ok,,https://gamemarket.jp/booth/game/6991,ok,0
1087,健康卓,土曜 - T023,一般土曜,https://gamemarket.jp/booth/6040,6040,ok,,https://gamemarket.jp/booth/game/6040,ok,0
1088,うしみつどき,土曜 - U006,一般土曜,https://gamemarket.jp/booth/7079,7079,ok,,https://gamemarket.jp/booth/game/7079,ok,0
1089,Quadora,土曜 - U007,一般土曜,https://gamemarket.jp/booth/7078,7078,ok,"Quadora（クアドラ）は、物語と謎がつながる「ストーリー型謎解き」を制作するチームです。
今回は、全4巻の連続ストーリー『UNLOCK』を販売します。
一通の手紙をきっかけに、失われた記憶をたどっていく冊子型謎解きです。
1〜2人用／各巻約30分〜／初心者OK／Web使用あり
【販売価格】
Vol.1単品：800円
Vol.2〜4セット：3,000円
Vol.1〜4全巻セット：3,500円",https://gamemarket.jp/booth/game/7078,ok,3
1090,智謎,土曜 - U008,一般土曜,https://gamemarket.jp/booth/6450,6450,ok,"謎解きゲームを個人制作している「智謎（ともなぞ）」です。
今年の春の出店に続いて二回目の出店です。
今回は｢リドルエレベーター｣という謎解きを頒布予定です。
前回頒布した「もっと」という持ち帰り謎も５００円で販売予定です。
また、前回好評頂いた謎解きが出来るティッシュを今回も無料配布予定ですので、ティッシュだけでも貰いに来てくれると嬉しいです。
★ゲムマ公式サイトに上げている内容(文章・画像)の無断転載、利用を禁止します。
転載等ご希望の場合は事前にご相談ください。・reproduction prohibited.",https://gamemarket.jp/booth/game/6450,ok,0
1091,くいーんもーにんぐ,土曜 - U009,一般土曜,https://gamemarket.jp/booth/5162,5162,ok,"言葉遊びを軸にしたクイズ、ゲームを頒布しています！
初頒布作品は自作のクソなぞなぞ問題をカードにした「クソなぞなぞ問題集」です。
１人でクイズを解くも良し、みんなで問題を共有しても良しの作品たちです。
カードになっているのでかるたにして遊んでも良いですよ！",https://gamemarket.jp/booth/game/5162,ok,4
1092,牛骨商人,土曜 - U010,一般土曜,https://gamemarket.jp/booth/4665,4665,ok,,https://gamemarket.jp/booth/game/4665,ok,1
1093,趣茶屋,土曜 - U016,一般土曜,https://gamemarket.jp/booth/5685,5685,ok,"3～5人程度で遊べるボードゲームや推理ゲームを頒布予定です。
特に、プレイヤー同士の協力や相互作用を重視したゲームをメインに作成しています。",https://gamemarket.jp/booth/game/5685,ok,6
1094,ドサンコゲームス,土曜 - U017,一般土曜,https://gamemarket.jp/booth/4326,4326,ok,"北海道出身のボドゲ好き4人で活動しています、ドサンコゲームスと申します。
毎回多くの方々と交流させていただきとても楽しいです。いつもありがとうございます！
【 予約・購入について】
当日お取り置きはこちら
オンライン販売はこちら",https://gamemarket.jp/booth/game/4326,ok,6
1095,反社会人サークル,土曜 - U018,一般土曜,https://gamemarket.jp/booth/1505,1505,ok,"ロウドウ者によるロウドウ者のための「反社会人サークル」です！
http://roudoujin.net/",https://gamemarket.jp/booth/game/1505,ok,22
1096,ふくらみゲームズ,土曜 - Z003,一般土曜,https://gamemarket.jp/booth/6049,6049,ok,,https://gamemarket.jp/booth/game/6049,ok,1
1097,GOTO16,土曜 - Z004,一般土曜,https://gamemarket.jp/booth/7095,7095,ok,,https://gamemarket.jp/booth/game/7095,ok,0
1098,しめりけ,土曜 - Z008,一般土曜,https://gamemarket.jp/booth/1829,1829,ok,"初めまして。友情破壊上等非電源ゲームサークル「しめりけ」代表のダークじゅんいちです。どうぞよろしくお願いします。最近はゾーニング方向にお熱。
ゲーム作成時のモットーは、”友情破壊上等（レッツ・キズナブレイク)”です。",https://gamemarket.jp/booth/game/1829,ok,14
1099,冒険少女ギルド,土曜 - Z009,一般土曜,https://gamemarket.jp/booth/6025,6025,ok,"『冒険少女ギルド』は、個性豊かな少女冒険者たちを描くオリジナルファンタジーシリーズです。イラストや漫画、設定資料集で描かれる世界を、デッキ構築型ボードゲームでも楽しめます。少女たちを仲間に迎え、モンスターを討伐し、絆を深めながら自分だけのギルドを育てましょう。基本セットに加え、拡張パック Vol.1 も登場！
作者は、大阪を拠点に活動する台湾出身のイラストレーター・漫画家、缶子（orz_can）。缶子が主宰する創作サークル「缶子牧場」では、かわいい少女たちと、彼女たちが生きるファンタジーの世界をテーマに、イラスト・漫画・グッズ・ボードゲームなどを制作しています。",https://gamemarket.jp/booth/game/6025,ok,2
1100,monacolors,日曜 - G006,一般日曜,https://gamemarket.jp/booth/6359,6359,ok,"イラストレーター小里の案件相談窓口、オリジナルイラスト頒布・展示ブースになります
・アートワーク制作やデザインのご依頼、ご相談
・オリジナルキャラクターのグッズ頒布
・スケッチブックのイラスト制作 などを予定しています",https://gamemarket.jp/booth/game/6359,ok,0
1101,TOM Design,日曜 - G007,一般日曜,https://gamemarket.jp/booth/7049,7049,ok,,https://gamemarket.jp/booth/game/7049,ok,0
1102,TUKAPON,日曜 - H072,一般日曜,https://gamemarket.jp/booth/1219,1219,ok,"2014秋のゲームマーケットからゲーム制作をしています。
シンプルなルールで20～30分程度で遊べるゲームを中心にミニマムでハイクオリティなゲームを目指しています。
2014秋 「サリバン」
2015秋 「捕込」
2016春 「High!High?High!!」
2016春 「Glasgow」
2017春 「CAPTURING CAGE」
2017春 「ボブジテン」
2017秋 「ボブジテンその２」
2017秋 「わたしのボブジテン」
2018大阪「ボブジテンきっず」
2018春 「ボブジテンその３」
2018春 「あいわな -TRAP OF LOVE-」",https://gamemarket.jp/booth/game/1219,ok,13
1103,ブッコ,日曜 - H073,一般日曜,https://gamemarket.jp/booth/1526,1526,ok,"広島でボードゲーム制作をしているブッコと申します。
2014年からゲームマーケットに発表の場を移し、新たな挑戦をスタートさせました。
今やボードゲーム制作者は山ほどいて、素晴らしいゲームもわんさか現れています。
ルールのバランスも整っていて、コンポーネントも美しい作品は今や同人作品でも珍しくない時代となりました。
そのような状況ではあたりまえなゲームを制作したところでまず勝てないと思うので、場外戦に引きずり込む様な『何をするか分からない』作品を作っていきたいと思っています。
変わったゲームがお好きな方はちょっとお立ち寄りくださると嬉しいです！",https://gamemarket.jp/booth/game/1526,ok,7
1104,ヌケガケ企画,日曜 - H074,一般日曜,https://gamemarket.jp/booth/6941,6941,ok,"ヌケガケ企画は、短時間で濃い駆け引きを楽しめるゲームを目指して制作しています。
新出展作品は、宮廷薬師たちの心理戦カードゲーム『薬儀』です。
2〜4人｜5〜10分｜ブラフ×セットコレクション",https://gamemarket.jp/booth/game/6941,ok,1
1105,ショウ(Sho),日曜 - H075,一般日曜,https://gamemarket.jp/booth/5155,5155,ok,"「ほっとひと息。楽しいひと時」をテーマに、気楽に楽しい時間が過ごせるゲームを目指して作っています！
【今まで作った作品】
2024春『サンセットペンギン』
2024夏『フォルティッシモかるた』（Engames様より販売）
2024秋『達筆すぎて分かりません！』
2025春『さくらだんご』『ミッションボウリング』
2025秋『ハコベルバルーン』『ジャンケンスゴロク』『アニマルショット』
2026春『おどってそうな楽』『カラビナー』『筆跡鑑定士』
2026秋『サンセットペンギン第2版』『サンセットペンギンダイス』『チーカマディ！』『アニマルメモリー』『Cat and CUCUMBER!!』(あそびば様より販売）
一部の作品はboothにて通販もしております♪
https://penguin99.booth.pm/",https://gamemarket.jp/booth/game/5155,ok,14
1106,おっさん水産,日曜 - H076,一般日曜,https://gamemarket.jp/booth/2082,2082,ok,ボードゲーム専門の卸売業者です。,https://gamemarket.jp/booth/game/2082,ok,29
1107,6×6マス研究所,日曜 - H077,一般日曜,https://gamemarket.jp/booth/6942,6942,ok,2人対戦の6×6マスボードゲーム3種、それぞれ１つずつの試遊スペース,https://gamemarket.jp/booth/game/6942,ok,0
1108,パニーニゲームズ,日曜 - H078,一般日曜,https://gamemarket.jp/booth/6196,6196,ok,子どもと大人が一緒に楽しめるゲームを制作しています。,https://gamemarket.jp/booth/game/6196,ok,4
1109,SHM,日曜 - H079,一般日曜,https://gamemarket.jp/booth/6943,6943,ok,"浜松を拠点として活動している、ボードゲームサークル「SHM」ニャ！
制作ゲームの詳細や、ゲムマ2026秋の取置き予約はここ（https://qr.quel.jp/om/a9wvk4）からアクセスにゃ！
by サイフミャイ（SHM公式マスコット）",https://gamemarket.jp/booth/game/6943,ok,1
1110,WHIMORE,日曜 - H080,一般日曜,https://gamemarket.jp/booth/6237,6237,ok,"新作【マウマウ】出展します！
都道府県名の漢字を、なぜか強引に英語化。
山はマウンテン、口はマウス、栃は・・・？
並べて叫べば、即・必殺技発動。
語感と発想力で勝負する、新感覚ワードバトル。
全国の直訳愛好家が待ち望んだ、
カオスなパーティゲーム、ここに爆誕！",https://gamemarket.jp/booth/game/6237,ok,1
1111,秘密結社isenn,日曜 - H081,一般日曜,https://gamemarket.jp/booth/6944,6944,ok,"秘密結社isennです！
振って、聞いて、見破る！１対多の音感推理ボードゲーム💎『ほしふる町とひみつの小ばこ』を販売します！
あなたは宝石と石ころの音正しく聞き分けられますか・・・？
ゲーム紹介動画をX（旧Twitter）で公開中！
＝＝＝＝＝＝＝＝＝＝＝＝＝＝＝＝＝＝
タイトル：『ほしふる町とひみつの小ばこ』
人数：2-5人
対象年齢：8歳～
プレー時間：20分-
＝＝＝＝＝＝＝＝＝＝＝＝＝＝＝＝＝＝",https://gamemarket.jp/booth/game/6944,ok,1
1112,幻想卓上界,日曜 - H082,一般日曜,https://gamemarket.jp/booth/1295,1295,ok,"お手軽テーブルゲームの幻想卓上界です。
ワンコイン（500円）を中心に取りそろえております",https://gamemarket.jp/booth/game/1295,ok,21
1113,DOMICOLLE（どみこれ）,日曜 - H083,一般日曜,https://gamemarket.jp/booth/6945,6945,ok,"飾りたくなる""絵本みたいなボードゲーム"" を作る「DOMICOLLE」 です📖
.
1作目「赤ずきんはあわせたい」を初出品します🐺❤️
.
現在クラファン実施中▼
https://camp-fire.jp/projects/973172/view
.
イベント後、BOOTHにて販売開始▼
https://domingogames.booth.pm/",https://gamemarket.jp/booth/game/6945,ok,0
1114,CampingGames,日曜 - H084,一般日曜,https://gamemarket.jp/booth/5814,5814,ok,"初めましてGampingGamesです。
”キャンプのお供”をテーマに、ご家族やお友達と盛り上がり仲良く楽しめるゲームの製作に取り組んでいます。
現状通販等は行っておらず、一期一会の出会いを大切にイベント参加メインで活動しています。
お見かけした際はお気軽にお声がけください！",https://gamemarket.jp/booth/game/5814,ok,1
1115,あんとん,日曜 - H085,一般日曜,https://gamemarket.jp/booth/6946,6946,ok,,https://gamemarket.jp/booth/game/6946,ok,0
1116,CASるボードゲーム班,日曜 - H086,一般日曜,https://gamemarket.jp/booth/6947,6947,ok,,https://gamemarket.jp/booth/game/6947,ok,0
1117,GCS会制作部,日曜 - H087,一般日曜,https://gamemarket.jp/booth/3359,3359,ok,"ボードゲーム好きが集まり、情熱のままにオリジナル作品を作っちゃいました！
「好き」がカタチになったゲームを、ぜひ手に取って遊んでみてください。",https://gamemarket.jp/booth/game/3359,ok,3
1118,チャイムが鳴ったら。,日曜 - H088,一般日曜,https://gamemarket.jp/booth/6544,6544,ok,"今回がゲームマーケット初出展、そして初作品となります！
私たちは「チャイムが鳴ったら。」という名前で活動している有志チームです。
学校のチャイムが鳴ったあの瞬間、胸がふっと軽くなるような高揚感。放課後に流れる自由で少し特別な時間。
そんな私たちは“遊びが始まる瞬間”の純粋なときめきを大切にしたくて、この活動をスタートしました。
それぞれ異なる経験や感性を持つメンバーがひとつのテーブルに集まり、まだ誰も出会ったことのない面白さを探し続けています。
今回は、少しでも多くの方に手に取っていただきたく、会場限定のゲームマーケット特別価格でご用意しております。
当日は試遊スペースもございますので、気になった方はぜひお気軽にお立ち寄りください。
ルール説明やゲームの詳細については、サンタの衣装を着たスタッフまでお声がけいただければご案内いたします！
皆さまに楽しんでいただけるよう準備しておりますので、ぜひ遊びに来てください！",https://gamemarket.jp/booth/game/6544,ok,2
1119,元素であそぼ くらげラボ,日曜 - H089,一般日曜,https://gamemarket.jp/booth/4134,4134,ok,"ブース名【元素であそぼ くらげラボ】
もちもの【元素かるた THE ELEMENTS】
+グッズ（予定）
ゲーム概要
・元素を題材にしたかるたです
・取札は元素記号メイン
・118(+2)の元素和歌
・論文風説明書付き",https://gamemarket.jp/booth/game/4134,ok,0
1120,Regalez,日曜 - H090,一般日曜,https://gamemarket.jp/booth/1117,1117,ok,"いろんなジャンルのゲームを作成しています。
重ゲー好きには最適なゲームもあります。
全て手作りのゲームです。",https://gamemarket.jp/booth/game/1117,ok,17
1121,ゲームの殿堂,日曜 - H091,一般日曜,https://gamemarket.jp/booth/2797,2797,ok,オールジャンルの手作りボードゲームの販売,https://gamemarket.jp/booth/game/2797,ok,0
1122,休日の秘密基地,日曜 - H092,一般日曜,https://gamemarket.jp/booth/6948,6948,ok,"「
休日にみんなで集まって本気で遊ぼう！
」
休日の秘密基地は、友達と集まってボードゲームを制作したり遊んだりしてるサークルです。
AIを使って製作したイラストのカードを軸にボードゲームを製作しています！
かわいい女の子やかっこいいエフェクトなどをご覧ください！！",https://gamemarket.jp/booth/game/6948,ok,1
1123,さいたまオフライン,日曜 - H093,一般日曜,https://gamemarket.jp/booth/1177,1177,ok,,https://gamemarket.jp/booth/game/1177,ok,0
1124,Re-one,日曜 - H094,一般日曜,https://gamemarket.jp/booth/5850,5850,ok,"何度でも楽しめる唯一無二のゲームを。ボードゲームサークルRe-one（リオン）です！
【作品】
・『キミチカ～キミの近くに座りたい。～』：ゲムマ春新作！
・『どのハコにいれたっけ？』：アクションスピードバトル
・『明日、休みだったらいいのに』：ずる休み×チキンレース
・『ビストロ・ヴァンパイア』：料理×人狼
【X】
ゲームデザイナー：春日利津（@kasuga_ritsu）、なごる、きのぴー、soraKING
グラフィックデザイン：ゆに（@ unitary__）",https://gamemarket.jp/booth/game/5850,ok,4
1125,レーザー隊,日曜 - H095,一般日曜,https://gamemarket.jp/booth/2432,2432,ok,初参加です。よろしくお願い致します。,https://gamemarket.jp/booth/game/2432,ok,1
1126,Dot.,日曜 - H096,一般日曜,https://gamemarket.jp/booth/6949,6949,ok,"ゲームマーケット2026秋初出展！
東京科学大生のすずき（X: @dynamicszk）が制作した、2～4人用の決闘型心理戦カードゲーム『Dot.』を販売します。
昼は道具を使いながら情報を集め、手札を最後の1枚まで減らします。使ったカードはすべて公開情報になるため、「何を使い、何を残すか」が重要です。
夜は残した1枚で決闘。戦力で正面から戦う「対抗」か、相手の道具を見抜く「奇襲」かを選びます。どれだけ強いカードを残しても、相手に読まれれば負けることがあります。
切ったカードが情報になり、残したカードが勝負札になる。論理とブラフが交差する心理戦を、ぜひお楽しみください！
ご予約はこちらのフォームから！
https://docs.google.com/forms/d/1rH9PnsOMdvZiLIcANZjVg8qoCtwzmK8otmLUdRtkVhQ",https://gamemarket.jp/booth/game/6949,ok,1
1127,stJOINTJOINT,日曜 - H097,一般日曜,https://gamemarket.jp/booth/6674,6674,ok,"ゲームマーケット2026春初出展
「人と楽しくつながれるゲームを」をモットーに軽音好きが集まったボードゲーム制作サークルです。
【作品一覧】
▸『ジャン・ケン・ヨン！ - Rock, Paper, Four! -』",https://gamemarket.jp/booth/game/6674,ok,1
1128,朋優学院ボードゲーム部,日曜 - H098,一般日曜,https://gamemarket.jp/booth/4527,4527,ok,"朋優学院高等学校ボードゲーム部です！
高校の部活動としてボドゲを制作しゲムマに出品したり、部員でボドゲを楽しんだりしています。
これまでにゲムマ2022秋、2023春、2023秋、2024春、2024秋に出展してきました！",https://gamemarket.jp/booth/game/4527,ok,11
1129,学習ゲーム・インダストリーズ,日曜 - H099,一般日曜,https://gamemarket.jp/booth/5556,5556,ok,"学習ゲーム・インダストリーズは、
子どもから大人まで楽しく学べる知育カードゲームを
企画・開発・販売しているブランドです。
英語のルールや語彙を、
遊びの中で自然に身につけられるゲームを制作しています。
ゲームマーケットは今回で5回目の出展！
これまで毎回、新作を発表してきました。
当日は試遊もできます。
英語が苦手な方でも大歓迎です！
『こづかい万歳』で「ボードゲーム超人」として紹介された作者が制作しています！
【2026秋】
■ABCトリック
トリックテイキングを楽しみながら、英単語の組み合わせを学べるカードゲーム。
カードの組み合わせを考えながらプレイすることで、
遊びの中で自然と英語に触れられます。
【2026春】
■VerbMon（バブモン）形容詞編
形容詞の「原級・比較級・最上級」を、遊びながら学べるカードゲーム。
【2025秋】
■AiM TWO（えいむ・とぅー）
2枚のカードに共通する英単語を誰よりも早く見つけるゲーム。
現在3種類を展開しています。
・Vol.1 名詞（単数・複数）編
・Vol.2 月・曜日編
・Vol.3 不規則動詞編
【2025春】
■VerbMon（バブモン）
動詞の「原形・過去形・過去分詞」を3枚セットでそろえる、麻雀のようなカードゲーム。
【2024秋】
■ABCアッセンブル
文法・品詞・修飾を、UNOのようなルールで遊びながら学べるカードゲームです。",https://gamemarket.jp/booth/game/5556,ok,3
1130,あひる研究所,日曜 - H100,一般日曜,https://gamemarket.jp/booth/6950,6950,ok,,https://gamemarket.jp/booth/game/6950,ok,0
1131,絶滅動物研究部,日曜 - H101,一般日曜,https://gamemarket.jp/booth/6951,6951,ok,,https://gamemarket.jp/booth/game/6951,ok,0
1132,math channel,日曜 - H102,一般日曜,https://gamemarket.jp/booth/4554,4554,ok,子どもから大人まで楽しめる算数・数学ゲームを制作しています。九九のカードゲーム「kukupon!」や立体図形のゲーム「立体ショウタイム」をはじめ、中高の数学の先生が制作した数学ゲーム（平方根のゲーム、対数のゲームほか）も販売致します！,https://gamemarket.jp/booth/game/4554,ok,3
1133,第二遊戯,日曜 - H103,一般日曜,https://gamemarket.jp/booth/6952,6952,ok,,https://gamemarket.jp/booth/game/6952,ok,0
1134,KEY商会,日曜 - H104,一般日曜,https://gamemarket.jp/booth/1176,1176,ok,"戦闘級シミュレーション(風)ゲーム「ガンヘッドvsエアロボット」「BLUE KNIGHT」「BATTLING」＋２人用非対称対戦カードゲーム「ガチ鬼」を製作＆頒布。
現在はボトムズタクティクス拡張データカードセットを展開中",https://gamemarket.jp/booth/game/1176,ok,4
1135,ノエルのアトリエ,日曜 - H105,一般日曜,https://gamemarket.jp/booth/4763,4763,ok,"ノエルのアトリエは2022年秋に結成された、ボードゲーム制作サークルです。
ゲームマーケット2023春に初出展しました！",https://gamemarket.jp/booth/game/4763,ok,1
1136,未踏デザインゲーム研究室,日曜 - H106,一般日曜,https://gamemarket.jp/booth/5698,5698,ok,"まだ見ぬカードゲームのその先へ…… カードゲームの枠を超えデザインの新境地を目指す、未踏領域のゲーム開発研究室！
未踏デザインゲーム研究室は、東京都立大学大学院インダストリアルアート学域の学生チームが開発したオリジナルのカードゲームを出展します。
私たちの研究のテーマは、カードゲームにあるはずの「未だだれも踏みいれていない領域」の探査。
透明のカードを重ねていけばカードゲームは三次元空間に拡張される？ 無意味な言葉の連鎖をデザインするゲーム？ 昔遊んだ着せ替え遊びをリデザインしてコーディネート勝負？
私たちは今までにない新しいゲームのデザイン領域を「未踏デザインゲーム」と定義し、その開発と制作に取り組んでいます
ゲムマ2026春では、昨年度から開発を重ねてきた3種のオリジナルゲームとジャンボ大将棋駒を出展します！！
SNS
Instagram: @mitoudesignkaruta
X: @mitou_karuta",https://gamemarket.jp/booth/game/5698,ok,3
1137,カツオゲームズ,日曜 - H107,一般日曜,https://gamemarket.jp/booth/4487,4487,ok,"自由すぎるゲーム会「回遊魚の会」です。
2024春の新作は「KATSUO GAMES」と「ジンニキ」が出品します。",https://gamemarket.jp/booth/game/4487,ok,12
1138,演劇×ゲーム ねりあめ企画,日曜 - H108,一般日曜,https://gamemarket.jp/booth/6953,6953,ok,,https://gamemarket.jp/booth/game/6953,ok,0
1139,ハラハラハラスメント,日曜 - H109,一般日曜,https://gamemarket.jp/booth/6954,6954,ok,,https://gamemarket.jp/booth/game/6954,ok,0
1140,Project:LEMO,日曜 - H110,一般日曜,https://gamemarket.jp/booth/6233,6233,ok,Project:LEMOは、世界中ののさまざまなボードゲームを「レモ」を通して、すぐにみんなと遊べるデジタルプラットフォームです。ゲームマーケット初日からこの企画開発のためのクラウドファンディングを開始します。ご支援どうかよろしくお願いいたします！,https://gamemarket.jp/booth/game/6233,ok,1
1141,パンパス,日曜 - H111,一般日曜,https://gamemarket.jp/booth/3659,3659,ok,普段はオインクゲームズというゲーム開発チームでゲームデザイナー兼グラフィックデザイナーをしている佐々木（代表作は「海底探険」ほか）と、その家族でつくったサークルです。2023年秋から出展をはじめました。あまり大量に刷らない１回限りの作品が多いです。,https://gamemarket.jp/booth/game/3659,ok,10
1142,ゆうひ,日曜 - J001,一般日曜,https://gamemarket.jp/booth/6955,6955,ok,,https://gamemarket.jp/booth/game/6955,ok,0
1143,触覚かるたととり助,日曜 - J002,一般日曜,https://gamemarket.jp/booth/2544,2544,ok,"触覚かるたと、とり助の2サークルで共同出展しています。
ルールが簡単で短時間でできるものを中心に作っています。",https://gamemarket.jp/booth/game/2544,ok,11
1144,P.C.I.P,日曜 - J003,一般日曜,https://gamemarket.jp/booth/6921,6921,ok,,https://gamemarket.jp/booth/game/6921,ok,0
1145,ペンギンのカードゲーム屋さん,日曜 - J004,一般日曜,https://gamemarket.jp/booth/6428,6428,ok,"普段は絵本作家！今日は特別にカードゲーム屋さんになります⭐︎
2歳からはじめるカードゲームを作っています＾＾
（１）おべんとうのえあわせカード／2歳〜／1,000円(税込)
（２）おばけのスリーヒントカード／3歳〜／1,500円(税込)
（３）ペンギンかるた／4歳〜／1,500円(税込)
（４）クッキー缶メモリーカード／2歳〜／1,500円(税込)
もちろん大人も楽しめます！
アナログ絵の温かみのあるイラストを是非楽しんでもらえたら嬉しいです。",https://gamemarket.jp/booth/game/6428,ok,4
1146,ケンチャンヌ,日曜 - J005,一般日曜,https://gamemarket.jp/booth/2721,2721,ok,"「身近な人との絆を密にする」ことが活動理念。
ゲームマーケットでは『ボードゲームを普段やらない人が驚くほど面白いと感じる』ことを軸にテストプレイにこだわってボードゲームを製作しております!
まだまだ勉強中の身ですがお手柔らかによろしくお願いいたします！ Byケンチャンヌ",https://gamemarket.jp/booth/game/2721,ok,14
1147,切札ゲームズ,日曜 - J006,一般日曜,https://gamemarket.jp/booth/6922,6922,ok,,https://gamemarket.jp/booth/game/6922,ok,0
1148,AiPlanDo_珈琲よいち,日曜 - J007,一般日曜,https://gamemarket.jp/booth/6426,6426,ok,,https://gamemarket.jp/booth/game/6426,ok,0
1149,無いゲー制作所,日曜 - J008,一般日曜,https://gamemarket.jp/booth/4631,4631,ok,"ドット絵を使って古典的なゲームを好きに解釈して販売します。
ニッチ向けなので少数部数しかできずちょっとお高めなのがキズ。",https://gamemarket.jp/booth/game/4631,ok,4
1150,FROX games,日曜 - J009,一般日曜,https://gamemarket.jp/booth/6034,6034,ok,"【オールスターじゃんけん】
個性的なキャラを全面的に押し出した、運と戦略入り乱れるじゃんけん型カードゲーム。
【あたらしい手裏剣術1】
投げるカードゲーム。カードごとに指定された持ち方で、箱裏を立てて的にして当てる。設定とこだわりが濃すぎる。
https://gamemarket.jp/game/188922
【えっとね】2〜6人用軽量級デッキ構築系ゲーム。簡単なのに奥深い。干支のレースにヒトを含めた新動物6種が乱入。逆転劇に思わず爆笑必至。
https://gamemarket.jp/game/186892
【ホネヅクリ】2人用カードコレクションゲーム。かわいい食べ物を買って食べてホネを作る。おもしろ豆知識付き。他では味わえない、ゆるい世界観。
https://gamemarket.jp/game/186891",https://gamemarket.jp/booth/game/6034,ok,3
1151,choco_hack,日曜 - J010,一般日曜,https://gamemarket.jp/booth/6923,6923,ok,,https://gamemarket.jp/booth/game/6923,ok,0
1152,図書館とゲーム部,日曜 - J011,一般日曜,https://gamemarket.jp/booth/6924,6924,ok,"こんにちは！ 図書館とゲーム部です。
わたしたちは図書館サービスにおけるゲームの取り入れ方を探求し、提案していくことをねらいとした、実践家や研究者のネットワークです。
今回の出展では新作ゲーム『ゲシュタルト』と、書籍『図書館にゲームを！』を販売します。
試遊、立ち読みもOK！
ぜひ遊びにきてください🎲",https://gamemarket.jp/booth/game/6924,ok,1
1153,安心安全AAA,日曜 - J012,一般日曜,https://gamemarket.jp/booth/6925,6925,ok,,https://gamemarket.jp/booth/game/6925,ok,0
1154,按理具庵,日曜 - J013,一般日曜,https://gamemarket.jp/booth/2396,2396,ok,"「あんりぐあん」 と読みます。駆け出しの発明家が勢いで一人起業してしまった会社です。
陰陽五行プレイングカードFESCA(フェスカ)をトランプの再発明として創作しました。
しなり折りカード立てが第一発明品で、これを応用した紙製ミープルやチェス・将棋駒に展開中です。",https://gamemarket.jp/booth/game/2396,ok,30
1155,STUDIOFUNNNY,日曜 - J014,一般日曜,https://gamemarket.jp/booth/6926,6926,ok,,https://gamemarket.jp/booth/game/6926,ok,0
1156,あらたま農園企画開発部,日曜 - J015,一般日曜,https://gamemarket.jp/booth/6927,6927,ok,"おいしいぶどうと楽しいゲームを作る会社です。
本業はぶどう農家ですが、代表社員二人でアナログゲームを制作しています。",https://gamemarket.jp/booth/game/6927,ok,3
1157,星ノ子ゲームズ,日曜 - J016,一般日曜,https://gamemarket.jp/booth/6928,6928,ok,,https://gamemarket.jp/booth/game/6928,ok,0
1158,れんげちゃんの創作工房,日曜 - J017,一般日曜,https://gamemarket.jp/booth/6337,6337,ok,,https://gamemarket.jp/booth/game/6337,ok,0
1159,kartoludo,日曜 - J018,一般日曜,https://gamemarket.jp/booth/6662,6662,ok,,https://gamemarket.jp/booth/game/6662,ok,1
1160,中学生がゲーム作りました,日曜 - J019,一般日曜,https://gamemarket.jp/booth/6628,6628,ok,獣人人狼というゲームを販売します,https://gamemarket.jp/booth/game/6628,ok,0
1161,ニンマチプロジェクト,日曜 - J020,一般日曜,https://gamemarket.jp/booth/6929,6929,ok,,https://gamemarket.jp/booth/game/6929,ok,1
1162,棗堂,日曜 - J021,一般日曜,https://gamemarket.jp/booth/6930,6930,ok,,https://gamemarket.jp/booth/game/6930,ok,0
1163,からすとうなぎ,日曜 - J022,一般日曜,https://gamemarket.jp/booth/4478,4478,ok,"アナログゲーム制作サークル「からすとうなぎ」です。
基本的に全部1人でやってます。
主に魚のカードゲームを作ってますが、他のジャンルも作ったりします。",https://gamemarket.jp/booth/game/4478,ok,11
1164,ハムさんの本棚,日曜 - J023,一般日曜,https://gamemarket.jp/booth/3224,3224,ok,"「ボドゲシーン年表メーカー」を中心に、ボードゲームの歴史や文化を楽しめる作品を展示・販売する「ハムさんの本棚」。
ゲームそのものだけでなく、イベントや作品、人々の交流から生まれるボードゲームシーンに注目し、「集めて、並べて、語る」楽しさを提案します。",https://gamemarket.jp/booth/game/3224,ok,2
1165,三ツ星まかろん,日曜 - J024,一般日曜,https://gamemarket.jp/booth/3564,3564,ok,"➤新作
「リプライヌ」
パワーワードを組み合わせてバズるツイートをつくったり、鋭い神リプを送り合うワード＆推理ゲーム
・160個のパワーワードをパズルのように組み合わせて、バズるツイートを生み出すゲーム・・・だけではない！！
・親プレイヤーは手札のリプライカードにあわせてツイートを作成。子プレイヤーはディクシットのようにもっとドンピシャなリプライを飛ばして妨害をせよ！
・「パズルのようにツイートを作り出す面白さ」と「自作自演リプを暴く推理力」の2つが味わえます。
頒布価格：3,000円
プレイ人数：3～4人 ￤ プレイ時間：20分 ￤ プレイ対象年齢12歳～
➤再販
「ドミドミバーガー」
《アークライトゲーム賞‘26 最優秀賞》
デッキ構築×バックパックパズル
・3枚の食材カードを「重ねて、回して、並べる」だけのシンプルなルール。
・限られた調理スペース内に具材をパズルのように組み合わせて、売上ナンバーワンをめざしましょう。
・わずか5ラウンドの濃密な店舗経営。山積みのタスクをこなしながら、店舗とデッキを賢く構築することが勝利の鍵です。
頒布価格：2,000円
プレイ人数：2～4人 ￤ プレイ時間：20分 ￤ プレイ対象年齢：6歳～",https://gamemarket.jp/booth/game/3564,ok,11
1166,FUJIMOSCALE,日曜 - J025,一般日曜,https://gamemarket.jp/booth/2693,2693,ok,簡単ルールのカードゲーム制作を中心に活動をかんがえております、,https://gamemarket.jp/booth/game/2693,ok,4
1167,TANAX GAMES,日曜 - J026,一般日曜,https://gamemarket.jp/booth/3176,3176,ok,アナログゲームの制作・販売をしてます。みんなが幸せな時間を過ごせるようなゲームづくりを目指してます。,https://gamemarket.jp/booth/game/3176,ok,4
1168,REAL12E soft.,日曜 - J027,一般日曜,https://gamemarket.jp/booth/6931,6931,ok,,https://gamemarket.jp/booth/game/6931,ok,0
1169,ぽぽた堂,日曜 - J028,一般日曜,https://gamemarket.jp/booth/6940,6940,ok,,https://gamemarket.jp/booth/game/6940,ok,0
1170,竜刃ゲームズ,日曜 - J029,一般日曜,https://gamemarket.jp/booth/2178,2178,ok,"竜刃です。
何度でも遊べる楽しいゲームを作っています。
よろしくお願いします",https://gamemarket.jp/booth/game/2178,ok,11
1171,やきぶぎょう！,日曜 - J030,一般日曜,https://gamemarket.jp/booth/6932,6932,ok,,https://gamemarket.jp/booth/game/6932,ok,0
1172,フジハムレット,日曜 - J031,一般日曜,https://gamemarket.jp/booth/6933,6933,ok,"フジハムレットは、個人でアナログゲームを制作しているサークルです。
今回は、陰陽師たちが式神を伏せて鬼に挑む、チキンレース型和風カードゲーム『
十三鬼狩
』を初頒布予定です。
桐箱入りの小さな和風カードゲームとして制作しました。",https://gamemarket.jp/booth/game/6933,ok,1
1173,３６ＬＥＭＯＮＡＤＥ,日曜 - J032,一般日曜,https://gamemarket.jp/booth/6934,6934,ok,,https://gamemarket.jp/booth/game/6934,ok,0
1174,企鵝舍（ペンギン舎）,日曜 - J033,一般日曜,https://gamemarket.jp/booth/6935,6935,ok,"ゲームマーケット2026秋に初出展する企鵝舍（ペンギン舎）です。
普段、Zine・漫画・ミニチュアなどの制作から、Tシャツの印刷まで気ままに活動しています。
今回は初めてのボードゲーム制作に挑戦。ペンギン愛溢れる『ペンギンウェイ』をぜひ遊んでみてください。",https://gamemarket.jp/booth/game/6935,ok,1
1175,遊戯工房,日曜 - J034,一般日曜,https://gamemarket.jp/booth/5810,5810,ok,"行軍将棋は日本初の海外に影響を及ぼしたゲームです。
その行軍将棋がこのままでは、埋没してしまうのではと懸念しています。
以前の様に広く遊んでいただけるゲームにする事を目標にしています。",https://gamemarket.jp/booth/game/5810,ok,0
1176,トコトコガメガメズ,日曜 - J035,一般日曜,https://gamemarket.jp/booth/6936,6936,ok,,https://gamemarket.jp/booth/game/6936,ok,0
1177,ケレンミ書房,日曜 - J036,一般日曜,https://gamemarket.jp/booth/5815,5815,ok,"2025春初出展、2026春は3回目の出展になります。
転売ヤーになって悪事を働く「いやはや！転売ヤーでありません！」というカードゲームを作りました。
なかなか頭を使って悩む内容にしています。考える系のカードゲームが気になる方はぜひ！
あと、転売ヤーになってあくどいことをしたい方もどうぞ！",https://gamemarket.jp/booth/game/5815,ok,3
1178,tanh-タンエイチ-,日曜 - J037,一般日曜,https://gamemarket.jp/booth/6937,6937,ok,,https://gamemarket.jp/booth/game/6937,ok,0
1179,Again&Again,日曜 - J038,一般日曜,https://gamemarket.jp/booth/5199,5199,ok,,https://gamemarket.jp/booth/game/5199,ok,1
1180,鍵,日曜 - J039,一般日曜,https://gamemarket.jp/booth/6938,6938,ok,,https://gamemarket.jp/booth/game/6938,ok,0
1181,J.C.クリエイツ,日曜 - J040,一般日曜,https://gamemarket.jp/booth/1173,1173,ok,テーマはアレなのに中身はちゃんとゲームしてると一部で評判のゲーム制作サークルです。,https://gamemarket.jp/booth/game/1173,ok,19
1182,超変身仮面アキバ,日曜 - J041,一般日曜,https://gamemarket.jp/booth/6518,6518,ok,,https://gamemarket.jp/booth/game/6518,ok,0
1183,NUTz Games,日曜 - J042,一般日曜,https://gamemarket.jp/booth/6939,6939,ok,,https://gamemarket.jp/booth/game/6939,ok,0
1184,もんじろう,日曜 - J043,一般日曜,https://gamemarket.jp/booth/1244,1244,ok,1992年ごろから個人的にアナログゲームを作っています。,https://gamemarket.jp/booth/game/1244,ok,5
1185,私掠船,日曜 - J044,一般日曜,https://gamemarket.jp/booth/1189,1189,ok,,https://gamemarket.jp/booth/game/1189,ok,0
1186,Street.Master.Dragon.,日曜 - N014,一般日曜,https://gamemarket.jp/booth/5777,5777,ok,"ワンコインゲーム多数あり。
１人用ゲームから5人用ゲームまで、思考型からパズル系、
タクティクスゲームから知識系ゲームまで色々とご用意しております。
他、魔女術や魔道書翻訳、中世ヨーロッパの剣術・棒術、錬金術など
史実を元にしたゲームに役立つ（？）資料本も多数持ち込み予定。",https://gamemarket.jp/booth/game/5777,ok,0
1187,水彩画トレーディングカードゲーム,日曜 - N015,一般日曜,https://gamemarket.jp/booth/4716,4716,ok,"自分で描いた水彩画で作成した対戦型トレーディングカードゲームです。
５つの色を組み合わせながら対戦します。
初めての方にも丁寧にお伝えしますので、お気軽にお立ち寄りください。",https://gamemarket.jp/booth/game/4716,ok,1
1188,Roko Nabebuta,日曜 - N016,一般日曜,https://gamemarket.jp/booth/6220,6220,ok,"Roko Nabebuta
は、キャラクターデザイン、グラフィックデザイン、イラストレーションを中心に活動している個人です。
ゲームマーケット2025秋に初めて出展させていただき、11/22・23の両日参加いたします。
必殺技を叫ぶ爽快なカードバトルが楽しめる、2人対戦用TCG
『カードコマンド』
を販売します！
試遊もありますので、お気軽に
E40
へお立ち寄りくださいませ〜",https://gamemarket.jp/booth/game/6220,ok,1
1189,おスンの遊び場,日曜 - N037,一般日曜,https://gamemarket.jp/booth/6489,6489,ok,,https://gamemarket.jp/booth/game/6489,ok,0
1190,海の仲間たち,日曜 - N038,一般日曜,https://gamemarket.jp/booth/5310,5310,ok,昨年、自治体様とコラボ。今年はなんと日本有数の温泉旅館の全室に!? 遊びを通して、海の生き物に興味を持ち、好きになるきっかけをつくりたい！そんな思いで企画したトレーディングカードゲーム海の仲間たち、通称ウミカの拡張弾と、新カードを今回のイベントで初お披露目予定！さらなる展開でウミカワールドを広げます。みなさま是非ブースにお立ち寄りください！前回拡張パックは売り切れてしまいました。新たな海の仲間たちとのゲームをお楽しみください！お待ちしています！！,https://gamemarket.jp/booth/game/5310,ok,0
1191,VISIXカードゲーム,日曜 - N039,一般日曜,https://gamemarket.jp/booth/6976,6976,ok,エネルギーを好きなだけチャージしてユニットを登場！2人対戦型高速カードバトル！,https://gamemarket.jp/booth/game/6976,ok,1
1192,古とのは,日曜 - N040,一般日曜,https://gamemarket.jp/booth/6682,6682,ok,古文の助動詞の活用を楽しく覚えるためのカードゲームを50セット限定で販売いたします。,https://gamemarket.jp/booth/game/6682,ok,0
1193,コロカン屋,日曜 - P013,一般日曜,https://gamemarket.jp/booth/6124,6124,ok,"TCGやボードゲームに使えるカウンターを作りました！
マジックザギャザリングなら ＋１／＋１カウンターとか、
ポケモンならダメカンとか。
アニマルカードゲームなら、ー１／ー１、妖狐、補修・・・と
カードには色々カウンターが乗りますよね。
で、数値を上げたり下げたりするわけです。
この上げ下げが指一本で簡単にできて、
数値も０〜３０（１０刻みなら０〜３００）まで対応できる。
そんなカウンターを考えてみました。
仕組みとしては、
六角柱が２つセットで、
１つが（０〜５）を表して、
もう１つが（０，５，１０，１５，２０，２５）を表すと。
この組み合わせで０〜３０を示します。
もちろん、TCGだけじゃなく、色々なボードゲームに使えます。
ドミニオンのアクション数を管理したり、
ブレイドロンドに使ってみたり。
バックギャモンのダブリングにも。
シンプルですが、便利です。
特許も出願しました！
ゲムマ2025秋、日曜Q28にブースを出しますので、
ぜひ、実物をコロコロしてみてください！",https://gamemarket.jp/booth/game/6124,ok,0
1194,ミニチュアゲームパブリッシング,日曜 - P014,一般日曜,https://gamemarket.jp/booth/5054,5054,ok,普段はメタルミニチュアと3Dプリントミニチュアの通販サイト「N.S.miniatures」がイベント出店時に他のインディミニチュアゲーム発行人とチームで出店しております。,https://gamemarket.jp/booth/game/5054,ok,0
1195,番次郎書店,日曜 - P032,一般日曜,https://gamemarket.jp/booth/2316,2316,ok,ボードゲームとクイズで生きている人。たまに現れて騒いで去っていく。コーヒーと本が好き。目下の悩みは、クイズの本を作ったはいいけれど、テストプレイを行う友人も場所もいないこと。,https://gamemarket.jp/booth/game/2316,ok,30
1196,常世の渦川敷,日曜 - P033,一般日曜,https://gamemarket.jp/booth/5486,5486,ok,,https://gamemarket.jp/booth/game/5486,ok,0
1197,技師屋の工房 - SIDE: TRPG,日曜 - P034,一般日曜,https://gamemarket.jp/booth/7058,7058,ok,,https://gamemarket.jp/booth/game/7058,ok,0
1198,ファンブルペンギンズ,日曜 - Q001,一般日曜,https://gamemarket.jp/booth/6498,6498,ok,,https://gamemarket.jp/booth/game/6498,ok,0
1199,いざにむ,日曜 - Q002,一般日曜,https://gamemarket.jp/booth/5804,5804,ok,,https://gamemarket.jp/booth/game/5804,ok,0
1200,江五心,日曜 - Q003,一般日曜,https://gamemarket.jp/booth/4635,4635,ok,(株)冒険企画局様の著作物「忍術バトルRPGシノビガミ」の非公式シナリオ集と自作マーダーミステリーを販売しています。,https://gamemarket.jp/booth/game/4635,ok,4
1201,開拓工房,日曜 - Q004,一般日曜,https://gamemarket.jp/booth/3262,3262,ok,"のんびりマイペースに創作しているチームです。
CoCやシノビガミ、ネクロニカなどのTRPGの二次創作シナリオを主に作っています！
2025年春ゲムマに出展予定！",https://gamemarket.jp/booth/game/3262,ok,3
1202,ワラビーのおにく,日曜 - Q005,一般日曜,https://gamemarket.jp/booth/5784,5784,ok,,https://gamemarket.jp/booth/game/5784,ok,0
1203,とらいあんぐる.sys,日曜 - Q007,一般日曜,https://gamemarket.jp/booth/4028,4028,ok,"とらいあんぐる.sys（とらいあんぐるしす）です。
ゲームマーケット2020秋より、他サークルさんに便乗する形で参加していましたが、2022秋より単独参加となりました。
マーダーミステリー、プレイングストーリーを作成しています。
よろしくお願いします。",https://gamemarket.jp/booth/game/4028,ok,4
1204,NAMINNA STUDIO,日曜 - Q008,一般日曜,https://gamemarket.jp/booth/7071,7071,ok,"ミンナで紡ぐ、わたしたちの物語 ― NAMINNA STUDIO
エルフの世界を舞台にした2つのマーダーミステリー
「ようこそ、眠れない森へ」🩷 × 「おいしくなれ、最後の森の晩餐」💚
Game Market 秋 2026 出展決定！",https://gamemarket.jp/booth/game/7071,ok,2
1205,大権現ファンブル,日曜 - Q023,一般日曜,https://gamemarket.jp/booth/7037,7037,ok,"シノビガミ・ダブルクロス・マギカロギアシナリオを主に頒布する合同サークル「大権現ファンブル」です。
26秋は新刊・シノビガミとダブルクロス予定。",https://gamemarket.jp/booth/game/7037,ok,0
1206,タワマンヒグマ部,日曜 - Q024,一般日曜,https://gamemarket.jp/booth/6708,6708,ok,,https://gamemarket.jp/booth/game/6708,ok,0
1207,欲張りオンライン,日曜 - Q025,一般日曜,https://gamemarket.jp/booth/4493,4493,ok,"オリジナルTRPGを中心に頒布活動を行っているTRPGサークルです。
代表作：ポストアポカリプスお買い物サバイバルTRPG『終末買い物戦争』 お料理バトルRPG『ヘイオマチ！』水槽探索TRPG『まりんちゅライフ！』",https://gamemarket.jp/booth/game/4493,ok,2
1208,卓ゲらぼ,日曜 - R001,一般日曜,https://gamemarket.jp/booth/6476,6476,ok,2025年12月に発売した『ジュブナイルRPG ナツゾラ冒険団』のルールブックやグッズを販売いたします。,https://gamemarket.jp/booth/game/6476,ok,0
1209,ぱしゅみな,日曜 - R002,一般日曜,https://gamemarket.jp/booth/6726,6726,ok,,https://gamemarket.jp/booth/game/6726,ok,0
1210,トロマグロ大聖堂,日曜 - R003,一般日曜,https://gamemarket.jp/booth/4473,4473,ok,,https://gamemarket.jp/booth/game/4473,ok,0
1211,ブースターSTAR,日曜 - R004,一般日曜,https://gamemarket.jp/booth/4464,4464,ok,"同人TRPGシステムを作成しております。
サークルコンセプトは
「手軽にキャンペーンシナリオができるTRPG」",https://gamemarket.jp/booth/game/4464,ok,0
1212,チームみるきー☆彡Tune`s,日曜 - R005,一般日曜,https://gamemarket.jp/booth/6086,6086,ok,"DX3rd、シノビガミの同人シナリオを中心に活動する同人サークルです。
チームとありますが、現在個人サークルです。",https://gamemarket.jp/booth/game/6086,ok,0
1213,冬星支部,日曜 - R006,一般日曜,https://gamemarket.jp/booth/6413,6413,ok,ダブルクロスThe3rdEditionのオリジナルシナリオ本を頒布します。,https://gamemarket.jp/booth/game/6413,ok,1
1214,武嵐柔照威治,日曜 - R007,一般日曜,https://gamemarket.jp/booth/6999,6999,ok,,https://gamemarket.jp/booth/game/6999,ok,0
1215,北東のオルク,日曜 - R008,一般日曜,https://gamemarket.jp/booth/4651,4651,ok,TRPG「ダブルクロス The 3rd Edition」のシナリオ集を頒布します。,https://gamemarket.jp/booth/game/4651,ok,7
1216,偵察局改修船,日曜 - S001,一般日曜,https://gamemarket.jp/booth/5414,5414,ok,"オリジナルTRPGや資料集を作成・頒布する「偵察局改修船」のブースです。
今回は新刊はありません。現在制作中の汎用宇宙SF-RPG「SF世界の冒険記」は、次回以降で頒布予定です。最新の頒布物は、ゲームマーケット2026春に出したクトゥルフ神話TRPG（6版）とオリジナルTRPG「現代世界の冒険記」両方で遊べる（データを併記）シナリオを2本収録したシナリオ本です。収録シナリオは、上野を舞台にしたオカルトシナリオ「かわいそうなのはゾウも」と、信州の田舎町で周期的な呪いに巻き込まれる「鬼の哭く里」です。",https://gamemarket.jp/booth/game/5414,ok,5
1217,抹茶の日,日曜 - S002,一般日曜,https://gamemarket.jp/booth/3926,3926,ok,"TRPG制作サークル「抹茶の日」です。
大正浪漫風花札退魔RPG「闇に妖、人に花」、魔法探索RPG「ロスト・メモリア」、見習い悪魔のTRPG「デヴィルズ・アカデミア」、ちいさな夢のRPG「眠りの宇宙と魔法の子」といったオリジナルTRPGルールブック及び、各作品のサプリメント・シナリオ集などを制作しています。",https://gamemarket.jp/booth/game/3926,ok,0
1218,くろろま,日曜 - S018,一般日曜,https://gamemarket.jp/booth/5456,5456,ok,ダブルクロスのシナリオが置いてあります,https://gamemarket.jp/booth/game/5456,ok,0
1219,TRPG GAME KIDS,日曜 - S019,一般日曜,https://gamemarket.jp/booth/5221,5221,ok,"TRPGのリプレイとシナリオをだしています。
主にFEAR社とオリジナルTRPG「ゴリラTRPG」がメイン",https://gamemarket.jp/booth/game/5221,ok,0
1220,竹輪屋本舗.,日曜 - S020,一般日曜,https://gamemarket.jp/booth/3837,3837,ok,"TRPGのシナリオを頒布したりします。
基本的にダブルクロス The 3rd Editionです。",https://gamemarket.jp/booth/game/3837,ok,3
1221,待機TM,日曜 - T008,一般日曜,https://gamemarket.jp/booth/5825,5825,ok,,https://gamemarket.jp/booth/game/5825,ok,0
1222,ころころ庫,日曜 - T009,一般日曜,https://gamemarket.jp/booth/6556,6556,ok,,https://gamemarket.jp/booth/game/6556,ok,0
1223,ろみろみ亭,日曜 - T022,一般日曜,https://gamemarket.jp/booth/4877,4877,ok,クトゥルフ神話TRPG6版二次創作シナリオ中心サークルです。,https://gamemarket.jp/booth/game/4877,ok,0
1224,Arateno,日曜 - T023,一般日曜,https://gamemarket.jp/booth/5437,5437,ok,"主にクトゥルフ神話TRPG（6版）のシナリオ製作を行っています。
シナリオ掲載サイト→
ＢＯＯＴＨ→",https://gamemarket.jp/booth/game/5437,ok,0
1225,ZITTE,日曜 - U006,一般日曜,https://gamemarket.jp/booth/4933,4933,ok,,https://gamemarket.jp/booth/game/4933,ok,0
1226,petit fluffy,日曜 - U016,一般日曜,https://gamemarket.jp/booth/6088,6088,ok,"小動物とボードゲームが好きなだけ。
のんびり活動していきます！",https://gamemarket.jp/booth/game/6088,ok,4
1227,多箱屋商会,日曜 - V001,一般日曜,https://gamemarket.jp/booth/4664,4664,ok,クトゥルフ神話TRPG用のシナリオを頒布予定,https://gamemarket.jp/booth/game/4664,ok,0
1228,久世文庫,日曜 - V003,一般日曜,https://gamemarket.jp/booth/3033,3033,ok,"文庫のように、手に馴染むシナリオを。
クトゥルフ神話TRPGのシナリオを書いています。
シンプルかつ遊ぶ人によって多彩な可能性を持つシナリオを目指しています。
その卓だけの、貴方だけの物語を楽しんでください。",https://gamemarket.jp/booth/game/3033,ok,1
1229,ハッカ海岸,日曜 - V004,一般日曜,https://gamemarket.jp/booth/5460,5460,ok,"クトゥルフ神話TRPG6版シナリオ／ペン画・水彩画
販売物：
▶︎新刊 『八月の硝子の森』CoC6thシナリオ／代理の小児科医として森の中の孤児院を訪れた探索者は、角の生えた少年と出会う。
▶︎『世界線の中庭』CoC6thシナリオ／庭造りをしながら季節を巡り、失った記憶を遡る。タイマンシナリオの書籍版第３版を発行。
▶︎セルフカットシール／ペン画をクリア素材と白印刷でステッカーにしたもの。",https://gamemarket.jp/booth/game/5460,ok,0
1230,蝶巳涼,日曜 - V005,一般日曜,https://gamemarket.jp/booth/3710,3710,ok,クトゥルフ神話TRPGの非公式シナリオ集や非公式グッズなどなど頒布します,https://gamemarket.jp/booth/game/3710,ok,0
1231,全部アイツのせい,日曜 - V006,一般日曜,https://gamemarket.jp/booth/2659,2659,ok,主にＣｏＣのシナリオ本を頒布しております。,https://gamemarket.jp/booth/game/2659,ok,6
1232,もすら屋,日曜 - V007,一般日曜,https://gamemarket.jp/booth/5762,5762,ok,"クトゥルフ神話TRPG6版の非公式シナリオを書いています。
新作クライム群像劇シナリオの書籍＆CoC「アンデッドウォーク・アンダーバラッド」のグッズ各種を頒布します！",https://gamemarket.jp/booth/game/5762,ok,0
1233,RE-ANIMATOR,日曜 - V008,一般日曜,https://gamemarket.jp/booth/6997,6997,ok,"CoC６版ホラーシナリオ集『狂いひとや』発行予定
https://yanba.booth.pm/items/8869926
詳細はURLを確認ください。
収録シナリオ
・狂い一家『夢を見る家』……オカルトコレクターの依頼にて、生首のミイラを探す、家ホラー。
・狂い一矢『ヒメユビサマ』……ヒメユビサマを崇める村にて、虫に関わる因習に巻き込まれる因習村ホラー。
・狂い一夜『狂言綺語にて七不思議』……見知らぬ少女に七不思議をねだられる、学園ホラーあるいは、クトゥルフ神話ホラー。
・狂い一人『るるる、る。』……あなたの家、あなたの傍から、誰かの声がすると、電話の向こうから言われる。あなたの家の、こわい話。",https://gamemarket.jp/booth/game/6997,ok,0
1234,KASO集落工房,日曜 - V009,一般日曜,https://gamemarket.jp/booth/7001,7001,ok,"KASO集落工房は、『クトゥルフ神話TRPG』のシナリオ（SPLL取得済）と、TRPGのオンラインセッション向け素材（背景・立ち絵・動く演出）を制作・頒布している個人サークルです。
理念は「遊びを超える感情体験を」。
〇「いらっしゃいませ
喫茶アストレアへ」
眠ったまま心停止する永眠事件
覚醒世界での謎を解き明かすため、ドリームランドへ
◐秘匿4PL×紅茶喫茶×夢見る人×特殊戦闘
【ゲムマ秋2026 頒布物】
■『夢語りはティータイムのあとで』製本版フルセット ¥3,000
CoC6版／秘匿HO 4PL／想定約30時間の長編ドリームランド探索シナリオ。
B5判の製本版に、データ引き換えカード（本文HTML/PDF・NPC立ち絵・背景・MAP・ココフォリア用ルームデータ）と手提げ袋をセットにしました。
※本誌はフルセットでの頒布のみです。
■データ版 ¥1,000（会場特価・BOOTH通常価格¥1,800）
上記シナリオのデータ一式を引き換えカードでお渡しします。
■無料サンプル ¥0
第1章ぶんの素材をQRコードから配布します。
※残酷描写・PvP要素を含む、CoC経験者向けの長編です。
※電子版 SPLL:E189786／製本版は別途SPLL申請中（番号確定後に掲載します）",https://gamemarket.jp/booth/game/7001,ok,0
1235,スクラップ園,日曜 - V010,一般日曜,https://gamemarket.jp/booth/7003,7003,ok,"CoC6th 2PL長編キャンペーンシナリオ集
『Ars Magna et Anima』
継続探索者向け×宗教×複数キャラシ
探索者同士の関係性不問！
🔶収録作品
『A-R-S』
『M-G-N』
『赫灼と蒼昊』",https://gamemarket.jp/booth/game/7003,ok,0
1236,三叉路書店,日曜 - V011,一般日曜,https://gamemarket.jp/booth/5667,5667,ok,"てけりり系情緒不安定シナリオライターが送る！
CoCシナリオ制作サークル、「三叉路書店」です！
新刊、「大水青が死んでいた」を頒布予定、その他既刊も取り揃えております！",https://gamemarket.jp/booth/game/5667,ok,0
1237,落魄総合病院,日曜 - V012,一般日曜,https://gamemarket.jp/booth/5411,5411,ok,マーダーミステリー、CoC、シナリオキャラのオリジナルグッツ、小説など,https://gamemarket.jp/booth/game/5411,ok,0
1238,黒猫パンケーキ,日曜 - V013,一般日曜,https://gamemarket.jp/booth/4668,4668,ok,,https://gamemarket.jp/booth/game/4668,ok,0
1239,書肆ショコラ,日曜 - V014,一般日曜,https://gamemarket.jp/booth/5787,5787,ok,"主にCoC第6版シナリオを制作しております。
ちょっとしたひと時を楽しめる物語を、のんびりと綴ります。",https://gamemarket.jp/booth/game/5787,ok,0
1240,ふぁいと犬の小屋,日曜 - V015,一般日曜,https://gamemarket.jp/booth/5187,5187,ok,"クトゥルフ神話ＴＲＰＧ
【新刊】
≪GARRR‼ 【ケルベロス・ルーザー】≫
【既刊】
≪やさしいキミのこわしかた≫
≪ロボット四原則≫
≪貴方の事が推しで推しで大大大大大大大好きで愛してるHO2≫",https://gamemarket.jp/booth/game/5187,ok,0
1241,トドノツマリ海峡,日曜 - V016,一般日曜,https://gamemarket.jp/booth/6260,6260,ok,,https://gamemarket.jp/booth/game/6260,ok,0
1242,落陽樹林,日曜 - V018,一般日曜,https://gamemarket.jp/booth/7017,7017,ok,,https://gamemarket.jp/booth/game/7017,ok,0
1243,殻付き花鳥園,日曜 - V019,一般日曜,https://gamemarket.jp/booth/7018,7018,ok,,https://gamemarket.jp/booth/game/7018,ok,0
1244,漁火文庫,日曜 - V020,一般日曜,https://gamemarket.jp/booth/6404,6404,ok,"クトゥルフ神話TRPGのシナリオを販売しております。
海と生き物と怪異と。
そんなシナリオばかりが特徴のサークルです。",https://gamemarket.jp/booth/game/6404,ok,1
1245,こたつで膝を強打,日曜 - V021,一般日曜,https://gamemarket.jp/booth/7019,7019,ok,,https://gamemarket.jp/booth/game/7019,ok,0
1246,蝋国,日曜 - V022,一般日曜,https://gamemarket.jp/booth/7020,7020,ok,,https://gamemarket.jp/booth/game/7020,ok,0
1247,TRPG研究会さくらこねこ,日曜 - V023,一般日曜,https://gamemarket.jp/booth/2134,2134,ok,"共立女子大学TRPG研究会「さくらこねこ」です。2017年からゲームマーケットでシナリオ集を出しています。
CoCのみのシナリオ集と、その他システムの集まったシナリオ集を出品させて頂いています。",https://gamemarket.jp/booth/game/2134,ok,0
1248,ふわふわ帝国,日曜 - V024,一般日曜,https://gamemarket.jp/booth/4779,4779,ok,"ふわふわのTRPG帝国です。
ゲムマ2026春ではクトゥルフ神話TRPG第6版シナリオを新刊既刊共に販売します。
【新刊】
・coming soon...
栗夢町シリーズ新作秘匿HOあり2PLシナリオを頒布します！
【既刊】
・「cRocK」
ゲムマ2024秋にてご好評頂いた新規探索者限定、秘匿HOあり4PLのマフィアシナリオです。また、こちらはNPCのチェキやアクリルスタンドなどのグッズもご用意しております。
・「O0:O0-翅神灰滅戦線-」
栗夢町にて奔走するパイロットたちのお話。秘匿HOあり4PLの軍人シナリオです。
・「アルカディアの果てに」
長寿のエルフと人間の師弟関係を楽しめる秘匿HOあり2PLシナリオです。旅をする魔法使いの二人のお話。
皆様のお越しをお待ちしています！",https://gamemarket.jp/booth/game/4779,ok,3
1249,虚無税込ゼロ円,日曜 - V025,一般日曜,https://gamemarket.jp/booth/3460,3460,ok,クトゥルフ神話TRPG6版シナリオ本を頒布しています。,https://gamemarket.jp/booth/game/3460,ok,1
1250,孝奇浸,日曜 - V026,一般日曜,https://gamemarket.jp/booth/3169,3169,ok,クトゥルフ神話TRPGの非公式シナリオ集を書いています。,https://gamemarket.jp/booth/game/3169,ok,2
1251,おしまい相互不理解ランド,日曜 - V027,一般日曜,https://gamemarket.jp/booth/7022,7022,ok,,https://gamemarket.jp/booth/game/7022,ok,0
1252,35min,日曜 - V028,一般日曜,https://gamemarket.jp/booth/6147,6147,ok,TRPG6版の新作シナリオを販売します。,https://gamemarket.jp/booth/game/6147,ok,0
1253,犬点書店,日曜 - V029,一般日曜,https://gamemarket.jp/booth/5930,5930,ok,TRPGシナリオサークルです。,https://gamemarket.jp/booth/game/5930,ok,0
1254,へるぷ餅屋,日曜 - V030,一般日曜,https://gamemarket.jp/booth/7032,7032,ok,,https://gamemarket.jp/booth/game/7032,ok,0
1255,雲海音楽商店,日曜 - V031,一般日曜,https://gamemarket.jp/booth/6341,6341,ok,,https://gamemarket.jp/booth/game/6341,ok,0
1256,下衆の寄席集め／邪神喫茶,日曜 - V032,一般日曜,https://gamemarket.jp/booth/5368,5368,ok,"クトゥルフ神話の邪神たちを
美味しくいただく喫茶店
邪神×食べ物モチーフのグッズを販売しております。
※たまに食べ物以外もあります。
店主：DANKE
店主②：森井創（きず）",https://gamemarket.jp/booth/game/5368,ok,0
1257,うさぎのお宿,日曜 - V033,一般日曜,https://gamemarket.jp/booth/7006,7006,ok,,https://gamemarket.jp/booth/game/7006,ok,0
1258,源泉かけ流しタップダンス協会,日曜 - V034,一般日曜,https://gamemarket.jp/booth/6457,6457,ok,"CoC・エモクロアシナリオ頒布します！
〇新刊
エモクロアTRPG GMレス集
〇既刊
CoC6版 新規秘匿2PL「双星が消える夜」 ￥800
その他、間に合えば無配や委託があるかも…。",https://gamemarket.jp/booth/game/6457,ok,0
1259,もしもシティ,日曜 - V035,一般日曜,https://gamemarket.jp/booth/5672,5672,ok,"クトゥルフ神話TRPG非公式同人サークルです。
当日はシナリオ付きサントラCDを頒布予定です。
その他シナリオ関連グッズを（もしかしたら）頒布予定。
OXY US/もしもシティ",https://gamemarket.jp/booth/game/5672,ok,0
1260,春鳥茶寮,日曜 - V036,一般日曜,https://gamemarket.jp/booth/6651,6651,ok,,https://gamemarket.jp/booth/game/6651,ok,0
1261,白糖堂,日曜 - V037,一般日曜,https://gamemarket.jp/booth/3221,3221,ok,主にクトゥルフ神話TRPG のシナリオを書いています。,https://gamemarket.jp/booth/game/3221,ok,0
1262,そるとの調味料棚,日曜 - V038,一般日曜,https://gamemarket.jp/booth/7029,7029,ok,"『そるとの調味料棚』です。
主にクトゥルフ神話TRPG第6版で遊んでいます。",https://gamemarket.jp/booth/game/7029,ok,0
1263,仙望廊,日曜 - V039,一般日曜,https://gamemarket.jp/booth/4781,4781,ok,"ボードゲームやマーダーミステリー、TRPGのシナリオを頒布しています。
「Sphere」「ドレッド・スレッド・スプレッド」「ムシカクムジカ」「セグメント・セブン」「ロサリウム」など。",https://gamemarket.jp/booth/game/4781,ok,2
1264,つなまる水産,日曜 - V040,一般日曜,https://gamemarket.jp/booth/7026,7026,ok,,https://gamemarket.jp/booth/game/7026,ok,0
1265,パラサイ・サイト,日曜 - V041,一般日曜,https://gamemarket.jp/booth/7025,7025,ok,,https://gamemarket.jp/booth/game/7025,ok,0
1266,TDUアミューズメント研究部,日曜 - V042,一般日曜,https://gamemarket.jp/booth/3372,3372,ok,"東京電機大学千住キャンパス文化部会アミューズメント研究部です。
普段からボードゲームやTRPGをプレイし、その経験を活かしてオリジナルのボードゲームやTRPGシナリオ集を制作、販売しております。",https://gamemarket.jp/booth/game/3372,ok,3
1267,生姜畑と小麦色商店,日曜 - V043,一般日曜,https://gamemarket.jp/booth/6089,6089,ok,"TRPG交流サーバー「TRPGヶ丘町一丁目」で集った友人たちとの合同サークルです
サークル、生姜畑と小麦色商店、山川草木、パンデモニウムの3サークルで出展いたします
個性豊かなシナリオがたくさん！",https://gamemarket.jp/booth/game/6089,ok,4
1268,櫻縁家,日曜 - V044,一般日曜,https://gamemarket.jp/booth/6584,6584,ok,,https://gamemarket.jp/booth/game/6584,ok,0
1269,天使ノ生贄,日曜 - V045,一般日曜,https://gamemarket.jp/booth/6408,6408,ok,クトゥルフ神話TRPG第6版｜新刊「雨」をテーマにしたシナリオ集『水たまりを踏まないように、雲の切れ間をさがしている。』を頒布｜それぞれ「天泣」「涙雨」「飛雨」「霖雨」「翠雨」「神立」「バケツ雨」「白雨」を題材にした全8本収録｜B5サイズ／100ページ以上。NPC立ち絵・神話生物イラスト等素材付き｜既刊「冠婚葬祭テーマシナリオ集」｜それぞれ「冠」「婚」「葬」「祭」を題材にした全4本収録｜サークルロゴ入りグッズなども頒布予定,https://gamemarket.jp/booth/game/6408,ok,2
1270,喫茶りべるた,日曜 - V046,一般日曜,https://gamemarket.jp/booth/5458,5458,ok,"「喫茶りべるた」はオーナーである「ゆら」を中心にバイトである仲間たちが入れ替わりながらシナリオを書いているTRPGサークルです。
連絡は私のXへお願いします。",https://gamemarket.jp/booth/game/5458,ok,4
1271,壱鬼徘徊,日曜 - V047,一般日曜,https://gamemarket.jp/booth/2305,2305,ok,"クトゥルフ神話TRPGのシナリオを公開・頒布するサークルです。
ガスライト・現代日本・大正等をメインで書いていこうと思っております。
■頒布予定作品
＜新作＞心中幸論
PL：2人 特殊条件有
＜準新作＞僕らの青空大作戦
PL：3人 大正昭和時代 戦争孤児3人が力を合わせて進む冒険譚",https://gamemarket.jp/booth/game/2305,ok,1
1272,ねむゆたび。,日曜 - V048,一般日曜,https://gamemarket.jp/booth/7012,7012,ok,"クトゥルフ神話TRPGシナリオ集『Grac3.』（グレイスピリオド）
「見ざる」「聞かざる」「言わざる」をテーマにしたシナリオを３本収録したシナリオ集を頒布します。",https://gamemarket.jp/booth/game/7012,ok,0
1273,林檎型収穫艦,日曜 - V049,一般日曜,https://gamemarket.jp/booth/5233,5233,ok,"駆け出しのTRPGシナリオ制作サークル。
旧帝国海軍の艦艇をテーマにしたシナリオを中心になんとなく作りたくなったシナリオを制作しています。
よろしくお願いします。",https://gamemarket.jp/booth/game/5233,ok,5
1274,大正大学TRPG研究会,日曜 - V050,一般日曜,https://gamemarket.jp/booth/3612,3612,ok,,https://gamemarket.jp/booth/game/3612,ok,0
1275,優勝卓,日曜 - V051,一般日曜,https://gamemarket.jp/booth/4330,4330,ok,"角刈りジョニーとひげさんがクトゥルフ神話TRPGのシナリオを売るところです。
優勝します。
Twitter : 角刈りジョニー （@kjohnny_trpg）
ひげさん（@higesan_trpg）",https://gamemarket.jp/booth/game/4330,ok,0
1276,娯楽福堂,日曜 - V052,一般日曜,https://gamemarket.jp/booth/6608,6608,ok,"サークルページをご覧いただき、ありがとうございます…！
今回は、前回のゲームマーケット2026春にて出品した2PL公開シナリオ『司書と不良』の全3章中の前編と中編(それぞれ200円)を販売予定です…！
未完結状態ではありますが、NPCイラストや新ビジュアルトレーラーなど追加要素もご用意しておりますので、夏休みを堪能したい…！たくさんの怪奇やロリに振り回されたい…！という方はぜひお立ち寄りいただければと思います…！
⚠️シナリオ本編自体は、下記のBOOTHリンク先にて公開しております。
書籍として手に取りたい、またはイラストデーターを含めてお得に手に取りたいという方のみ購入をご検討ください。⚠️
────────────
出品作品
『司書と不良』
【システム】
Coc6版/2PL/公開HO
クローズド＆シティシナリオ
【推奨推定時間】
前編7時間~/中編10時間~/後編7時間~
【作品概要】
『さぁ、あの頃に、かえろう＿＿＿＿＿＿＿。』
世間はお盆。
湖光村(ここうむら)という田舎に引っ越した叔父の元へ休みの間会いに行くことになった“HO不良”と、その湖光村(こ こうむら)で生まれ育ち村の図書館で司書を務める“HO司書”。 2人 は謎の白髪の少女をきっかけにして、数多の奇怪な生物や現象に 巻き込まれていく。
非日常を求める貴方たちは果たして、時に知恵、時に経験を生かして乗り越えていくことができるだろうか。
その中に隠された村の真実があるのだとしても＿＿＿。
■シナリオ傾向
【図書館】×【シティ(村)】×【夏休みの大冒険】",https://gamemarket.jp/booth/game/6608,ok,0
1277,竹ノ飯店,日曜 - V053,一般日曜,https://gamemarket.jp/booth/5489,5489,ok,"サークル『竹ノ飯店』
店主のta(たけ)です。従業員は1人。
日常に這い寄る恐怖をテーマに、回しているKPも楽しめる、ダイスゲームメインのクラシカルなシナリオを好んで制作しています。",https://gamemarket.jp/booth/game/5489,ok,0
1278,RIE production,日曜 - V054,一般日曜,https://gamemarket.jp/booth/6113,6113,ok,,https://gamemarket.jp/booth/game/6113,ok,0
1279,おまち堂,日曜 - V055,一般日曜,https://gamemarket.jp/booth/5512,5512,ok,"TRPG・マーダーミステリー・ボードゲーム制作サークルおまち堂です。
「人と人の繋がりを生み出す作品を」をモットーにアナログゲームを制作しています。
おまち堂作品の中でも特に感情が揺さぶられる作品をご用意しております。
唯一無二の没入体験を、ぜひお楽しみください。",https://gamemarket.jp/booth/game/5512,ok,0
1280,蛙屋,日曜 - V056,一般日曜,https://gamemarket.jp/booth/4324,4324,ok,かえるがゆるっとやっているところ。,https://gamemarket.jp/booth/game/4324,ok,5
1281,一二三堂,日曜 - V057,一般日曜,https://gamemarket.jp/booth/5196,5196,ok,非公式CoCシナリオサークルです。,https://gamemarket.jp/booth/game/5196,ok,0
1282,尾和屋芸香堂,日曜 - V058,一般日曜,https://gamemarket.jp/booth/6119,6119,ok,尾和屋芸香堂（オワヤウンコウドウ）はTRPGシナリオを気ままに制作・販売するサークルです。,https://gamemarket.jp/booth/game/6119,ok,0
1283,Alpha,日曜 - V059,一般日曜,https://gamemarket.jp/booth/6466,6466,ok,クトゥルフ神話TRPG6版 オムニバスシナリオシリーズ「未だ知らぬムネモシュネ」を頒布します,https://gamemarket.jp/booth/game/6466,ok,0
1284,ヒコノスケジム,日曜 - W001,一般日曜,https://gamemarket.jp/booth/6098,6098,ok,"CoC6版でダイス振りまくりシナリオを書いているヒコノスケジムです。
クトゥルフ神話TRPG非公式シナリオ本「東京四凶」「てんで駄目な雷鳴だ」を今回は頒布！
シナリオグッズも多数ご用意しております！",https://gamemarket.jp/booth/game/6098,ok,0
1285,早稲田大学乾坤堂,日曜 - W002,一般日曜,https://gamemarket.jp/booth/6637,6637,ok,,https://gamemarket.jp/booth/game/6637,ok,0
1286,矧矢工房,日曜 - W003,一般日曜,https://gamemarket.jp/booth/6429,6429,ok,クトゥルフ神話TRPG(6版)のオリジナルシナリオを頒布します。新刊1冊と既刊3冊を持って行きます。新刊はSCP×COCのギャグシナリオです。既刊は秘匿HOやシティ探索系など、幅広いジャンルを扱っています。全作品にPDF・ココフォリア部屋データが付属しておりますので、気軽にお手に取って頂ければと思います！,https://gamemarket.jp/booth/game/6429,ok,4
1287,もう寝ろ卓,日曜 - W004,一般日曜,https://gamemarket.jp/booth/6134,6134,ok,,https://gamemarket.jp/booth/game/6134,ok,0
1288,はなむけ屋,日曜 - W005,一般日曜,https://gamemarket.jp/booth/5775,5775,ok,クトゥルフ神話TRPG6版のシナリオを頒布予定です。,https://gamemarket.jp/booth/game/5775,ok,2
1289,嶺上開花-TRPG専門店,日曜 - W006,一般日曜,https://gamemarket.jp/booth/7004,7004,ok,"TRPGシナリオ制作サークル『嶺上開花』と申します。
TRPGのシナリオや素材を販売しています。
YouTubeでも活動していまのすので以後お見知りおきを。
◆販売シナリオに関するガイドライン
https://sgam13.fanbox.cc/posts/12160443",https://gamemarket.jp/booth/game/7004,ok,0
1290,ハッピーエンド主義,日曜 - W007,一般日曜,https://gamemarket.jp/booth/5785,5785,ok,,https://gamemarket.jp/booth/game/5785,ok,0
1291,メリーバッドエンド推進協会,日曜 - W009,一般日曜,https://gamemarket.jp/booth/6511,6511,ok,"伽藍堂迎賓館／式噛
淡夜精神病棟／夜凪累
合同サークル",https://gamemarket.jp/booth/game/6511,ok,0
1292,なめうたふれんず,日曜 - W010,一般日曜,https://gamemarket.jp/booth/4628,4628,ok,"メインでCoC6thのTRPGのシナリオを作成しています。
ミステリーの謎解きや情報精査したり、ダイスを振りながら物語を楽しめるようなシナリオをお届けできればと思っています。
楽しい時間の一助となりますように！",https://gamemarket.jp/booth/game/4628,ok,0
1293,宵ノ海月,日曜 - W011,一般日曜,https://gamemarket.jp/booth/6597,6597,ok,,https://gamemarket.jp/booth/game/6597,ok,0
1294,虚白館,日曜 - W012,一般日曜,https://gamemarket.jp/booth/4629,4629,ok,,https://gamemarket.jp/booth/game/4629,ok,0
1295,dor de ducă,日曜 - W013,一般日曜,https://gamemarket.jp/booth/5760,5760,ok,"クトゥルフ神話TRPG6版の旅をテーマにしたシナリオを置いています。
新刊の本をテーマにしたシナリオと、既刊のルーマニアを舞台にしたシナリオを頒布予定です。
■新刊
「瑞雨街」書籍版 ※データ版はboothで無料頒布中、一部増補改訂
A6版、ソロシナリオ
■既刊
「夜天三叉路」書籍版
A5版、1人～
「あるでれあん」書籍版
A6版、ゲームブック形式のKPレス
「ねべでむ」書籍版
A6版、ゲームブック形式のKPレス",https://gamemarket.jp/booth/game/5760,ok,0
1296,グローツラング葬儀社,日曜 - W014,一般日曜,https://gamemarket.jp/booth/5412,5412,ok,非公式CoC6版シナリオを制作しています。,https://gamemarket.jp/booth/game/5412,ok,3
1297,DG&をまち堂,日曜 - W015,一般日曜,https://gamemarket.jp/booth/2795,2795,ok,"ヲ待堂です。
CoC6版メインにTRPGシナリオを制作しています。",https://gamemarket.jp/booth/game/2795,ok,0
1298,茶屋 桑一葉,日曜 - W016,一般日曜,https://gamemarket.jp/booth/6543,6543,ok,,https://gamemarket.jp/booth/game/6543,ok,0
1299,アサギリツキノ,日曜 - W017,一般日曜,https://gamemarket.jp/booth/4883,4883,ok,"TRPGのシナリオを頒布します。主にCoC、エモクロアのシナリオを書いています。
2026春にて、CoC6/7版新作シナリオ「PrayerPlayer」頒布開始。暗黒の祖先と寄せ餌でダブル主従ができるシナリオ！また1ページTRPGが無料配布あるかも！",https://gamemarket.jp/booth/game/4883,ok,2
1300,ゆめまぼろし,日曜 - W018,一般日曜,https://gamemarket.jp/booth/5767,5767,ok,クトゥルフ神話TRPGの非公式シナリオ集を頒布予定です。新刊は「特別な二人」をテーマにした継続探索者向けシナリオ集。「死神と墓守」「ブラッドムーンに乾杯！」等収録された既刊も持ち込み予定です。,https://gamemarket.jp/booth/game/5767,ok,0
1301,チーズフォンデュ工房,日曜 - W019,一般日曜,https://gamemarket.jp/booth/6091,6091,ok,,https://gamemarket.jp/booth/game/6091,ok,0
1302,おやつaruca,日曜 - W020,一般日曜,https://gamemarket.jp/booth/6114,6114,ok,"新作はマーダーミステリー青薔薇殺薔薇事件
既刊のクトゥルフ神話TRPGシナリオ集持っていきます",https://gamemarket.jp/booth/game/6114,ok,9
1303,おきつね書房,日曜 - W021,一般日曜,https://gamemarket.jp/booth/5768,5768,ok,,https://gamemarket.jp/booth/game/5768,ok,0
1304,七伏怪奇倶楽部,日曜 - W022,一般日曜,https://gamemarket.jp/booth/6998,6998,ok,"新クトゥルフ神話TRPGシナリオ集『七伏怪奇倶楽部』が出ます！
現代日本の七伏市を舞台にした11本のシナリオが収録された大ボリュームのシナリオ集です。継続もしやすい！
通販3500円のところ、会場価格は3000円でございます！",https://gamemarket.jp/booth/game/6998,ok,0
1305,回卓社,日曜 - W023,一般日曜,https://gamemarket.jp/booth/7000,7000,ok,,https://gamemarket.jp/booth/game/7000,ok,0
1306,すずろ倉庫,日曜 - W024,一般日曜,https://gamemarket.jp/booth/7002,7002,ok,クトゥルフ神話TRPG・インセインのシナリオ本販売,https://gamemarket.jp/booth/game/7002,ok,0
1307,山下還元反応,日曜 - W025,一般日曜,https://gamemarket.jp/booth/5193,5193,ok,"山下還元反応（さんかかんげんはんのう）と申します。
こちらは新クトゥルフ神話TRPG、魔道書大戦RPGマギカロギアのシナリオを頒布するのサークルとなっております。",https://gamemarket.jp/booth/game/5193,ok,0
1308,臨界極まりて時を越えるレタス,日曜 - W026,一般日曜,https://gamemarket.jp/booth/7033,7033,ok,現代日本が舞台の秘匿4PL刑事キャンペーンシナリオと大正時代の日本が舞台の探偵バディシナリオに加え、それぞれのトレーラータペストリー(A2サイズ)を頒布します。,https://gamemarket.jp/booth/game/7033,ok,2
1309,牡蠣必中同好会,日曜 - W027,一般日曜,https://gamemarket.jp/booth/5589,5589,ok,"人智の及ばぬ領域が、人智に狂気を孕ませる。
クトゥルフ神話TRPG6版×2PL×刑事シナリオ集
「刑事事件簿 -狂湓贄送-」
救えるのは、貴方の両の掌の内側だけ。",https://gamemarket.jp/booth/game/5589,ok,1
1310,Add Toybox &うもん屋,日曜 - W028,一般日曜,https://gamemarket.jp/booth/2957,2957,ok,"TRPGやボードゲームを制作するサークル「Add Toybox」と「うもん屋」の合同ブースです。
■怪談収集TRPG「現怪集楽」 by うもん屋
—現代世界では、怪異は絶滅の危機に瀕している！
怪異になって遊ぶ新作TRPGシステム「現怪集楽」を頒布します。
詳細は公式サイト「まちあわせ掲示板( https://genkaishuraku-machiawasekeijiban.jimdosite.com/ )」にて！",https://gamemarket.jp/booth/game/2957,ok,1
1311,龍賽庵,日曜 - W029,一般日曜,https://gamemarket.jp/booth/2557,2557,ok,新クトゥルフ神話TRPG向けのシナリオ集やオリジナル拡張サプリメントなどを頒布しています。,https://gamemarket.jp/booth/game/2557,ok,0
1312,馬刺しゲームス,日曜 - W030,一般日曜,https://gamemarket.jp/booth/4010,4010,ok,コミケ102を乗り越えてゲムマ3回目の出店をする素人二人組。,https://gamemarket.jp/booth/game/4010,ok,8
1313,TRPGヶ丘町一丁目町内会,日曜 - W031,一般日曜,https://gamemarket.jp/booth/7040,7040,ok,,https://gamemarket.jp/booth/game/7040,ok,0
1314,躑躅の籠,日曜 - W032,一般日曜,https://gamemarket.jp/booth/5919,5919,ok,"TRPGシナリオとマダミスシナリオの頒布を行います。
TRPGシナリオは新クトゥルフ神話TRPGのシナリオとなります。",https://gamemarket.jp/booth/game/5919,ok,0
1315,王湊盤遊会,日曜 - W033,一般日曜,https://gamemarket.jp/booth/6514,6514,ok,,https://gamemarket.jp/booth/game/6514,ok,0
1316,つきのふね,日曜 - W034,一般日曜,https://gamemarket.jp/booth/7021,7021,ok,,https://gamemarket.jp/booth/game/7021,ok,0
1317,ょわめまじょ,日曜 - W035,一般日曜,https://gamemarket.jp/booth/5421,5421,ok,"新クトゥルフ神話TRPGのラヴクラフト・カントリーを舞台にしたシナリオ集と、
エモクロアTRPGのシナリオ集を頒布予定です。",https://gamemarket.jp/booth/game/5421,ok,0
1318,ゆにばんGのおみせ,日曜 - W036,一般日曜,https://gamemarket.jp/booth/7007,7007,ok,,https://gamemarket.jp/booth/game/7007,ok,0
1319,可能世界編纂部,日曜 - W037,一般日曜,https://gamemarket.jp/booth/7034,7034,ok,,https://gamemarket.jp/booth/game/7034,ok,0
1320,PoPoLa,日曜 - W038,一般日曜,https://gamemarket.jp/booth/6035,6035,ok,"『PoPoLa』のブースです！
2026秋も新作TRPGシナリオ集を販売いたします。
お取り置きはコチラ！",https://gamemarket.jp/booth/game/6035,ok,3
1321,Anti-Emotional,日曜 - W039,一般日曜,https://gamemarket.jp/booth/4426,4426,ok,,https://gamemarket.jp/booth/game/4426,ok,0
1322,せんとえるもふ,日曜 - W040,一般日曜,https://gamemarket.jp/booth/7036,7036,ok,,https://gamemarket.jp/booth/game/7036,ok,0
1323,いあプロジェクト,日曜 - W041,一般日曜,https://gamemarket.jp/booth/4937,4937,ok,"いあプロジェクトは「いあきゃら」「いあてっぷ」を運営しています。
ゲームマーケットではオリジナルグッズやシナリオを販売予定です！ご期待ください！
◆いあきゃら
いあきゃらとは、誰でも簡単にクトゥルフ神話TRPGのキャラクターシートを作成できるオンラインツールです。
キャラクターの立ち絵もアップロード可能で、作成したシートを閲覧モードでみんなに共有できます。
スマホ、タブレットにも対応！
https://iachara.com/
◆いあてっぷ
いあてっぷでは、クトゥルフ神話TRPGの公演型オフラインセッションを提供しています。
大型スクリーン、立体音響、暗い密室に魔法の照明。
オフライン専用の探索者シート、ワクワクするギミック、一瞬で恐怖に包み込む演出。
「いあきゃら」を運営するいあプロジェクトが創り出す全く新しいTRPG体験をどうぞお楽しみください。
この上ない緊張感と興奮があなたを待っています。
https://iatep.iachara.com/",https://gamemarket.jp/booth/game/4937,ok,0
1324,アヒル兄貴のシナリオ制作所,日曜 - W042,一般日曜,https://gamemarket.jp/booth/7039,7039,ok,,https://gamemarket.jp/booth/game/7039,ok,0
1325,スザク・ゲームズ同人制作部,日曜 - W043,一般日曜,https://gamemarket.jp/booth/3620,3620,ok,,https://gamemarket.jp/booth/game/3620,ok,0
1326,ケイ素ラボラトリー,日曜 - W044,一般日曜,https://gamemarket.jp/booth/4925,4925,ok,サークル「ケイ素ラボラトリー」です。主にTRPGシナリオを書いております。新クトゥルフ神話TRPGやクラヤミクラインを、どうぞお楽しみください。,https://gamemarket.jp/booth/game/4925,ok,0
1327,オムニ社,日曜 - W045,一般日曜,https://gamemarket.jp/booth/1834,1834,ok,クトゥルフ神話TRPG、エモクロアTRPGのシナリオ、クトゥルフの神話生物のイラスト集やグッズ等を販売します。,https://gamemarket.jp/booth/game/1834,ok,4
1328,山梨大学TRPG研究会,日曜 - W046,一般日曜,https://gamemarket.jp/booth/5505,5505,ok,,https://gamemarket.jp/booth/game/5505,ok,0
1329,マジックキャット,日曜 - W047,一般日曜,https://gamemarket.jp/booth/3160,3160,ok,"TRPGのシナリオ作成をしています。
特にCoCシステムで某魔法学校TRPGを制作してます。
クトゥルフシナリオ、ネクロニカシナリオなどあります。
ブースには無料公開しているのもあるので、ぜひXから飛んで見てきてください。",https://gamemarket.jp/booth/game/3160,ok,0
1330,掛川TRPG先進都市化計画,日曜 - W048,一般日曜,https://gamemarket.jp/booth/4947,4947,ok,掛川をはじめとした日本各地+台湾を舞台にしたエモクロアTRPGシナリオアンソロジー「＃日本シ集ぷらす」「#日本シ集」、怪異物語創作コンテスト受賞作を収録した「掛川百鬼紀行 第三幕／第四幕」を頒布します！,https://gamemarket.jp/booth/game/4947,ok,0
1331,そんな日もあるぱか,日曜 - W049,一般日曜,https://gamemarket.jp/booth/7030,7030,ok,,https://gamemarket.jp/booth/game/7030,ok,0
1332,どこかの海辺,日曜 - W050,一般日曜,https://gamemarket.jp/booth/7009,7009,ok,,https://gamemarket.jp/booth/game/7009,ok,0
1333,西洋當歸倶楽部,日曜 - W051,一般日曜,https://gamemarket.jp/booth/6105,6105,ok,"TRPGサークル『西洋當歸倶楽部（せいようとうきくらぶ）』
ラヴクラフトミステリーTRPG Kutuluシナリオ集『終わりなき白昼夢』を頒布します！",https://gamemarket.jp/booth/game/6105,ok,0
1334,絵空屋,日曜 - W052,一般日曜,https://gamemarket.jp/booth/5181,5181,ok,"クトゥルフ神話TRPG第六版シナリオをBOOTH、TRLTOにて販売中。個人で全てやっております（文章校正やテストプレイは知り合いに頼んでいます）。
各種シナリオに絡めてオフラインセッション用のちょっと便利？な小道具なども販売します。
販売しているシナリオの導入部を小説風に書き下ろした本。シナリオ「雨の印象による」内にも出てくる駄菓子屋をモチーフにした駄菓子風小道具など販売。",https://gamemarket.jp/booth/game/5181,ok,0
1335,蒼色書房,日曜 - W053,一般日曜,https://gamemarket.jp/booth/7027,7027,ok,,https://gamemarket.jp/booth/game/7027,ok,0
1336,秋染めコルベイユ,日曜 - W054,一般日曜,https://gamemarket.jp/booth/6535,6535,ok,TRPGのシナリオ集やリプレイ本などを取り扱っています。好きなシステムはマギカロギア、モノトーンミュージアムRPGなど。,https://gamemarket.jp/booth/game/6535,ok,0
1337,NPゲームス,日曜 - W055,一般日曜,https://gamemarket.jp/booth/6575,6575,ok,,https://gamemarket.jp/booth/game/6575,ok,0
1338,Koloroj,日曜 - W056,一般日曜,https://gamemarket.jp/booth/7011,7011,ok,,https://gamemarket.jp/booth/game/7011,ok,0
1339,岩手医科大学非電脳系ゲーム部,日曜 - W057,一般日曜,https://gamemarket.jp/booth/7024,7024,ok,,https://gamemarket.jp/booth/game/7024,ok,0
1340,辻談議,日曜 - W058,一般日曜,https://gamemarket.jp/booth/1348,1348,ok,"TRPG：ガンドッグ・リヴァイズド中心。
データ集、シナリオ集
エッセイ本など",https://gamemarket.jp/booth/game/1348,ok,0
1341,しおまめ本舗,日曜 - W059,一般日曜,https://gamemarket.jp/booth/7005,7005,ok,"ドラクルージュ十周年記念シナリオ集。表題作「定めが引き裂く運命とて」ほか4編収録。電子版同梱。
PL人数1名～、使用ルルブも基本のみ～サプリ全使用まで様々。",https://gamemarket.jp/booth/game/7005,ok,0
1342,ナナイロダイス,日曜 - W060,一般日曜,https://gamemarket.jp/booth/5754,5754,ok,"2024年10月設立！
TRPGシナリオ・サプリなどの頒布サークルです🌈🎲
現在の取り扱いシステムはシノビガミ、ネクロニカ、神我狩です！(今後はもっと増やしたい)
メンバー全員経験システム30over!いろんなシステムの良いところを、他のシステムにも導入したい！
シナリオだけでなく、追加データやランダム表、クイックスタートなどさまざまなデータを頒布しております！
当サークル頒布物は配信・動画化歓迎✨✨",https://gamemarket.jp/booth/game/5754,ok,8
1343,でかいじゅ,日曜 - X001,一般日曜,https://gamemarket.jp/booth/6261,6261,ok,"つくる×つかう＝世界が変わる 錬金術TRPG！
一夜にして滅びた大国、世界に溢れた飽食の怪物、黄金の山から発掘された未知の技術“錬金術”────
すべての真相を解明するために、この世界に交易を取り戻そう！",https://gamemarket.jp/booth/game/6261,ok,0
1344,NO TITLE ＆ 一人二卓,日曜 - X002,一般日曜,https://gamemarket.jp/booth/3238,3238,ok,"TRPG（Kutulu、インセイン、キズナバレット等）のシナリオの他、セッションでBGMとして使用OKのオリジナル楽曲を作成しています。
曲のジャンルはダークアンビエント（エレクトロニカ寄り）なので怖いシーンにおすすめ。",https://gamemarket.jp/booth/game/3238,ok,5
1345,WeekendWizard,日曜 - X003,一般日曜,https://gamemarket.jp/booth/2264,2264,ok,"『Weekend Wizard』は、管理栄養士でもあるHasturによる
https://www.youtube.com/channel/UCONlOAb9-Pl1IXCIUfskVqg
・TRPGシステム
・TRPGシナリオ
・カードゲーム
・宣伝ムービー
・ファンタジー飯研究 などを手掛ける、同人ゲーム制作『よろず』サークルです。ゲームマーケット公式の『ゲーム制作者支援 動画サポーター』として、各種イベント前に出展サークルさんをお呼びして生配信を行っています。https://weekendwizard.booth.pm/",https://gamemarket.jp/booth/game/2264,ok,6
1346,ハロウ・ヒル,日曜 - X004,一般日曜,https://gamemarket.jp/booth/1455,1455,ok,,https://gamemarket.jp/booth/game/1455,ok,10
1347,猫又公司,日曜 - X005,一般日曜,https://gamemarket.jp/booth/1454,1454,ok,「猫又公司」&「氷雨亭」は、オリジナルTRPGシステムを企画・制作している合同サークルです！,https://gamemarket.jp/booth/game/1454,ok,3
1348,HAT＿BURN,日曜 - X006,一般日曜,https://gamemarket.jp/booth/5377,5377,ok,"関西在住のTRPGプレイヤー。オリジナルTRPGシステムと商業システムシナリオ集を頒布。
ゲームマーケット2025秋新刊
★自作ＴＲＰＧシステム合同誌「コンテナターミナル」
既刊
★中華風ファンタジーRPG「封仙華」
★ビーストバインドトリニティシナリオ集",https://gamemarket.jp/booth/game/5377,ok,2
1349,たこうさ出版,日曜 - X007,一般日曜,https://gamemarket.jp/booth/5776,5776,ok,"たこうさ出版はたこすけとあかうさの夫婦サークルです。
TRPG界の生物多様性に貢献すべく、どこかの誰かには刺さるかもしれないオリジナルTRPGを作っています。",https://gamemarket.jp/booth/game/5776,ok,6
1350,アンデス空手部,日曜 - X009,一般日曜,https://gamemarket.jp/booth/5201,5201,ok,オリジナルのTRPGシステムを頒布しております。,https://gamemarket.jp/booth/game/5201,ok,0
1351,シアワセ修練場,日曜 - X010,一般日曜,https://gamemarket.jp/booth/3239,3239,ok,,https://gamemarket.jp/booth/game/3239,ok,1
1352,コトノハゲームズ,日曜 - X011,一般日曜,https://gamemarket.jp/booth/1351,1351,ok,"趣味の自家製ゲーム屋さん。
文章、メインゲームデザイン担当の藤浪智之と
イラスト、かんたんゲームデザイン担当の佐々木亮の２人で運営しています。",https://gamemarket.jp/booth/game/1351,ok,6
1353,シャチノラクエン,日曜 - X012,一般日曜,https://gamemarket.jp/booth/6099,6099,ok,「終焉」をテーマにした複数のTRPGシステムのシナリオアンソロジー『世界終焉/崩壊5分前仮説』を頒布,https://gamemarket.jp/booth/game/6099,ok,1
1354,奏夜丘,日曜 - X013,一般日曜,https://gamemarket.jp/booth/5206,5206,ok,"バディ航空ファンタジーTRPG「カレイドフライト」、魔導士として滅びかけの世界を旅するTRPG「灰の天地の魔導士たち」など既刊各種を頒布する予定です！
詳しくはTwitterをチェック！！",https://gamemarket.jp/booth/game/5206,ok,0
1355,かりかりうめ,日曜 - X014,一般日曜,https://gamemarket.jp/booth/2122,2122,ok,"オリジナルTRPGシステムや、オリジナルダイスなどを制作しています。
代表作はゴシックTRPG『灰色城綺譚』、ダークメルヒェンTRPG『カムズ 秋のたそがれの国』など。",https://gamemarket.jp/booth/game/2122,ok,2
1356,キングダムランド帝国,日曜 - X015,一般日曜,https://gamemarket.jp/booth/7031,7031,ok,"終末世界を君とゆくTRPG「終末論セカイ計画-Project Eschatology-」頒布予定です！
今回のTRPGは既存うちよそPCの「終末if」を遊べるシステムになっております。
大切なうちよそを終末世界に放り込んで、極限状態による""可哀そうで可愛い""、や、ふたりぼっちが築いた特別な関係性とシチュエーションを、是非お手に取って楽しんでいただけますと幸いです！",https://gamemarket.jp/booth/game/7031,ok,0
1357,Schizoidfox and,日曜 - X016,一般日曜,https://gamemarket.jp/booth/1333,1333,ok,"主にオリジナルTRPGを作っています。
80年代以降のアナログゲーム好きが集まってオリジナルTRPG作品やら何やら雑多に販売します。",https://gamemarket.jp/booth/game/1333,ok,0
1358,六畳間幻想空間,日曜 - X018,一般日曜,https://gamemarket.jp/booth/3299,3299,ok,"首都圏を中心に活動するTRPG創作サークル。
2016年に頒布開始したスチームパンク飛空艇TRPG「歯車の塔のスカイノーツ」は、過去のインディーズTRPGシステムの中でも有数の売上部数を誇る大ヒット作となりました。
その他、森と魔法のナチュラルRPG「翠緑のフローリア」、レシプロ飛行艇空戦RPG「チェレステ色のパラディーゾ」、ドタバタ魔王軍TRPG「ヴィランズクエスト」など、
＂胸踊るちょっと変わった日常＂
をテーマに、同人TRPGシステムを中心に展開中です！",https://gamemarket.jp/booth/game/3299,ok,0
1359,あかつきのさなぎ,日曜 - X019,一般日曜,https://gamemarket.jp/booth/5491,5491,ok,椛木サヤ(Saya Momiki)と小山内 真人(Makoto Osanai)の二名で活動するCoC中心シナリオサークルです☽･:*,https://gamemarket.jp/booth/game/5491,ok,0
1360,アルゴラインズ,日曜 - X020,一般日曜,https://gamemarket.jp/booth/3118,3118,ok,"ドラゴンキャッスルズRPGシリーズ
超短10分シナリオを準備しています！",https://gamemarket.jp/booth/game/3118,ok,25
1361,NEW GAME PLUS 同人部,日曜 - X021,一般日曜,https://gamemarket.jp/booth/7041,7041,ok,,https://gamemarket.jp/booth/game/7041,ok,0
1362,ROUTE50,日曜 - X022,一般日曜,https://gamemarket.jp/booth/5807,5807,ok,"メンバーのそれぞれが作った新作TRPGを販売します。
新作
地熱龍より愛をこめて
(B5/P40/1000円）
龍×迷宮×銭湯
日常描写型TRPG『十色デコレート』
(B5/P148/2000円）
異能×日常×青春
既刊持ち込み
走行銭湯経営TRPG
『湯煙より愛をこめて』
(B5/P32/1000円)
戦闘讃歌TRPG
『遠き道のセントリレク』
(A5/P68/1000円）",https://gamemarket.jp/booth/game/5807,ok,3
1363,I was game,日曜 - X023,一般日曜,https://gamemarket.jp/booth/1819,1819,ok,,https://gamemarket.jp/booth/game/1819,ok,2
1364,自由奔堂,日曜 - X024,一般日曜,https://gamemarket.jp/booth/6256,6256,ok,ほそぼそとシナリオを作成してたりするサークルです。,https://gamemarket.jp/booth/game/6256,ok,4
1365,はてなべテーブル,日曜 - X025,一般日曜,https://gamemarket.jp/booth/7028,7028,ok,"オリジナルのアナログゲームを企画・制作する同人サークルです！今回はオリジナルのTRPGシステムを持ってきました！初出展となりますが、ぜひぜひお立ち寄り下さい！！
販売予定作品／『楽譜改変RPGドラマコード』",https://gamemarket.jp/booth/game/7028,ok,0
1366,FEATURE!,日曜 - X026,一般日曜,https://gamemarket.jp/booth/3799,3799,ok,"『デッドラインヒーローズRPG』&『ブラックジャケットRPG』非公式シナリオアンソロジー企画。
同作に登場するヴィラン組織別のシナリオアンソロジー第一弾。
第二弾では
『デッドラインヒーローズRPG』より
・カーニバル
・百寄夜會
『ブラックジャケットRPG』より
・ドールハウス
・盤外視座
に FEATURE! したシナリオ集を頒布します。",https://gamemarket.jp/booth/game/3799,ok,0
1367,たかやま屋,日曜 - X028,一般日曜,https://gamemarket.jp/booth/6423,6423,ok,ゆうやけこやけのシナリオを頒布予定です。,https://gamemarket.jp/booth/game/6423,ok,0
1368,Inside Rain,日曜 - X029,一般日曜,https://gamemarket.jp/booth/6530,6530,ok,"雨漏りのする製作所で活動中！
頒布会初参加！ソード・ワールド2.5 非公式シナリオアンソロジー頒布します！
＜当日頒布予定物一覧＞
(1)〈準新刊〉辺境ギルド天守亭の掲示板 vol.1 700円
(2)〈新刊〉辺境ギルド天守亭の掲示板 vol.2 1000円
(3)〈購入者特典〉ゆる～い魔物ステッカー全2種
(4)〈無料頒布〉あるタビットの学者によるアルフレイムの言語に関する雑記
vol. 1＆2同時購入で割引価格1500円で頒布予定！",https://gamemarket.jp/booth/game/6530,ok,0
1369,クレメリア情報局,日曜 - X030,一般日曜,https://gamemarket.jp/booth/6087,6087,ok,"ファンタジーTRPGの金字塔。ソード・ワールド2.5（SW2.5/ソドワ）で遊ぶ人たちによってつくられたサークルです。
オリジナル大陸【クレメリア】を舞台に、ソード・ワールド2.5のワクワクをお届けします！
【お品書き】(記載本の価格はすべて2000円均一です。)
・クレメリアスタートガイド（ゲームマーケット2024秋に頒布したクレメリアシリーズの第一弾！初めてクレメリアを遊ぶ方に！）
・クレメリアテイルズVol.1_イスティアン旅立ちの風(クレメリアのイスティアン地方を舞台にした博物誌風シナリオブック！)
・クレメリアテイルズVol.2_カストナーク鋼の探求心(今度の舞台は砂漠！カストナーク地方を駆ける博物誌風シナリオブック！)",https://gamemarket.jp/booth/game/6087,ok,2
1370,あどあすとら,日曜 - X031,一般日曜,https://gamemarket.jp/booth/6355,6355,ok,,https://gamemarket.jp/booth/game/6355,ok,0
1371,たけのこ邸,日曜 - X032,一般日曜,https://gamemarket.jp/booth/5189,5189,ok,,https://gamemarket.jp/booth/game/5189,ok,0
1372,あらぶり屋,日曜 - X033,一般日曜,https://gamemarket.jp/booth/7038,7038,ok,,https://gamemarket.jp/booth/game/7038,ok,0
1373,しゃちほこの尾びれ亭,日曜 - X034,一般日曜,https://gamemarket.jp/booth/5794,5794,ok,"ソード・ワールド2.5（SW2.5/ソドワ）が大好きです。
ソード・ワールド2.5の同人誌を頒布します！",https://gamemarket.jp/booth/game/5794,ok,4
1374,ラムダ・プランニング,日曜 - X035,一般日曜,https://gamemarket.jp/booth/7042,7042,ok,,https://gamemarket.jp/booth/game/7042,ok,0
1375,九十九亭,日曜 - X036,一般日曜,https://gamemarket.jp/booth/3560,3560,ok,TRPGのルールやシナリオ作成、翻訳などを行っています。,https://gamemarket.jp/booth/game/3560,ok,0
1376,すみれのひとふさ亭,日曜 - X037,一般日曜,https://gamemarket.jp/booth/5934,5934,ok,"D&D5e(5eTRPG)で四足歩行生物PCを作って遊ぶサプリメント本を頒布します。
ミニチュアフィギュアも販売予定です。",https://gamemarket.jp/booth/game/5934,ok,0
1377,クリティカルキャンプ,日曜 - X038,一般日曜,https://gamemarket.jp/booth/7010,7010,ok,D&Dでも遊べる5eシステムのアドベンチャー集を頒布します。,https://gamemarket.jp/booth/game/7010,ok,0
1378,豆鉄砲対策室,日曜 - X039,一般日曜,https://gamemarket.jp/booth/6671,6671,ok,,https://gamemarket.jp/booth/game/6671,ok,0
1379,凛として賢犬,日曜 - X040,一般日曜,https://gamemarket.jp/booth/4122,4122,ok,ダブルクロスのシナリオ集を頒布します。,https://gamemarket.jp/booth/game/4122,ok,0
1380,伊-No.3,日曜 - X041,一般日曜,https://gamemarket.jp/booth/7023,7023,ok,ダブルクロスThe3rdEditionの同人シナリオ集、グッズを頒布します。,https://gamemarket.jp/booth/game/7023,ok,0
1381,どぶ川出版,日曜 - X042,一般日曜,https://gamemarket.jp/booth/2763,2763,ok,ダブルクロス3rd中心としたシナリオ作成サークル,https://gamemarket.jp/booth/game/2763,ok,0
1382,陝ｷ驕捺･ｽ,日曜 - X043,一般日曜,https://gamemarket.jp/booth/4121,4121,ok,"「北極星は光り輝く。まるで自分が宇宙の中心であるかのように。」
CoCシナリオ「救星のポラリス」の製本版を頒布いたします！
製本版ではシナリオの微調整とNPC設定詳細を加えた完全版となりますので、ご来場の際は是非お手にとっていただければと幸いです！
当日はよろしくお願いいたします！！",https://gamemarket.jp/booth/game/4121,ok,0
1383,レイメイキママ,日曜 - X044,一般日曜,https://gamemarket.jp/booth/7035,7035,ok,,https://gamemarket.jp/booth/game/7035,ok,0
1384,Salon de Creer,日曜 - X045,一般日曜,https://gamemarket.jp/booth/4472,4472,ok,TRPGの同人シナリオ、主にダブルクロスThe 3rd Editionのシナリオを頒布するサークルです。,https://gamemarket.jp/booth/game/4472,ok,0
1385,くるみ王国,日曜 - X046,一般日曜,https://gamemarket.jp/booth/4117,4117,ok,ダブルクロス the 3rd edtitionのオリジナルシナリオを新刊1冊・既刊2冊頒布します。,https://gamemarket.jp/booth/game/4117,ok,0
1386,こわけ工房,日曜 - X047,一般日曜,https://gamemarket.jp/booth/7008,7008,ok,"ダブルクロスthe3rdEdition
覚醒シナリオ集、シンドローム缶バッジ各種があります。",https://gamemarket.jp/booth/game/7008,ok,0
1387,そんなことないだろう,日曜 - X048,一般日曜,https://gamemarket.jp/booth/7013,7013,ok,ダブルクロス The 3rd Editionのオリジナルシナリオの書籍版を頒布しています！,https://gamemarket.jp/booth/game/7013,ok,0
1388,源十朗シナリオ屋,日曜 - X049,一般日曜,https://gamemarket.jp/booth/7014,7014,ok,DX3rdのオリジナルシナリオがあります。,https://gamemarket.jp/booth/game/7014,ok,0
1389,K's伝奇,日曜 - X050,一般日曜,https://gamemarket.jp/booth/7015,7015,ok,"今回初参加となる個人サークルです。
DX3rdのオリジナルシナリオをご用意いたしました。",https://gamemarket.jp/booth/game/7015,ok,0
1390,望月幻奏楽団,日曜 - X051,一般日曜,https://gamemarket.jp/booth/4482,4482,ok,"小さな同人音楽サークル「望月幻奏楽団（もちづきげんそうがくだん）」です。
ダブルクロス The 3rd Editionを中心に、TRPGのセッションで使えるBGM素材CDを頒布しています。",https://gamemarket.jp/booth/game/4482,ok,0
1391,金魚姫と筆字絵,日曜 - X052,一般日曜,https://gamemarket.jp/booth/5675,5675,ok,"ダブルクロスとケダモノオペラのシナリオ本を頒布します！
今回のダブルクロスのテーマは学園もの！通常ステージとアカデミアステージで遊べるCPを2本収録してます！
前作も少し出しますのでぜひブースに立ち寄って下さい！！",https://gamemarket.jp/booth/game/5675,ok,0
1392,深遠の水底,日曜 - X053,一般日曜,https://gamemarket.jp/booth/5314,5314,ok,DX3rdの同人シナリオを頒布しています。,https://gamemarket.jp/booth/game/5314,ok,0
1393,メメントスモリコーラ,日曜 - X054,一般日曜,https://gamemarket.jp/booth/4327,4327,ok,メメントスモリコーラです。いろんなシステムのシナリオを頒布しています。,https://gamemarket.jp/booth/game/4327,ok,4
1394,UEC-TRPG同好会,日曜 - X055,一般日曜,https://gamemarket.jp/booth/4650,4650,ok,"UEC準公認サークル『UEC-TRPG同好会』です。
CoC、DX3rdなどのシナリオを製作しています。",https://gamemarket.jp/booth/game/4650,ok,1
1395,あかつきライブラリー,日曜 - X056,一般日曜,https://gamemarket.jp/booth/3623,3623,ok,"好きなものを好きなように好き勝手に。
ダブルクロス3rd、シノビガミ
その他作りたいと思ったもの、なんでも置きます",https://gamemarket.jp/booth/game/3623,ok,0
1396,3D6,日曜 - X057,一般日曜,https://gamemarket.jp/booth/1125,1125,ok,"こんにちは、サークル3D6です。
2026春は、新作ダブルクロスシナリオ『Scarlet Sacrifice』を頒布予定です。
その他、既刊・旧作の『遊び人がやりました』、『生と死の輪舞曲』、『教えて！CloverPrince！』などをお持ちする予定です。
皆様とお会いできることを楽しみにしております！",https://gamemarket.jp/booth/game/1125,ok,9
1397,ふか商黒狸支店,日曜 - X058,一般日曜,https://gamemarket.jp/booth/7016,7016,ok,,https://gamemarket.jp/booth/game/7016,ok,0
1398,SuNaHori Games (スナホリゲームズ),日曜 - 横001,一般日曜,https://gamemarket.jp/booth/7080,7080,ok,"2026年秋初出展サークルです！
今回はチャック横丁にて、手札えらびと予想がカギを握る競馬風カードゲーム、「ウマピタ!!」を頒布します！
ぜひお手にとって下さい！",https://gamemarket.jp/booth/game/7080,ok,1
1399,トーカイ屋,日曜 - 横002,一般日曜,https://gamemarket.jp/booth/2634,2634,ok,"「とりあえず、コレやってみようか」
ゲーム会などで最初に手に取ってもらえるようなゲームが作りたいです。",https://gamemarket.jp/booth/game/2634,ok,6
1400,ボドゲ廃,日曜 - 横003,一般日曜,https://gamemarket.jp/booth/7081,7081,ok,,https://gamemarket.jp/booth/game/7081,ok,0
1401,富士家商店,日曜 - 横004,一般日曜,https://gamemarket.jp/booth/5979,5979,ok,,https://gamemarket.jp/booth/game/5979,ok,0
1402,のざわな,日曜 - 横005,一般日曜,https://gamemarket.jp/booth/7082,7082,ok,,https://gamemarket.jp/booth/game/7082,ok,0
1403,JET創遊社,日曜 - 横006,一般日曜,https://gamemarket.jp/booth/6309,6309,ok,卓上を映画スクリーンに変える『卓遊電影工房』発足！第一作は、カードの同時公開とダイスで熱い駆け引きを生む、爽快アメフト・アクション頭脳戦です。,https://gamemarket.jp/booth/game/6309,ok,0
1404,TsukubaGames,日曜 - 横007,一般日曜,https://gamemarket.jp/booth/1847,1847,ok,"TsukubaGamesは 博のり(HIRO-NORI) の個人サークルです。
グループSNE第1回ゲームコンテスト1次通過
「アーカムデコーダーズクラブ」デザイン。
グループSNE第3回ゲームコンテスト佳作
「サムライVSシノビ オブザデット」デザイン。
「ナイチンゲールはオレの嫁」(2016年)製作。
「THEプロレス王」(2018年)製作。
イラストの才能はありませんが、頑張って生きています。",https://gamemarket.jp/booth/game/1847,ok,17
1405,初心者も安心♪髪色ネイル自由!!,日曜 - 横008,一般日曜,https://gamemarket.jp/booth/5996,5996,ok,,https://gamemarket.jp/booth/game/5996,ok,0
1406,オーノワークス,日曜 - 横009,一般日曜,https://gamemarket.jp/booth/5997,5997,ok,"・親しみやすくユニークなゲームつくりをモットーに活動中！
・ボードゲーム制作サークル「ボドゲイム」のグラフィック担当の個人サークルです
・２作品目「ユビさしぬり絵」を２５年秋ゲムマで発売予定！",https://gamemarket.jp/booth/game/5997,ok,3
1407,藤らぼ,日曜 - 横010,一般日曜,https://gamemarket.jp/booth/6615,6615,ok,"2026年春初出展
１人出展でしか出来ないチャレンジをしていきたいと思います。",https://gamemarket.jp/booth/game/6615,ok,1
1408,与儀新一,日曜 - 横011,一般日曜,https://gamemarket.jp/booth/5738,5738,ok,ゲームデザイン、ディベロップをしている与儀新一の個人ブースです。代表作は「天下鳴動」（ホビージャパン）、近作は「プレコグニティヴＸ」です。,https://gamemarket.jp/booth/game/5738,ok,1
1409,三角寺工房～悠々司的～,日曜 - 横012,一般日曜,https://gamemarket.jp/booth/7083,7083,ok,,https://gamemarket.jp/booth/game/7083,ok,0
1410,いるかのおしゅしやさん,日曜 - 横013,一般日曜,https://gamemarket.jp/booth/6403,6403,ok,伝説の平成ギャル男雑誌のキャッチコピーを作ろう！わいわい盛り上がる大喜利ゲームです！,https://gamemarket.jp/booth/game/6403,ok,1
1411,くりあれすと,日曜 - 横014,一般日曜,https://gamemarket.jp/booth/6307,6307,ok,,https://gamemarket.jp/booth/game/6307,ok,2
1412,寿寿ゲームズ,日曜 - 横015,一般日曜,https://gamemarket.jp/booth/7084,7084,ok,"寿寿(ジュジュゲームズ)です。
これからいろんなゲームを作成していく予定です。
よろしくお願いいたします。",https://gamemarket.jp/booth/game/7084,ok,1
1413,交通占い,日曜 - 横016,一般日曜,https://gamemarket.jp/booth/6598,6598,ok,"交通占い
無料体験中
所要時間3分
占いキット販売500円
6歳以上 / 3人用です",https://gamemarket.jp/booth/game/6598,ok,1
1414,みかんセカンド,日曜 - 横017,一般日曜,https://gamemarket.jp/booth/7085,7085,ok,,https://gamemarket.jp/booth/game/7085,ok,0
1415,ナゴリビ,日曜 - 横018,一般日曜,https://gamemarket.jp/booth/6667,6667,ok,,https://gamemarket.jp/booth/game/6667,ok,0
1416,テーブルゲーム同好海図,日曜 - 横019,一般日曜,https://gamemarket.jp/booth/7086,7086,ok,,https://gamemarket.jp/booth/game/7086,ok,0
1417,コタニ（from teamOJyO）,日曜 - 横020,一般日曜,https://gamemarket.jp/booth/7087,7087,ok,,https://gamemarket.jp/booth/game/7087,ok,0
1418,メタルスピード,日曜 - 横021,一般日曜,https://gamemarket.jp/booth/7088,7088,ok,,https://gamemarket.jp/booth/game/7088,ok,0
1419,ヒノマルゲームズ,日曜 - 横022,一般日曜,https://gamemarket.jp/booth/6234,6234,ok,自分達が「欲しい！」と思えるゲームを制作します！,https://gamemarket.jp/booth/game/6234,ok,2
1420,よりみちゲームス,日曜 - 横023,一般日曜,https://gamemarket.jp/booth/6683,6683,ok,"墨田区押上、スカイツリーから徒歩10分のコミュニティスペース「よりみち自由室」から生まれたボードゲームブランド🎲
ただ「面白い」だけではない、別の価値を持ったゲームを制作しています♟",https://gamemarket.jp/booth/game/6683,ok,1
1421,にこみ亭,日曜 - 横024,一般日曜,https://gamemarket.jp/booth/7092,7092,ok,TRPGシナリオを販売します。,https://gamemarket.jp/booth/game/7092,ok,0
1422,スタジオAloudysあらうでぃーず,日曜 - 横025,一般日曜,https://gamemarket.jp/booth/7089,7089,ok,,https://gamemarket.jp/booth/game/7089,ok,0
1423,星読み屋,日曜 - 横026,一般日曜,https://gamemarket.jp/booth/7090,7090,ok,,https://gamemarket.jp/booth/game/7090,ok,0
1424,椿井性ソリティア理論,日曜 - 横027,一般日曜,https://gamemarket.jp/booth/7091,7091,ok,,https://gamemarket.jp/booth/game/7091,ok,0
1425,小雨謎傘,日曜 - 横028,一般日曜,https://gamemarket.jp/booth/7093,7093,ok,,https://gamemarket.jp/booth/game/7093,ok,0
1426,カナイ製作所,日曜 - Z003,一般日曜,https://gamemarket.jp/booth/1164,1164,ok,オリジナルアナログゲームの制作を行っております。,https://gamemarket.jp/booth/game/1164,ok,3
1427,どらこにあん,日曜 - Z004,一般日曜,https://gamemarket.jp/booth/1755,1755,ok,オリジナルシステム、シナリオ集、グッズ等を頒布します。,https://gamemarket.jp/booth/game/1755,ok,0
