区分,出展日,ブース番号,ブース名,ブースURL,ブースロゴURL,X,ゲーム名,概要,価格,プレイ人数,プレイ時間,予約,予約リンク,詳細URL,試遊,新作,情報源,画像URL,画像備考
企業エリア,両日,エリア-01,GEOGAMES,https://gamemarket.jp/booth/3867,https://img.gamemarket.jp/20240821_145023_rogo_2.jpg,https://x.com/GeojapanTokyo,ピックアップル,GEO GAMESの新作。子どもと一緒に遊べるボードゲーム,,,,情報なし,,https://x.com/GeojapanTokyo/status/2107383121343914470,,新作,公式X,https://pbs.twimg.com/media/HT7jD0haMAA4fEI.jpg,
企業エリア,両日,エリア-02,株式会社メガハウス,https://gamemarket.jp/booth/4828,https://unavatar.io/x/MegaHouse_toy,https://x.com/MegaHouse_toy,投資番付（試遊会）,投資をモチーフにしたボードゲームの試遊会を実施,,,,情報なし,,https://x.com/MegaHouse_toy/status/2106217689085891071,あり,,公式X,https://pbs.twimg.com/media/HTnScX6bcAA8eJp.jpg,
企業エリア,両日,エリア-03,リゴレ,https://gamemarket.jp/booth/2822,https://unavatar.io/x/rigoler_,https://x.com/rigoler_,トゥーミー！,「逆しぼりこみ系」言葉当て協力ゲーム。冬発売予定をゲムマで先行販売,,,,情報なし,,https://x.com/rigoler_/status/2106716832552173717,,新作,公式X,https://pbs.twimg.com/media/HTyL4aLagAAyXxd.jpg,
企業エリア,両日,エリア-03,リゴレ,https://gamemarket.jp/booth/2822,https://unavatar.io/x/rigoler_,https://x.com/rigoler_,グロミア,炎の精霊グロミアのゲーム（ゲムマ初出し）,,,,情報なし,,https://x.com/rigoler_/status/2106009175499382910,,,公式X,https://pbs.twimg.com/media/HToMLOdawAAJFrM.jpg,
企業エリア,両日,エリア-06,ブックオフ(BOOKOFF),https://gamemarket.jp/booth/4224,https://unavatar.io/x/bookoffgamema,https://x.com/bookoffgamema,リアル競りゲーム（オークション）,ビギナー・ミドル・コアの3コースのお楽しみイベント,,,,情報なし,,https://x.com/bookoffgamema/status/2104858729644761095,,,公式X,https://pbs.twimg.com/media/HTSpuAYaYAAZNeE.jpg,
企業エリア,両日,エリア-07,トキキル,https://gamemarket.jp/booth/5145,https://unavatar.io/x/tokiqil,https://x.com/tokiqil,K.オノマトペ,オノマトペでレシピを伝える、伝達制限協力ゲーム。,"3,000円",2〜11人,10〜10分,情報なし,,https://x.com/tokiqil/status/2103816864799301987?s=46&t=gOrKoN0ZrxTBMsphvD1M2Q,あり,新作,公式X,https://storage.googleapis.com/bodogego_public/creator_event/game_market_2026_autumn/game/%E3%83%88%E3%82%AD%E3%82%AD%E3%83%AB_K.%E3%82%AA%E3%83%8E%E3%83%9E%E3%83%88%E3%83%9A.jpg,
企業エリア,両日,エリア-07,トキキル,https://gamemarket.jp/booth/5145,https://unavatar.io/x/tokiqil,https://x.com/tokiqil,Q.●▲★■,バラバラ、スッキリ、ひとつなぎ。誰でも正解できるクイズ、ただしグチ…,"3,000円",3〜12人,10〜10分,情報なし,,https://x.com/tokiqil/status/2070444334898708607?s=46&t=gOrKoN0ZrxTBMsphvD1M2Q,あり,,公式X,https://storage.googleapis.com/bodogego_public/creator_event/game_market_2026_autumn/game/%E3%83%88%E3%82%AD%E3%82%AD%E3%83%AB_Q.%E2%97%8F%E2%96%B2%E2%98%85%E2%96%A0.jpg,
企業エリア,両日,エリア-07,トキキル,https://gamemarket.jp/booth/5145,https://unavatar.io/x/tokiqil,https://x.com/tokiqil,ROUNDEAD,実際の回転台を使用した、新感覚デスゲーム。,"6,500円",2〜6人,10〜20分,情報なし,,https://x.com/tokiqil/status/2054167498380189969/video/1?s=46,あり,,公式X,https://storage.googleapis.com/bodogego_public/creator_event/game_market_2026_autumn/game/%E3%83%88%E3%82%AD%E3%82%AD%E3%83%AB_ROUNDEAD.jpg,
企業エリア,両日,エリア-07,トキキル,https://gamemarket.jp/booth/5145,https://unavatar.io/x/tokiqil,https://x.com/tokiqil,Q.●▲★■ 拡張セット ブーバパーティー/クイズキキ,Q.●▲★■をより楽しめる、拡張セットが2種類登場！,"2,000円",3〜12人,10〜10分,情報なし,,https://x.com/tokiqil/status/2103822529077084263?s=46&t=gOrKoN0ZrxTBMsphvD1M2Q,,新作,ボドゲゴー,https://storage.googleapis.com/bodogego_public/creator_event/game_market_2026_autumn/game/%E3%83%88%E3%82%AD%E3%82%AD%E3%83%AB_Q.%E2%97%8F%E2%96%B2%E2%98%85%E2%96%A0_%E6%8B%A1%E5%BC%B5%E3%82%BB%E3%83%83%E3%83%88_%E3%83%96%E3%83%BC%E3%83%90%E3%83%91%E3%83%BC%E3%83%86%E3%82%A3%E3%83%BC_%E3%82%AF%E3%82%A4%E3%82%BA%E3%82%AD%E3%82%AD.jpg,
企業エリア,両日,エリア-08,（株）ナナトリー/Mob+,https://gamemarket.jp/booth/2516,https://unavatar.io/x/mobplus_mobgame,https://x.com/mobplus_mobgame,COMEON!,『カモン！』その声に悪魔は応える。,"¥2,000",3〜6人,15〜15分,可,https://forms.gle/dq4LH5EF5qz8gMXG8,https://gamemarket.jp/game/189417,,新作,公式サイト,https://img.gamemarket.jp/20260927_164902_%E3%83%8F%E3%82%9A%E3%82%B1%E8%A1%A81.png,
企業エリア,両日,エリア-09,ジーピー,https://gamemarket.jp/booth/1017,https://unavatar.io/x/gpinc_jp,https://x.com/gpinc_jp,ヒットスター アニソン,ゲムマで先行販売。非売品ステッカー付き,,,,情報なし,,https://x.com/gpinc_jp/status/2106916706031731194,,新作,公式X,https://pbs.twimg.com/media/HT1Fk51bEAAbW8w.jpg,
企業エリア,両日,エリア-11,14games,https://gamemarket.jp/booth/4537,https://unavatar.io/x/14games_,https://x.com/14games_,フォッシリウム,先史時代の化石で満ちた 自分だけの博物館を経営しましょう！,"¥9,000",1〜4人,60〜120分,可,https://docs.google.com/forms/d/e/1FAIpQLScBduwEt4cAqjfKFmJLdh00R-5hvmz67hq0_eFkvWS0LkKHYw/viewform?usp=header,https://gamemarket.jp/game/189458,,新作,公式サイト,https://img.gamemarket.jp/20260929_145244_S__144638091.jpg,
企業エリア,両日,エリア-11,14games,https://gamemarket.jp/booth/4537,https://unavatar.io/x/14games_,https://x.com/14games_,エレメンティカ,チップを使った新感覚デッキビルド、陣取りしながら魔力を産出するプラ…,"8,000円",1〜4人,60〜100分,情報なし,,https://gamemarket.jp/game/187825,,,公式サイト,https://storage.googleapis.com/bodogego_public/creator_event/game_market_2026_spring/game/14games_%E3%82%A8%E3%83%AC%E3%83%A1%E3%83%B3%E3%83%86%E3%82%A3%E3%82%AB.jpg,
企業エリア,両日,エリア-13,スピカデザイン&遭遇設計,https://gamemarket.jp/booth/5714,https://img.gamemarket.jp/20260928_171948_Spica&Souguu.jpg,https://x.com/sinpost2,タテ様ヨコ様,自分だけ生き残るため、禁忌を破れ。,"¥2,000",2〜6人,15〜15分,可,https://forms.gle/b3vFJFNUoJ8huYmK9,https://gamemarket.jp/game/189504,,新作,公式サイト,https://img.gamemarket.jp/20261001_012421_%E3%82%B2%E3%83%A0%E3%83%9E%E4%BD%9C%E5%93%81.jpg,
企業エリア,両日,エリア-15,イブインク（Ibuink）,https://gamemarket.jp/booth/5398,https://unavatar.io/x/Ibu_ink,https://x.com/Ibu_ink,イカサマカルタ,,"¥2,000",2〜6人,10〜10分,不可,,https://gamemarket.jp/game/188915,,新作,公式サイト,https://img.gamemarket.jp/20260904_101810_%E3%82%B9%E3%82%AF%E3%83%AA%E3%83%BC%E3%83%B3%E3%82%B7%E3%83%A7%E3%83%83%E3%83%88%202026-09-04%20093400.png,
企業エリア,両日,エリア-16,Sui Works,https://gamemarket.jp/booth/4768,https://unavatar.io/x/SuiWorks_dtp,https://x.com/SuiWorks_dtp,RATORO ラトーロ,ワーカープレイスメント × セットコレクションの中量級ボードゲーム！,"¥4,200",2〜4人,30〜60分,不可,,https://gamemarket.jp/game/180607,,新作,公式サイト,https://img.gamemarket.jp/20240819_225243_%E7%AC%A6%E4%BA%80_Box_A5-01.png,
企業エリア,両日,エリア-16,Sui Works,https://gamemarket.jp/booth/4768,https://unavatar.io/x/SuiWorks_dtp,https://x.com/SuiWorks_dtp,Under Delvers アンダーデルヴァーズ,地下深くに眠る巨大な遺跡へ。小さな探検隊、いざ出発。 プレイヤーは…,"4,500円",2〜4人,30〜60分,不可,,https://gamemarket.jp/game/189426,,新作,公式サイト,https://img.gamemarket.jp/20260927_211422_UD_%E3%83%9C%E3%83%83%E3%82%AF%E3%82%B9-01.png,
企業エリア,両日,エリア-17,LIQUOR GAMERS CLUB｜サントリー,https://gamemarket.jp/booth/4829,https://unavatar.io/x/LGC__official,https://x.com/LGC__official,バーシークレット,新作トークゲーム。3〜6人・20分,,,,情報なし,,https://x.com/LGC__official/status/2106992157726998540,,新作,公式X,https://pbs.twimg.com/media/HT1TtDQaUAAuocB.jpg,
企業エリア,両日,エリア-18,Smart Ape Games,https://gamemarket.jp/booth/4193,https://unavatar.io/x/SMARTAPEGAMES,https://x.com/SMARTAPEGAMES,アイスフォール｜ICEFALL,兄弟のコマを登らせて氷壁の頂上を目指すアイスクライミングレースゲーム！,"¥3,500",3〜5人,30〜45分,可,https://forms.gle/p3VugJHciDHmCQq18,https://gamemarket.jp/game/184994,,,公式サイト,https://img.gamemarket.jp/20260125_155608_if_sumb_994.png,
企業エリア,両日,エリア-19,KUMAGERA,https://gamemarket.jp/booth/6741,https://img.gamemarket.jp/20260903_160202_kumagera logo sideways official.png,,YOTEI（ヨーテイ）,街を育て、戦略で勝ち抜け！,"¥5,000",2〜4人,30〜45分,不可,,https://gamemarket.jp/game/188902,,新作,公式サイト,https://img.gamemarket.jp/20260908_152757_6729_TokyoGM_boothCut-01-01.png,
企業エリア,両日,エリア-21,ESPER GAME STUDIO,https://gamemarket.jp/booth/6538,https://img.gamemarket.jp/20260217_164334_Esper_Logo_Black.png,https://x.com/esper_bdg,DREAM HOPPERS／99x1,新作2作品の発売決定。ゲムマで試遊可,,,,情報なし,,https://x.com/esper_bdg/status/2107411156466123142,あり,新作,公式X,https://pbs.twimg.com/media/HT8HKl5aIAARU9z.jpg,
企業エリア,両日,エリア-22,ジャイアントホビー,https://gamemarket.jp/booth/1032,https://img.gamemarket.jp/20250220_110157_看板_Square.jpg,https://x.com/gianthobby,DORASURE 拡張「未来視の魔女２」,"HacKClaDコラボ第2弾。税込3,960円をゲムマで先行発売",,,,情報なし,,https://x.com/gianthobby/status/2107332506030907761,,新作,公式X,https://pbs.twimg.com/media/HT6_kufboAAvRDL.jpg,
企業エリア,両日,エリア-22,ジャイアントホビー,https://gamemarket.jp/booth/1032,https://img.gamemarket.jp/20250220_110157_看板_Square.jpg,https://x.com/gianthobby,DORASURE キャンペーンシナリオVol.1,"「時を渡りし邪竜の災禍」税込1,650円。ゲムマでも先行販売",,,,情報なし,,https://x.com/gianthobby/status/2107333289459810331,,新作,公式X,https://pbs.twimg.com/media/HT7AcYGbUAA2vLW.png,
企業エリア,両日,エリア-23,Engames,https://gamemarket.jp/booth/2427,https://unavatar.io/x/EngamesToyama,https://x.com/EngamesToyama,ボムバスターズ プロキット,ボムバスターズのコードがタイルになる拡張で、新たなミッションに挑もう！,"¥5,000",2〜5人,20〜30分,不可,,https://gamemarket.jp/game/189400,,新作,公式サイト,https://img.gamemarket.jp/20260926_204145_boite_BB_KITPRO_JP_dielines_page-0001%20(1).jpg,
企業エリア,両日,エリア-23,Engames,https://gamemarket.jp/booth/2427,https://unavatar.io/x/EngamesToyama,https://x.com/EngamesToyama,スペースラボ,ファラウェイのデザイナーコンビがお届けする軽量級カードゲーム！,"¥3,000",1〜4人,20〜20分,不可,,https://gamemarket.jp/game/189442,,新作,公式サイト,https://img.gamemarket.jp/20260928_173722_SpaceLab_Facing%20(1).png,
企業エリア,両日,エリア-24,ClaGla,https://gamemarket.jp/booth/2887,https://unavatar.io/x/ClaGlaLtd,https://x.com/ClaGlaLtd,ボドゲのどっちーな,あの人のボドゲ観を予想しよう！,"¥1,700",2〜10人,5〜30分,不可,,https://gamemarket.jp/game/189493,,新作,公式サイト,https://img.gamemarket.jp/20260930_160541_edit-44.jpg,
企業エリア,両日,エリア-24,ClaGla,https://gamemarket.jp/booth/2887,https://unavatar.io/x/ClaGlaLtd,https://x.com/ClaGlaLtd,どさんこワイド179 みんなでお絵かきですよ！,『お絵かきですよ！』がボードゲームに！,"¥4,200",2〜6人,10〜30分,不可,,https://gamemarket.jp/game/189492,,新作,公式サイト,https://img.gamemarket.jp/20260930_160359_edit-43.jpg,
企業エリア,両日,エリア-24,ClaGla,https://gamemarket.jp/booth/2887,https://unavatar.io/x/ClaGlaLtd,https://x.com/ClaGlaLtd,シアター系謎解き シネマ・ニューウェーブへようこそ ,,"¥1,500",1〜2人,40〜分,不可,,https://gamemarket.jp/game/189491,,新作,公式サイト,https://img.gamemarket.jp/20260930_160134_edit-42.jpg,
企業エリア,両日,エリア-25,ホビージャパン,https://gamemarket.jp/booth/1003,https://img.gamemarket.jp/20240517_171723_HJlogo_4c.jpg,https://x.com/HobbyJAPAN_GAME,ホビージャパン 出展情報まとめ,直販限定品などを掲載した出展情報ページを公開,,,,情報なし,,https://x.com/HobbyJAPAN_GAME/status/2103401622915162461,,,公式X,https://pbs.twimg.com/media/HTC9qrJbUAAa8BJ.jpg,
企業エリア,両日,エリア-25,ホビージャパン,https://gamemarket.jp/booth/1003,https://img.gamemarket.jp/20240517_171723_HJlogo_4c.jpg,https://x.com/HobbyJAPAN_GAME,アズール　コレクタータイルセット（青）,ホビージャパン直販限定品（既存品）,"1,200円",,,不可,,https://hobbyjapan.games/tgm2026a/,,,ホビージャパン公式サイト,https://hobbyjapan.games/wp-content/uploads/2020/11/azul-collector-s-tiles-set-2.png,
企業エリア,両日,エリア-25,ホビージャパン,https://gamemarket.jp/booth/1003,https://img.gamemarket.jp/20240517_171723_HJlogo_4c.jpg,https://x.com/HobbyJAPAN_GAME,アズール　コレクタータイルセット（赤）,ホビージャパン直販限定品（既存品）,"1,200円",,,不可,,https://hobbyjapan.games/tgm2026a/,,,ホビージャパン公式サイト,https://hobbyjapan.games/wp-content/uploads/2020/11/azul-collector-set-1.png,
企業エリア,両日,エリア-25,ホビージャパン,https://gamemarket.jp/booth/1003,https://img.gamemarket.jp/20240517_171723_HJlogo_4c.jpg,https://x.com/HobbyJAPAN_GAME,アズール　ジョーカータイル,ホビージャパン直販限定品（既存品）,"1,000円",,,不可,,https://hobbyjapan.games/tgm2026a/,,,ホビージャパン公式サイト,https://hobbyjapan.games/wp-content/uploads/2020/11/IMG_0109-768x768-1.jpg,
企業エリア,両日,エリア-25,ホビージャパン,https://gamemarket.jp/booth/1003,https://img.gamemarket.jp/20240517_171723_HJlogo_4c.jpg,https://x.com/HobbyJAPAN_GAME,アズール：サマーパビリオン　ボーナスカード,ホビージャパン直販限定品（既存品）,900円,,,不可,,https://hobbyjapan.games/tgm2026a/,,,ホビージャパン公式サイト,https://hobbyjapan.games/wp-content/uploads/2020/11/1ce9555b4ee7d844828865175eabd51d.jpg,
企業エリア,両日,エリア-25,ホビージャパン,https://gamemarket.jp/booth/1003,https://img.gamemarket.jp/20240517_171723_HJlogo_4c.jpg,https://x.com/HobbyJAPAN_GAME,インベンション：知の進化　Kickstarter Editi,ホビージャパン直販限定品（既存品）,"24,000円",,,不可,,https://hobbyjapan.games/tgm2026a/,,,ホビージャパン公式サイト,https://hobbyjapan.games/wp-content/uploads/2024/02/cff363c9ee4e36dea08f875411a6e7a6.jpg,
企業エリア,両日,エリア-25,ホビージャパン,https://gamemarket.jp/booth/1003,https://img.gamemarket.jp/20240517_171723_HJlogo_4c.jpg,https://x.com/HobbyJAPAN_GAME,インベンション：知の進化　アップグレードパック,ホビージャパン直販限定品（既存品）,"2,500円",,,不可,,https://hobbyjapan.games/tgm2026a/,,,ホビージャパン公式サイト,https://hobbyjapan.games/wp-content/uploads/2024/11/0accae8c757ce7424cb7f24006334ea1.jpg,
企業エリア,両日,エリア-25,ホビージャパン,https://gamemarket.jp/booth/1003,https://img.gamemarket.jp/20240517_171723_HJlogo_4c.jpg,https://x.com/HobbyJAPAN_GAME,インベンション：知の進化　プロモカード,ホビージャパン直販限定品（既存品）,500円,,,不可,,https://hobbyjapan.games/tgm2026a/,,,ホビージャパン公式サイト,https://hobbyjapan.games/wp-content/uploads/2024/11/010820eff0ee64d8b598ec23b7378f07.jpg,
企業エリア,両日,エリア-25,ホビージャパン,https://gamemarket.jp/booth/1003,https://img.gamemarket.jp/20240517_171723_HJlogo_4c.jpg,https://x.com/HobbyJAPAN_GAME,ガリレオ・ガリレイ　プロモ人物タイル「エドモンド・ハレー」,ホビージャパン直販限定品（既存品）,500円,,,不可,,https://hobbyjapan.games/tgm2026a/,,,ホビージャパン公式サイト,https://hobbyjapan.games/wp-content/uploads/2025/11/afb40764df7e9710eddb2fdeca69392f.jpg,
企業エリア,両日,エリア-25,ホビージャパン,https://gamemarket.jp/booth/1003,https://img.gamemarket.jp/20240517_171723_HJlogo_4c.jpg,https://x.com/HobbyJAPAN_GAME,キャット・イン・ザ・ボックス　ぬいぐるみ,ホビージャパン直販限定品（既存品）,"2,200円",,,不可,,https://hobbyjapan.games/tgm2026a/,,,ホビージャパン公式サイト,https://hobbyjapan.games/wp-content/uploads/2025/11/6e71e3350967cb45245fee3c893f5c9d.jpg,
企業エリア,両日,エリア-25,ホビージャパン,https://gamemarket.jp/booth/1003,https://img.gamemarket.jp/20240517_171723_HJlogo_4c.jpg,https://x.com/HobbyJAPAN_GAME,キャット・イン・ザ・ボックス　ピンバッジ,ホビージャパン直販限定品（既存品）,800円,,,不可,,https://hobbyjapan.games/tgm2026a/,,,ホビージャパン公式サイト,https://hobbyjapan.games/wp-content/uploads/2025/11/a2729733c3c920f9367990fc2fbe05aa.jpg,
企業エリア,両日,エリア-25,ホビージャパン,https://gamemarket.jp/booth/1003,https://img.gamemarket.jp/20240517_171723_HJlogo_4c.jpg,https://x.com/HobbyJAPAN_GAME,キング・オブ・トーキョー：デュエル　プレイヤーマット,ホビージャパン直販限定品（既存品）,"3,000円",,,不可,,https://hobbyjapan.games/tgm2026a/,,,ホビージャパン公式サイト,https://hobbyjapan.games/wp-content/uploads/2025/04/522185f87e95447aa1dfd1c37e9fe8f5.jpg,
企業エリア,両日,エリア-25,ホビージャパン,https://gamemarket.jp/booth/1003,https://img.gamemarket.jp/20240517_171723_HJlogo_4c.jpg,https://x.com/HobbyJAPAN_GAME,クイックサンド　デンジャーモード,ホビージャパン直販限定品（既存品）,500円,,,不可,,https://hobbyjapan.games/tgm2026a/,,,ホビージャパン公式サイト,https://hobbyjapan.games/wp-content/uploads/2023/11/ff61f19ae8c9026760e50ea3d8a20873.jpg,
企業エリア,両日,エリア-25,ホビージャパン,https://gamemarket.jp/booth/1003,https://img.gamemarket.jp/20240517_171723_HJlogo_4c.jpg,https://x.com/HobbyJAPAN_GAME,グロウ ～トモシビノタビ～　ダイストレイ,ホビージャパン直販限定品（既存品）,"3,000円",,,不可,,https://hobbyjapan.games/tgm2026a/,,,ホビージャパン公式サイト,https://hobbyjapan.games/wp-content/uploads/2023/04/DiceTray_Glow.jpg,
企業エリア,両日,エリア-25,ホビージャパン,https://gamemarket.jp/booth/1003,https://img.gamemarket.jp/20240517_171723_HJlogo_4c.jpg,https://x.com/HobbyJAPAN_GAME,コードネーム　ボーナスパック１「COOL JAPAN」,ホビージャパン直販限定品（既存品）,200円,,,不可,,https://hobbyjapan.games/tgm2026a/,,,ホビージャパン公式サイト,https://hobbyjapan.games/wp-content/uploads/2020/11/25e384f6f53ba9abf6e18bcf7363bee9.jpg,
企業エリア,両日,エリア-25,ホビージャパン,https://gamemarket.jp/booth/1003,https://img.gamemarket.jp/20240517_171723_HJlogo_4c.jpg,https://x.com/HobbyJAPAN_GAME,コードネーム　ボーナスパック２「JAPAN 2020」,ホビージャパン直販限定品（既存品）,200円,,,不可,,https://hobbyjapan.games/tgm2026a/,,,ホビージャパン公式サイト,https://hobbyjapan.games/wp-content/uploads/2022/03/3275a2868fba24aacf13c2eb474f7789-scaled.jpg,
企業エリア,両日,エリア-25,ホビージャパン,https://gamemarket.jp/booth/1003,https://img.gamemarket.jp/20240517_171723_HJlogo_4c.jpg,https://x.com/HobbyJAPAN_GAME,コードネーム：ピクチャーズ　プロモタイル,ホビージャパン直販限定品（既存品）,200円,,,不可,,https://hobbyjapan.games/tgm2026a/,,,ホビージャパン公式サイト,https://hobbyjapan.games/wp-content/uploads/2020/11/10e521630a83dec518164892fda57106.jpg,
企業エリア,両日,エリア-25,ホビージャパン,https://gamemarket.jp/booth/1003,https://img.gamemarket.jp/20240517_171723_HJlogo_4c.jpg,https://x.com/HobbyJAPAN_GAME,コロージョン　金属製クロム歯車,ホビージャパン直販限定品（既存品）,"1,000円",,,不可,,https://hobbyjapan.games/tgm2026a/,,,ホビージャパン公式サイト,https://hobbyjapan.games/wp-content/uploads/2022/09/90876d8362d0c8023c9aaf89f3061708.jpeg,
企業エリア,両日,エリア-25,ホビージャパン,https://gamemarket.jp/booth/1003,https://img.gamemarket.jp/20240517_171723_HJlogo_4c.jpg,https://x.com/HobbyJAPAN_GAME,スカイマイン　メタル・クリプトコイン,ホビージャパン直販限定品（既存品）,"1,000円",,,不可,,https://hobbyjapan.games/tgm2026a/,,,ホビージャパン公式サイト,https://hobbyjapan.games/wp-content/uploads/2022/09/2c619df7fc8fdca7d26a71046ed16c02.jpeg,
企業エリア,両日,エリア-25,ホビージャパン,https://gamemarket.jp/booth/1003,https://img.gamemarket.jp/20240517_171723_HJlogo_4c.jpg,https://x.com/HobbyJAPAN_GAME,スモールワールド　リバーワールド,ホビージャパン直販限定品（既存品）,"3,800円",,,不可,,https://hobbyjapan.games/tgm2026a/,,,ホビージャパン公式サイト,https://hobbyjapan.games/wp-content/uploads/2020/11/kobe-2.jpg,
企業エリア,両日,エリア-25,ホビージャパン,https://gamemarket.jp/booth/1003,https://img.gamemarket.jp/20240517_171723_HJlogo_4c.jpg,https://x.com/HobbyJAPAN_GAME,ハビタッツ　アップグレードミープル,ホビージャパン直販限定品（既存品）,"3,000円",,,不可,,https://hobbyjapan.games/tgm2026a/,,,ホビージャパン公式サイト,https://hobbyjapan.games/wp-content/uploads/2024/11/0c66b9878caf79160f548468781471f8.jpg,
企業エリア,両日,エリア-25,ホビージャパン,https://gamemarket.jp/booth/1003,https://img.gamemarket.jp/20240517_171723_HJlogo_4c.jpg,https://x.com/HobbyJAPAN_GAME,レジスタンス　「狼と犬」拡張セット,ホビージャパン直販限定品（既存品）,500円,,,不可,,https://hobbyjapan.games/tgm2026a/,,,ホビージャパン公式サイト,https://hobbyjapan.games/wp-content/uploads/2020/11/wolfanddog.jpg,
企業エリア,両日,エリア-25,ホビージャパン,https://gamemarket.jp/booth/1003,https://img.gamemarket.jp/20240517_171723_HJlogo_4c.jpg,https://x.com/HobbyJAPAN_GAME,ジュートバッグ　ジュートバッグ：ホビージャパン,ホビージャパン直販限定品（既存品）,"1,000円",,,不可,,https://hobbyjapan.games/tgm2026a/,,,ホビージャパン公式サイト,https://hobbyjapan.games/wp-content/uploads/2024/02/affd57d7b835ca070309b4ba841c94bf.jpg,
企業エリア,両日,エリア-26,KAMITSUBAKI STUDIO,https://gamemarket.jp/booth/6009,https://unavatar.io/x/kamitsubaki_tcg,https://x.com/kamitsubaki_tcg,KAMITSUBAKI CARD GAME 物販,カードゲーム物販とボードゲーム「KAMITSUBAKI FES」,,,,情報なし,,https://x.com/kamitsubaki_tcg/status/2099057518626668767,,,公式X,https://pbs.twimg.com/media/HSFZbVCbUAAiFnW.jpg,
企業エリア,両日,エリア-27,SUSABI GAMES,https://gamemarket.jp/booth/3111,https://unavatar.io/x/SusabiGames,https://x.com/SusabiGames,HacKClaD.DeltA（ハッククラッドデルタ）,デッキ構築×戦略SLG『HacKClaD』独立拡張セット。本作単体…,"7,200円",1〜4人,90〜120分,情報なし,,https://www.delta.hackclad.jp/,あり,,ボドゲゴー,https://storage.googleapis.com/bodogego_public/creator_event/game_market_2024_autumn/SUSABI%20GAMES_HacKClaD.DeltA%EF%BC%88%E3%83%8F%E3%83%83%E3%82%AF%E3%82%AF%E3%83%A9%E3%83%83%E3%83%89%E3%83%87%E3%83%AB%E3%82%BF%EF%BC%89.png,
企業エリア,両日,エリア-28,JELLY JELLY GROUP,https://gamemarket.jp/booth/1393,https://unavatar.io/x/jelly2games,https://x.com/jelly2games,ウィルモットさんの倉庫,思いえがくチカラでタイルをおぼえよう！,"¥4,500",2〜6人,20〜30分,不可,,https://gamemarket.jp/game/189712,,,公式サイト,https://img.gamemarket.jp/20261007_184915_%E3%82%A6%E3%82%A3%E3%83%AB%E3%83%A2%E3%83%83%E3%83%88%E3%81%95%E3%82%93%E3%81%AE%E5%80%89%E5%BA%AB%E7%95%AA%E3%83%8F%E3%82%99%E3%83%8A%E3%83%BC.jpg,
企業エリア,両日,エリア-28,JELLY JELLY GROUP,https://gamemarket.jp/booth/1393,https://unavatar.io/x/jelly2games,https://x.com/jelly2games,つくろう！ボードゲーム制作キット,遊びをつくる！つくるを楽しむ！,"¥3,300",1〜999人,5〜999分,不可,,https://gamemarket.jp/game/189710,,新作,公式サイト,https://img.gamemarket.jp/20261007_181957_%E3%83%9B%E3%82%99%E3%83%BC%E3%83%88%E3%82%99%E3%82%B1%E3%82%99%E3%83%BC%E3%83%A0%E5%88%B6%E4%BD%9C%E3%82%AD%E3%83%83%E3%83%88%E3%83%8F%E3%82%99%E3%83%8A%E3%83%BC%20.jpg,
企業エリア,両日,エリア-28,JELLY JELLY GROUP,https://gamemarket.jp/booth/1393,https://unavatar.io/x/jelly2games,https://x.com/jelly2games,ヘンケン単語帳：恋愛編,ラブなヘンケンを楽しむお手軽パーティーゲーム！,¥900,3〜8人,3〜5分,不可,,https://gamemarket.jp/game/189706,,新作,公式サイト,https://img.gamemarket.jp/20261007_175017_%E3%83%98%E3%83%B3%E3%82%B1%E3%83%B3%E6%81%8B%E6%84%9B%E7%B7%A8%E3%83%8F%E3%82%99%E3%83%8A%E3%83%BC%20(2).png,
企業エリア,両日,エリア-28,JELLY JELLY GROUP,https://gamemarket.jp/booth/1393,https://unavatar.io/x/jelly2games,https://x.com/jelly2games,ダストバイターズ,最後尾は地獄への特等席🚗☠️2人用世紀末カーチェイスゲーム！,"¥1,500",2人,10〜15分,不可,,https://gamemarket.jp/game/189022,,新作,公式サイト,https://img.gamemarket.jp/20260930_113224_%E3%82%BF%E3%82%99%E3%82%B9%E3%83%88%E3%83%8F%E3%82%99%E3%82%A4%E3%82%BF%E3%83%BC%E3%82%B9%E3%82%99%20%E6%A8%AA%E9%95%B7POP%20(1).png,
企業エリア,両日,エリア-28,JELLY JELLY GROUP,https://gamemarket.jp/booth/1393,https://unavatar.io/x/jelly2games,https://x.com/jelly2games,ダイスフルタウン,振ればふるほどワンダフル！街づくりダイスバトル！,"¥3,000",2〜4人,20〜30分,不可,,https://gamemarket.jp/game/189021,,新作,公式サイト,https://img.gamemarket.jp/20260930_110615_%E3%82%BF%E3%82%99%E3%82%A4%E3%82%B9%E3%83%95%E3%83%AB%E3%82%BF%E3%82%A6%E3%83%B3.png,
企業エリア,両日,エリア-29,アークライト,https://gamemarket.jp/booth/1001,https://unavatar.io/x/ArclightGames,https://x.com/ArclightGames,未開の星のミトラ,3つのヒントだけでお題を伝える協力クイズ,,2〜6人,10〜30分,情報なし,,https://gamemarket.jp/blog/199692,,新作,ブースブログ,https://arclightgames.jp/wp-content/uploads/tcd-w/logo-resized.png?1791433540,
企業エリア,両日,エリア-29,アークライト,https://gamemarket.jp/booth/1001,https://unavatar.io/x/ArclightGames,https://x.com/ArclightGames,バザールの商人たち,6分間の物々交換で利益を競う、大人のお店屋さんごっこ,,4〜8人,15〜30分,情報なし,,https://gamemarket.jp/blog/199692,あり,新作,ブースブログ,https://arclightgames.jp/wp-content/uploads/tcd-w/logo-resized.png?1791433545,
企業エリア,両日,エリア-29,アークライト,https://gamemarket.jp/booth/1001,https://unavatar.io/x/ArclightGames,https://x.com/ArclightGames,DOUBLE NINE,名作カードゲームのリメイク。寺田亨氏の原画を展示,,2〜6人,10〜20分,情報なし,,https://gamemarket.jp/blog/199692,,新作,ブースブログ,https://arclightgames.jp/wp-content/uploads/tcd-w/logo-resized.png?1791433542,
企業エリア,両日,エリア-29,アークライト,https://gamemarket.jp/booth/1001,https://unavatar.io/x/ArclightGames,https://x.com/ArclightGames,マジカル・アスリート,36体のレーサーが走るすごろくレース。巨大版で試遊,,2〜6人,30分,情報なし,,https://gamemarket.jp/blog/199692,あり,新作,ブースブログ,https://arclightgames.jp/wp-content/uploads/tcd-w/logo-resized.png?1791433543,
企業エリア,両日,エリア-30,ガリバー_勝手にボドゲ事業部,https://gamemarket.jp/booth/6326,https://unavatar.io/x/Gulliver_games,https://x.com/Gulliver_games,空想宝石図鑑,7種類のクリアカードを重ねて、図鑑に記された“幻の宝石”をつくるゲーム💎,"¥2,970",1〜4人,5〜20分,可,https://dcdm6.jp/gulliver/gamemarket/form/1,https://gamemarket.jp/game/189546,,新作,公式サイト,https://img.gamemarket.jp/20261002_123354_%E3%82%B9%E3%83%A9%E3%82%A4%E3%83%892.JPG,
企業エリア,両日,エリア-30,ガリバー_勝手にボドゲ事業部,https://gamemarket.jp/booth/6326,https://unavatar.io/x/Gulliver_games,https://x.com/Gulliver_games,ヒトスジナワ,線を繋げて輪をつくる協力ゲーム🪢,"¥2,530",2〜8人,5〜20分,可,https://dcdm6.jp/gulliver/gamemarket/form/1,https://gamemarket.jp/game/189545,,新作,公式サイト,https://img.gamemarket.jp/20261002_123210_%E3%82%B9%E3%83%A9%E3%82%A4%E3%83%893.JPG,
企業エリア,両日,エリア-30,ガリバー_勝手にボドゲ事業部,https://gamemarket.jp/booth/6326,https://unavatar.io/x/Gulliver_games,https://x.com/Gulliver_games,錬成大富豪,カードを重ねて錬成！場のカードよりも強い役をつくれ！,"¥2,530",2〜8人,5〜20分,可,https://dcdm6.jp/gulliver/gamemarket/form/1,https://gamemarket.jp/game/189544,,新作,公式サイト,https://img.gamemarket.jp/20261002_123032_%E3%82%B9%E3%83%A9%E3%82%A4%E3%83%891.JPG,
企業エリア,両日,エリア-31,バザールの商人たち,https://gamemarket.jp/booth/6742,https://img.gamemarket.jp/ogp.png,,バザールの商人たち（体験ブース）,ブース丸ごと使った専用体験セット。物販はエリア-29,,4〜8人,15〜30分,情報なし,,https://gamemarket.jp/blog/199692,あり,新作,ブースブログ,https://arclightgames.jp/wp-content/uploads/tcd-w/logo-resized.png?1791433546,
企業エリア,両日,エリア-32,Mandoo Games,https://gamemarket.jp/booth/6328,https://unavatar.io/x/iMandooGames,https://x.com/iMandooGames,『Right Now』ライトナウ ,タイミングを見極めて高得点を狙い、 勝利をつかもう！ 詩的なアートワークと一瞬で引き込まれるゲーム性に魅了される✨,"¥3,000",2〜5人,〜20分,可,https://docs.google.com/forms/d/e/1FAIpQLSdzeE0h8Es-FoCpcMPgIvnAJjB7D6tQkleRq61SbNQqqEpv6Q/viewform?usp=dialog,https://gamemarket.jp/game/189322,,新作,公式サイト,https://img.gamemarket.jp/20260922_180125_RN.png,
企業エリア,両日,エリア-32,Mandoo Games,https://gamemarket.jp/booth/6328,https://unavatar.io/x/iMandooGames,https://x.com/iMandooGames,『Restore』- リストア,ロボットを操り、相手を制して最高の街を築け。,"¥5,000",2人,〜20分,可,https://docs.google.com/forms/d/e/1FAIpQLSdzeE0h8Es-FoCpcMPgIvnAJjB7D6tQkleRq61SbNQqqEpv6Q/viewform?usp=dialog,https://gamemarket.jp/game/188826,,新作,公式サイト,https://img.gamemarket.jp/20260831_113806_R.jpg,
企業エリア,両日,エリア-32,Mandoo Games,https://gamemarket.jp/booth/6328,https://unavatar.io/x/iMandooGames,https://x.com/iMandooGames,『Blood Hunt』ブラッドハント ,静かな街に潜む吸血鬼たちの縄張り争い！2〜4人で楽しめる地区支配カードバトル！,"¥5,000",2〜4人,20〜35分,可,https://docs.google.com/forms/d/e/1FAIpQLSdzeE0h8Es-FoCpcMPgIvnAJjB7D6tQkleRq61SbNQqqEpv6Q/viewform?usp=dialog,https://gamemarket.jp/game/189128,,新作,公式サイト,https://img.gamemarket.jp/20260918_170008_BH.jpg,
企業エリア,両日,エリア-32,Mandoo Games,https://gamemarket.jp/booth/6328,https://unavatar.io/x/iMandooGames,https://x.com/iMandooGames,『Just Chillin』- ジャスト・チリン ,「激辛好き」のあなた、どこまで耐えられる？チリを押し付け合う白熱のカードバトル！,"¥3,000",1〜6人,〜20分,可,https://docs.google.com/forms/d/e/1FAIpQLSdzeE0h8Es-FoCpcMPgIvnAJjB7D6tQkleRq61SbNQqqEpv6Q/viewform?usp=dialog,https://gamemarket.jp/game/189060,,新作,公式サイト,https://img.gamemarket.jp/20260914_172008_JC.jpg,
企業エリア,両日,エリア-32,Mandoo Games,https://gamemarket.jp/booth/6328,https://unavatar.io/x/iMandooGames,https://x.com/iMandooGames,『The Clueless Club』ザ・クルーレス・クラブ,犯人は自分自身が犯人だと気づいていない！？手掛かりを繋ぎ合わせて真…,"5,000円",3〜6人,〜30分,可,https://docs.google.com/forms/d/e/1FAIpQLSdzeE0h8Es-FoCpcMPgIvnAJjB7D6tQkleRq61SbNQqqEpv6Q/viewform?usp=dialog,https://gamemarket.jp/game/189441,,新作,公式サイト,https://img.gamemarket.jp/20260928_173004_TCC.jpg,
企業エリア,両日,エリア-32,Mandoo Games,https://gamemarket.jp/booth/6328,https://unavatar.io/x/iMandooGames,https://x.com/iMandooGames,『Shimoda-Perry Road』- 下田ペリーロード,静岡県下田市の「ペリーロード」を舞台に、ライバル商店街と競い合いな…,"5,000円",2人,〜15分,可,https://docs.google.com/forms/d/e/1FAIpQLSdzeE0h8Es-FoCpcMPgIvnAJjB7D6tQkleRq61SbNQqqEpv6Q/viewform?usp=dialog,https://gamemarket.jp/game/188958,,新作,公式サイト,https://img.gamemarket.jp/20260908_134700_SPR.jpg,
企業エリア,両日,エリア-32,Mandoo Games,https://gamemarket.jp/booth/6328,https://unavatar.io/x/iMandooGames,https://x.com/iMandooGames,『17 Dice Bets』- 17 ダイスベッツ,非公開のダイスと共有ダイスを読み合うダイスベット＆チキンレースゲー…,"4,500円",2〜4人,〜30分,可,https://docs.google.com/forms/d/e/1FAIpQLSdzeE0h8Es-FoCpcMPgIvnAJjB7D6tQkleRq61SbNQqqEpv6Q/viewform?usp=dialog,https://gamemarket.jp/game/188804,,新作,公式サイト,https://img.gamemarket.jp/20251110_163940_mandoo_games_ci_square_%ED%95%98%EC%96%80%EB%B0%B0%EA%B2%BD.png,ロゴで代用
企業エリア,両日,エリア-34,EJPゲームズ,https://gamemarket.jp/booth/3054,https://unavatar.io/x/otemachispin,https://x.com/otemachispin,UFOダービー,わいわい盛り上がる！大逆転だらけのUFOレース,"¥2,000",3〜5人,15〜15分,不可,,https://gamemarket.jp/game/189450,,新作,公式サイト,https://img.gamemarket.jp/20260929_103710_UFO_%E3%82%B5%E3%83%A0%E3%83%8D.png,
企業エリア,両日,エリア-35,CMON JAPAN,https://gamemarket.jp/booth/4818,https://unavatar.io/x/CMONJAPAN,https://x.com/CMONJAPAN,テイク・タイム：ミラージュ,新感覚協力型ゲーム『テイク・タイム』に新たな挑戦をもたらす拡張！ゲ…,"1,600円",2〜4人,30〜30分,情報なし,,https://cmonjapan.shop/products/take-time-mirage,あり,新作,ボドゲゴー,https://storage.googleapis.com/bodogego_public/creator_event/game_market_2026_autumn/game/CMON_Japan_%E3%83%86%E3%82%A4%E3%82%AF%E3%83%BB%E3%82%BF%E3%82%A4%E3%83%A0%EF%BC%9A%E3%83%9F%E3%83%A9%E3%83%BC%E3%82%B8%E3%83%A5.jpg,
企業エリア,両日,エリア-35,CMON JAPAN,https://gamemarket.jp/booth/4818,https://unavatar.io/x/CMONJAPAN,https://x.com/CMONJAPAN,ATRAH,深海生物を集めて高得点を狙え！約15分のセットコレクションがゲムマ…,"3,000円",2〜4人,15〜15分,情報なし,,https://cmonjapan.shop/blogs/news/gm2026-aw,あり,新作,ボドゲゴー,https://storage.googleapis.com/bodogego_public/creator_event/game_market_2026_autumn/game/CMON_Japan_ATRAH.jpg,
企業エリア,両日,エリア-35,CMON JAPAN,https://gamemarket.jp/booth/4818,https://unavatar.io/x/CMONJAPAN,https://x.com/CMONJAPAN,Collect! - Sharp & Shimmer,『Collect!』に新動物が参戦！王冠争いが広がる拡張がゲムマで世界初登場！,"1,000円",2〜5人,15〜15分,情報なし,,https://cmonjapan.shop/blogs/news/gm2026-aw,あり,新作,ボドゲゴー,https://storage.googleapis.com/bodogego_public/creator_event/game_market_2026_autumn/game/CMON_Japan_Collect!_-_Sharp_&_Shimmer.jpg,
企業エリア,両日,エリア-36,USAPAGAMES&モチの木印刷,https://gamemarket.jp/booth/3737,https://unavatar.io/x/USAPAGAMES,https://x.com/USAPAGAMES,メメントオンラインJAN,本格麻雀×MMOの世界観で初心者から上級者まで一緒に遊ぼう！,"¥8,000",2〜4人,30〜120分,不可,,https://gamemarket.jp/game/189115,あり,新作,公式サイト,https://img.gamemarket.jp/20260918_133812_IMG_2371.jpeg,
企業エリア,両日,エリア-36,USAPAGAMES&モチの木印刷,https://gamemarket.jp/booth/3737,https://unavatar.io/x/USAPAGAMES,https://x.com/USAPAGAMES,シキスラ(豪華版),30分で最強になる。数式で殴るハクスラ風ボードゲーム,"4,000円",2〜8人,30〜60分,情報なし,,https://lit.link/usapagames,,,ボドゲゴー,https://storage.googleapis.com/bodogego_public/creator_event/game_market_2026_spring/game/USAPAGAMES_&%E3%83%A2%E3%83%81%E3%81%AE%E6%9C%A8%E5%8D%B0%E5%88%B7_%E3%82%B7%E3%82%AD%E3%82%B9%E3%83%A9(%E8%B1%AA%E8%8F%AF%E7%89%88).jpg,
企業エリア,両日,エリア-37,MARU. Game Design,https://gamemarket.jp/booth/4283,https://unavatar.io/x/MARU3459,https://x.com/MARU3459,ハムスタリウム,宇宙を旅するハムスターたちをテーマにしたワーカープレイスメントゲーム,"¥9,000",1〜5人,40〜200分,不可,,https://gamemarket.jp/game/189660,,新作,公式サイト,https://img.gamemarket.jp/20261006_175910_HT5tuF5akAAwWdx.jpeg,
企業エリア,両日,エリア-37,MARU. Game Design,https://gamemarket.jp/booth/4283,https://unavatar.io/x/MARU3459,https://x.com/MARU3459,MARU. お品書き（エリア37）,事前予約なし・数は多めに持参。オリジナルショッパーあり,,,,情報なし,,https://x.com/MARU3459/status/2107242322543181833,,,公式X,https://pbs.twimg.com/media/HT5tuF6bwAAOeFU.jpg,
企業エリア,両日,エリア-38,サンセットゲームズ,https://gamemarket.jp/booth/1025,https://unavatar.io/x/hkokado,https://x.com/hkokado,ラストスパイク,鉄道＋株の60分ゲーム！友達同士でも親子でも遊べます。七並べ的な駆け引きあり最後に一発逆転ありの軽ボドゲ,"¥6,000",2〜6人,45〜60分,不可,,https://gamemarket.jp/game/189597,,,公式サイト,https://img.gamemarket.jp/20261004_201149_ls2s-.jpg,
企業エリア,両日,エリア-38,サンセットゲームズ,https://gamemarket.jp/booth/1025,https://unavatar.io/x/hkokado,https://x.com/hkokado,ラストスパイク,鉄道＋株の60分ゲーム！友達同士でも親子でも遊べます。七並べ的な駆け引きあり最後に一発逆転ありの軽ボドゲ,"¥6,000",2〜6人,45〜60分,不可,,https://gamemarket.jp/game/188527,,,公式サイト,https://img.gamemarket.jp/20260517_181328_ls2s-.jpg,
企業エリア,両日,エリア-38,サンセットゲームズ,https://gamemarket.jp/booth/1025,https://unavatar.io/x/hkokado,https://x.com/hkokado,積み木のウォーゲーム『アライアンス』,ナポレオン戦争が舞台！ 戦略と外交の究極ウォーゲーム,"¥18,000",1〜7人,〜240分,不可,,https://gamemarket.jp/game/188526,,,公式サイト,https://img.gamemarket.jp/20260517_180738_471318403_10162889135118735_9034545914474877177_n.jpg,
企業エリア,両日,エリア-38,サンセットゲームズ,https://gamemarket.jp/booth/1025,https://unavatar.io/x/hkokado,https://x.com/hkokado,大容量カウンタートレイ・マークⅣ,プエルトリコに奇跡のシンデレラフィット！箱の中にもぴったり入ります,¥500,人,〜分,不可,,https://gamemarket.jp/game/188525,,,公式サイト,https://img.gamemarket.jp/20260517_175744_FQ_7f9tUYAEaL55.jpg,
企業エリア,両日,エリア-38,サンセットゲームズ,https://gamemarket.jp/booth/1025,https://unavatar.io/x/hkokado,https://x.com/hkokado,日本機動部隊,簡単なルールで太平洋戦争の空母戦を再現した初心者用ウォーゲーム,"¥5,000",1〜2人,30〜120分,不可,,https://gamemarket.jp/game/188524,,,公式サイト,https://img.gamemarket.jp/20260517_174932_%E6%97%A5%E6%9C%AC%E6%A9%9F%E5%8B%95%E9%83%A8%E9%9A%8A.JPG,
企業エリア,両日,エリア-38,サンセットゲームズ,https://gamemarket.jp/booth/1025,https://unavatar.io/x/hkokado,https://x.com/hkokado,独ソ電撃戦,簡単な遊びやすいルールで「バルバロッサ作戦」を再現した入門向けの入門用ウォーゲーム,"¥5,000",1〜2人,60〜120分,不可,,https://gamemarket.jp/game/188522,,,公式サイト,https://img.gamemarket.jp/20260517_175948_img_8196.jpg,
企業エリア,両日,エリア-38,サンセットゲームズ,https://gamemarket.jp/booth/1025,https://unavatar.io/x/hkokado,https://x.com/hkokado,フォワード・フォックス No.1＋No.2セット,ナポレオン最後の輝きである1814年フランス戦役を、31枚の戦況図とエピソードで解説！,"¥2,000",人,〜分,不可,,https://gamemarket.jp/game/188518,,,公式サイト,https://img.gamemarket.jp/20260517_164100_%E3%83%9D%E3%82%B9%E3%82%BF%E3%83%BC.jpg,
企業エリア,両日,エリア-38,サンセットゲームズ,https://gamemarket.jp/booth/1025,https://unavatar.io/x/hkokado,https://x.com/hkokado,にゃいすダイスセット（ピンク）,ネコ好きのためのダイスセット。「ピンク」と「パープル」の2色展開。 肉球やネコシルエット入りで振るたびにテンション上がります。,"¥3,000",人,〜分,不可,,https://gamemarket.jp/game/188517,,,公式サイト,https://img.gamemarket.jp/20260517_163153_cats-modern-dice-set-daisy%20(8).jpg,
企業エリア,両日,エリア-38,サンセットゲームズ,https://gamemarket.jp/booth/1025,https://unavatar.io/x/hkokado,https://x.com/hkokado,にゃいすダイスセット（パープル）,ネコ好きのためのダイスセット。「ピンク」と「パープル」の2色展開。 肉球やネコシルエット入りで振るたびにテンション上がります。,"¥3,000",人,〜分,不可,,https://gamemarket.jp/game/188516,,,公式サイト,https://img.gamemarket.jp/20260517_162332_cats-purrito%20(7).jpg,
企業エリア,両日,エリア-38,サンセットゲームズ,https://gamemarket.jp/booth/1025,https://unavatar.io/x/hkokado,https://x.com/hkokado,積み木のウォーゲーム『アライアンス』,ナポレオン戦争が舞台！ 戦略と外交の究極ウォーゲーム,"¥18,000",1〜7人,〜分,不可,,https://gamemarket.jp/game/189595,,,公式サイト,https://img.gamemarket.jp/20261004_200815_471318403_10162889135118735_9034545914474877177_n.jpg,
企業エリア,両日,エリア-38,サンセットゲームズ,https://gamemarket.jp/booth/1025,https://unavatar.io/x/hkokado,https://x.com/hkokado,ラストスパイク,鉄道＋株の60分ゲーム！友達同士でも親子でも遊べます。七並べ的な駆け引きあり最後に一発逆転ありの軽ボドゲ,"¥6,000",2〜6人,45〜分,不可,,https://gamemarket.jp/game/189594,,,公式サイト,https://img.gamemarket.jp/20261004_200523_ls2s-.jpg,
企業エリア,両日,エリア-40,Head Quarter Games,https://gamemarket.jp/booth/5086,https://unavatar.io/x/HQGames_jp,https://x.com/HQGames_jp,ドナウのしずく,時は流れ、ワインは深まる。,"¥8,000",2〜4人,90〜120分,可,https://forms.gle/gRWSbMkwpUoZ1s2M6,https://gamemarket.jp/game/189162,,新作,公式サイト,https://img.gamemarket.jp/20260918_223844_%E3%82%B5%E3%83%A0%E3%83%8D%E3%82%A4%E3%83%AB_%E3%83%88%E3%82%99%E3%83%8A%E3%82%A6.jpeg,
企業エリア,両日,エリア-41,やのまん,https://gamemarket.jp/booth/3149,https://img.gamemarket.jp/20240516_174455_logo-color_22.jpg,https://x.com/play_yanoman,やのまん 感謝祭（最大30%OFF）,ボドゲ最大30%OFFセール＋クローバーランド マーカーセット限定販売,,,,情報なし,,https://x.com/play_yanoman/status/2105257502275486175,,,公式X,https://pbs.twimg.com/media/HTdgdF1bwAAYKJ9.jpg,
企業エリア,両日,エリア-43,KT&G SangsangMadang,https://gamemarket.jp/booth/6744,https://img.gamemarket.jp/20260919_114539_ssmd.png,https://x.com/SSmadang,トリックジャック (Trickjack),TRICK TAKING X BLACKJACK,"¥2,000",3〜5人,20〜30分,可,https://docs.google.com/forms/d/e/1FAIpQLSciW7ZJDRC5I77FjrCmorTw0pqB1KUux0y973OfZIwOSqNF0A/viewform,https://gamemarket.jp/game/189101,,新作,公式サイト,https://img.gamemarket.jp/20260917_154117_%E1%84%83%E1%85%A9%E1%84%80%E1%85%A6%E1%86%B7%E1%84%86%E1%85%A1_%E1%84%87%E1%85%AE%E1%84%89%E1%85%B3%E1%84%8F%E1%85%A5%E1%86%BA_%E1%84%90%E1%85%B3%E1%84%85%E1%85%B5%E1%86%A8%E1%84%8C%E1%85%A2%E1%86%A8%20%E1%84%8F%E1%85%B3%E1%84%80%E1%85%A6.jpeg,
企業エリア,両日,エリア-43,KT&G SangsangMadang,https://gamemarket.jp/booth/6744,https://img.gamemarket.jp/20260919_114539_ssmd.png,https://x.com/SSmadang,クシクシ (Kushi Kushi),やっぱり串は、なんといっても炭火の香り！,"¥3,500",2〜4人,15〜15分,可,https://docs.google.com/forms/d/e/1FAIpQLSe3BfIfOulZvy9F1IC0W2b6pEbvWhVV1f-o-qX1k7htVRQKFw/viewform,https://gamemarket.jp/game/189503,,新作,公式サイト,https://img.gamemarket.jp/20261001_003519_%EC%BF%A0%EC%8B%9C%EC%BF%A0%EC%8B%9C_%EC%95%9E%EB%A9%B4.PNG,
企業エリア,両日,エリア-43,KT&G SangsangMadang,https://gamemarket.jp/booth/6744,https://img.gamemarket.jp/20260919_114539_ssmd.png,https://x.com/SSmadang,ペットカブー(Pat-Ka-Boo),キュート メモリー パーティー！,"¥2,000",2〜5人,10〜15分,可,https://forms.gle/KiCxdjyGNWEWLffG6,https://gamemarket.jp/game/189395,,,公式サイト,https://img.gamemarket.jp/20260926_180507_%ED%8E%AB%EC%B9%B4%EB%B6%80%20%EC%9D%B4%EB%AF%B8%EC%A7%802.png,
企業エリア,両日,エリア-43,KT&G SangsangMadang,https://gamemarket.jp/booth/6744,https://img.gamemarket.jp/20260919_114539_ssmd.png,https://x.com/SSmadang,OMZ!（Oh My Zoo!）,かわいさと闇堕ちが共存する、最高の動物園をつくろう！,"¥2,000",2〜4人,20〜30分,可,https://forms.gle/iCCkTCSaa1Urkc1AA,https://gamemarket.jp/game/189366,,新作,公式サイト,https://img.gamemarket.jp/20260925_000503_KakaoTalk_20260917_195342360.jpg,
企業エリア,両日,エリア-45,アソビション,https://gamemarket.jp/booth/3140,,,ダイス・ヒューゴ,前手番のプレイヤーが出した数字よりも大きい数字を出して制圧！ 数字…,"2,500円",2〜6人,15〜20分,可,https://docs.google.com/forms/d/e/1FAIpQLSc3M2Bq8K2QyjwojYyol2a5hNsy7OcpxAu0fSbOgFZJYqZziA/viewform,https://gamemarket.jp/game/189054,,新作,公式サイト,https://img.gamemarket.jp/20260914_110552_%E7%AE%B1%E7%94%BB%E5%83%8F_%E8%83%8C%E6%99%AF%E4%BD%8E%E7%94%BB%E8%B3%AA.png,
企業エリア,両日,エリア-45,アソビション,https://gamemarket.jp/booth/3140,,,チェシャ！,10枚の猫カードの中から1枚のチェシャ猫を探し出しましょう！ カー…,"1,500円",2〜7人,10〜15分,可,https://docs.google.com/forms/d/e/1FAIpQLSc3M2Bq8K2QyjwojYyol2a5hNsy7OcpxAu0fSbOgFZJYqZziA/viewform,https://gamemarket.jp/game/188985,,新作,公式サイト,https://img.gamemarket.jp/20260910_180244_%E7%AE%B1%E7%94%BB%E5%83%8F_%E8%83%8C%E6%99%AF%E4%BD%8E%E7%94%BB%E8%B3%AA.png,
企業エリア,両日,エリア-46,amii project.,https://gamemarket.jp/booth/4785,https://unavatar.io/x/amii_tcg,https://x.com/amii_tcg,autorica:SPECTACLE,— 人々を魅了する演戯は、さらなる進化を遂げる。,"¥1,400",2人,20〜40分,可,https://amii.base.shop/categories/7300266,https://gamemarket.jp/game/189713,,新作,公式サイト,https://img.gamemarket.jp/20261007_194943_HTMXpTxa4AAVF5J.jpeg,
企業エリア,両日,エリア-47,MottainaiGames,https://gamemarket.jp/booth/5921,https://unavatar.io/x/MottainaiGames,https://x.com/MottainaiGames,「不労所得」〜お手軽麻雀系カードゲーム〜,麻雀×拡大再生産,"2,200円",2〜5人,3〜10分,可,https://docs.google.com/forms/d/e/1FAIpQLSffdMp0agqelpUcN-F8Vg0GEi4uwmPf7h5tCXht4JsrabbH1Q/viewform,https://gamemarket.jp/game/188786,あり,新作,公式サイト,https://img.gamemarket.jp/20260824_205506_%E3%82%B5%E3%83%A0%E3%83%8D%E3%82%A4%E3%83%ABV5.png,
企業エリア,両日,エリア-47,MottainaiGames,https://gamemarket.jp/booth/5921,https://unavatar.io/x/MottainaiGames,https://x.com/MottainaiGames,情報漏洩,手軽に遊べる、戦略型ダイスゲーム,"2,000円",2〜4人,3〜15分,情報なし,,https://x.com/MottainaiGames,あり,,公式X,https://storage.googleapis.com/bodogego_public/creator_event/game_market_2026_spring/game/Mottainai_Games_%E6%83%85%E5%A0%B1%E6%BC%8F%E6%B4%A9.jpg,
企業エリア,両日,エリア-47,MottainaiGames,https://gamemarket.jp/booth/5921,https://unavatar.io/x/MottainaiGames,https://x.com/MottainaiGames,不労所得,FIREを目指せ！不労所得を積み重ねろ！,"2,000円",2〜5人,3〜10分,情報なし,,https://gamemarket.jp/game/188786,あり,新作,ボドゲゴー,https://storage.googleapis.com/bodogego_public/creator_event/game_market_2026_autumn/game/MottainaiGames_%E4%B8%8D%E5%8A%B4%E6%89%80%E5%BE%97.jpg,
企業エリア,両日,エリア-48,アクウカンゲームズ,https://gamemarket.jp/booth/2743,https://unavatar.io/x/aqoocan_games,https://x.com/aqoocan_games,ニャイス！コード,ボードゲームでプログラミング。ダイス(運)×プログラミング(思考力)でキミのネコを導いて！,"¥3,300",2〜4人,10〜20分,不可,,https://gamemarket.jp/game/180236,,,公式サイト,https://img.gamemarket.jp/20260901_183733_%E7%B5%B1%E5%90%88_1920w.jpg,ロゴで代用
企業エリア,両日,エリア-48,アクウカンゲームズ,https://gamemarket.jp/booth/2743,https://unavatar.io/x/aqoocan_games,https://x.com/aqoocan_games,龍が朽ちる時,ひとりでは、たどり着けない場所がある。,"¥3,300",2〜5人,20〜40分,不可,,https://gamemarket.jp/game/188878,,新作,公式サイト,https://img.gamemarket.jp/20260901_191558_ryu-ga-kuchiru-toki.jpg,
企業エリア,両日,エリア-49,マッシュルームパンク,https://gamemarket.jp/booth/4700,https://unavatar.io/x/mushroompunkart,https://x.com/mushroompunkart,キノコトポス,いキノコるためには、協力しかない,"¥6,500",2〜5人,30〜60分,可,https://docs.google.com/forms/d/e/1FAIpQLScBL3GyybEm2s4E81a8Qxb9rxSJLjtQWKA5QEhnUr71h5gEjg/viewform?usp=dialog,https://gamemarket.jp/game/187009,,,公式サイト,https://img.gamemarket.jp/20251109_184905_%E5%AE%A3%E4%BC%9D%E7%94%A8_%E8%BB%BD.jpg,
企業エリア,両日,エリア-49,マッシュルームパンク,https://gamemarket.jp/booth/4700,https://unavatar.io/x/mushroompunkart,https://x.com/mushroompunkart,みんなで迷子のキノコトピア,みんなで協力して迷子の仲間と道を繋げよう！,"¥9,000",2〜8人,10〜90分,可,https://forms.gle/A9fWVdHh9d7jHenX7,https://gamemarket.jp/game/187975,あり,,公式サイト,https://img.gamemarket.jp/20260516_184337_%E3%83%9C%E3%83%89%E3%82%B2%E3%82%B4%E3%83%BC.jpg,
企業エリア,両日,エリア-50,双葉社＆ドロッセルマイヤーズ,https://gamemarket.jp/booth/6005,https://unavatar.io/x/Drosselmeyers_,https://x.com/Drosselmeyers_,ドロッセルマイヤーズ・ヒストリア,150の異能力が織りなす、究極の変則ルール・カードバトル,"¥3,300",2〜50人,10〜60分,可,https://drosselmeyers.com/?mode=cate&amp;cbid=1734705&amp;csid=0&amp;sort=n,https://gamemarket.jp/game/189362,あり,新作,公式サイト,https://img.gamemarket.jp/20260929_120638_%E3%80%90%E5%B0%8F%E3%82%B5%E3%82%A4%E3%82%BA%E3%80%91%E3%83%89%E3%83%AD%E3%83%9E%E3%82%A4%E5%BA%83%E5%91%8A2026A-01.jpg,
企業エリア,両日,エリア-50,双葉社＆ドロッセルマイヤーズ,https://gamemarket.jp/booth/6005,https://unavatar.io/x/Drosselmeyers_,https://x.com/Drosselmeyers_,意味がわかると怖いゲーム,怖いのに、わいわい楽しい…？みんなで遊べるホラークイズゲーム “い…,"2,700円",2〜8人,10〜30分,不可,,https://gamemarket.jp/game/189363,あり,新作,公式サイト,https://img.gamemarket.jp/20260924_191706_1790217264028.jpg,
企業エリア,両日,エリア-52,NFCアニマルピコタッチ,https://gamemarket.jp/booth/6325,https://unavatar.io/x/ckenbisha,https://x.com/ckenbisha,アニマルピコタッチ,NFC推理ゲーム。ブース52で出展,,,,情報なし,,https://x.com/CKenbisha/status/2106036986087956625,あり,,公式X,https://pbs.twimg.com/media/HTm6i9TbYAAyyeb.jpg,
企業エリア,両日,エリア-53,Dexker Games,https://gamemarket.jp/booth/6329,https://unavatar.io/x/DexkerGames,https://x.com/DexkerGames,Apex Legends™: ボードゲーム,あの『Apex Legends™』が日本語版ボードゲームに‼,"¥20,000",2〜6人,60〜90分,不可,,https://gamemarket.jp/game/189445,,新作,公式サイト,https://img.gamemarket.jp/20260928_182942_Apex_Core%20box_render_right%20(2)%20(1).png,
企業エリア,両日,エリア-53,Dexker Games,https://gamemarket.jp/booth/6329,https://unavatar.io/x/DexkerGames,https://x.com/DexkerGames,パックマンめいろメーカー,迷路を組んで、ゴーストを追いかけ、最大得点で勝利を目指せ。,"¥2,500",2〜5人,10〜25分,不可,,https://gamemarket.jp/game/189444,,新作,公式サイト,https://img.gamemarket.jp/20260928_182554_PACMAN%20mock%20up-JP.png,
企業エリア,両日,エリア-53,Dexker Games,https://gamemarket.jp/booth/6329,https://unavatar.io/x/DexkerGames,https://x.com/DexkerGames,ダイススローン：エッセンシャルエディション 力と意志,ダイス×キャラクター能力で対戦相手を倒せ!,"¥5,000",2〜6人,30〜30分,不可,,https://gamemarket.jp/game/189443,,,公式サイト,https://img.gamemarket.jp/20260928_181715_DiceThrone-muck%20up-SS%20resized.png,
企業エリア,両日,エリア-53,Dexker Games,https://gamemarket.jp/booth/6329,https://unavatar.io/x/DexkerGames,https://x.com/DexkerGames,ダブル,おかしさとひねりのきいた、めまぐるしいゲーム！,"¥1,500",2〜6人,15〜20分,不可,,https://gamemarket.jp/game/188663,,,公式サイト,https://img.gamemarket.jp/20260522_002119_dobro.png,
企業エリア,両日,エリア-53,Dexker Games,https://gamemarket.jp/booth/6329,https://unavatar.io/x/DexkerGames,https://x.com/DexkerGames,ダイススローン：エッセンシャルエディション 燃えさかる闘志,ダイス×キャラクター能力で対戦相手を倒せ!,"¥5,000",2〜4人,30〜30分,不可,,https://gamemarket.jp/game/188662,,,公式サイト,https://img.gamemarket.jp/20260522_000624_DiceThrone-muck%20up-fb@0.33x.jpg,
企業エリア,両日,エリア-53,Dexker Games,https://gamemarket.jp/booth/6329,https://unavatar.io/x/DexkerGames,https://x.com/DexkerGames,ダイススローン 燃え盛る闘志,ダイス×キャラクター能力を駆使して対戦相手を倒せ!,"5,000円",2〜4人,30〜30分,情報なし,,,,,ボドゲゴー,https://storage.googleapis.com/bodogego_public/creator_event/game_market_2026_autumn/game/Dexker_Games_%E3%83%87%E3%82%B9%E3%82%AB%E3%83%BC%E3%82%B2%E3%83%BC%E3%83%A0%E3%82%BA_%E3%83%80%E3%82%A4%E3%82%B9%E3%82%B9%E3%83%AD%E3%83%BC%E3%83%B3_%E7%87%83%E3%81%88%E7%9B%9B%E3%82%8B%E9%97%98%E5%BF%97.jpg,
企業エリア,両日,エリア-53,Dexker Games,https://gamemarket.jp/booth/6329,https://unavatar.io/x/DexkerGames,https://x.com/DexkerGames,ダイス スローン 力と意志,ダイス×キャラクター能力で対戦相手を倒せ!,"5,000円",2〜4人,30〜30分,情報なし,,,,,ボドゲゴー,https://storage.googleapis.com/bodogego_public/creator_event/game_market_2026_autumn/game/Dexker_Games_%E3%83%87%E3%82%B9%E3%82%AB%E3%83%BC%E3%82%B2%E3%83%BC%E3%83%A0%E3%82%BA_%E3%83%80%E3%82%A4%E3%82%B9_%E3%82%B9%E3%83%AD%E3%83%BC%E3%83%B3_%E5%8A%9B%E3%81%A8%E6%84%8F%E5%BF%97.jpg,
企業エリア,両日,エリア-54,ナナワリ＆ルテシア,https://gamemarket.jp/booth/3107,https://unavatar.io/x/nanawari_games,https://x.com/nanawari_games,お品書き（ライズオブザメトロ ほか）,お品書き ・ライズオブザメトロ ・マドリーノ ・九九ジャン ・きょうの勝ち ・ワードン ・バッティングビッグホーン ・ま,,,,情報なし,,https://x.com/NANAWARI_games/status/2100587540965450112,,,公式X,https://img.gamemarket.jp/20241019_093052_%E3%81%AA%E3%81%AA%E3%82%8F%E3%82%8A%E3%83%AD%E3%82%B4.jpg,ロゴで代用
企業エリア,両日,エリア-55,UNPOT Game Lab,https://gamemarket.jp/booth/6278,https://unavatar.io/x/UNPOT_GameLab,https://x.com/UNPOT_GameLab,チキュウツアーズ,『バナナガバナンス』『UMATAKA』のむかい氏最新作UNPOT Game Lab 第３弾,"¥2,500",2〜4人,15〜30分,可,https://docs.google.com/forms/d/e/1FAIpQLSdQd6cu5eAQJ1oF9im0gvZGSwyRymWM6bLNRumN4A7dDts0cA/viewform,https://gamemarket.jp/game/188758,,新作,公式サイト,https://img.gamemarket.jp/20260908_175854_%E3%83%95%E3%82%99%E3%83%BC%E3%82%B9%E3%82%AB%E3%83%83%E3%83%88_%E3%83%95%E3%82%A9%E3%82%A2%E3%82%B7%E3%83%A5%E3%83%92%E3%82%9A_%E3%82%AB%E3%83%A9%E3%83%BC.jpg,
企業エリア,両日,エリア-56,心火GAMES,https://gamemarket.jp/booth/5590,https://unavatar.io/x/SYNKAgames,https://x.com/SYNKAgames,YAMI 日本語版,相談禁止！トリックに勝って精霊タイルを配置し、王国を冒険する協力型トリックテイキング！,"¥6,000",2〜4人,15〜20分,可,https://docs.google.com/forms/d/e/1FAIpQLSfYMlHjfhx-1haSLpYubVG2iXQ3QxUyFEYJbJQSyguTu5c0OA/viewform,https://gamemarket.jp/game/189691,,新作,公式サイト,https://img.gamemarket.jp/20261007_205350_%E3%82%B9%E3%82%AF%E3%83%AA%E3%83%BC%E3%83%B3%E3%82%B7%E3%83%A7%E3%83%83%E3%83%88%202026-10-07%2020.44.32.png,
企業エリア,両日,エリア-56,心火GAMES,https://gamemarket.jp/booth/5590,https://unavatar.io/x/SYNKAgames,https://x.com/SYNKAgames,裏読み牧場,動物たちのパーティー系トリックテイキング！,"¥2,500",1〜5人,20〜分,可,https://forms.gle/e99ugccYJ96whz8w5,https://gamemarket.jp/game/189449,,新作,公式サイト,https://img.gamemarket.jp/20261004_081909_%E8%A3%8F%E8%AA%AD%E3%81%BF%E3%83%90%E3%83%8A%E3%83%BC.png,
企業エリア,両日,エリア-57,オインクゲームズ,https://gamemarket.jp/booth/1029,https://unavatar.io/x/oinkgames,https://x.com/oinkgames,マジカルインサイダー,理不尽に 立ち向かえ。,"¥2,500",3〜8人,15〜分,不可,,https://gamemarket.jp/game/189297,,新作,公式サイト,https://img.gamemarket.jp/20260921_224932_insider-magic_jp_transparent.png,
企業エリア,両日,エリア-57,オインクゲームズ,https://gamemarket.jp/booth/1029,https://unavatar.io/x/oinkgames,https://x.com/oinkgames,ばれたま,なぜそこに,"¥2,500",3〜8人,20〜分,不可,,https://gamemarket.jp/game/189296,,新作,公式サイト,https://img.gamemarket.jp/20260921_224240_boxview_eggsposed_JA.png,
企業エリア,両日,エリア-57,オインクゲームズ,https://gamemarket.jp/booth/1029,https://unavatar.io/x/oinkgames,https://x.com/oinkgames,ループする40,増やして つなげて 一気に攻める,"¥2,500",3〜5人,20〜分,不可,,https://gamemarket.jp/game/189295,,新作,公式サイト,https://img.gamemarket.jp/20260921_223302_boxview_loop-40_jp_transparent.png,
企業エリア,両日,エリア-57,オインクゲームズ,https://gamemarket.jp/booth/1029,https://unavatar.io/x/oinkgames,https://x.com/oinkgames,くまのプーさん ハチかミツか,蜜が私を夢中にさせる,"¥3,000",2〜8人,20〜分,不可,,https://gamemarket.jp/game/189358,,新作,公式サイト,https://img.gamemarket.jp/20261002_171826_pooh_mini.png,
企業エリア,両日,エリア-58,TMPA,https://gamemarket.jp/booth/6017,https://img.gamemarket.jp/20260930_231627_ca501225-2.jpg,,MAGiのカードゲーム（ラッコ・たぬき・パン！）,ドを流す。相手のうそを見抜く。お目当てのパンに手を伸ばす。 台湾の…,,,,情報なし,,https://gamemarket.jp/blog/199594,,,ブースブログ,https://img.gamemarket.jp/20261001_172701_flow__01_main.jpg,
企業エリア,両日,エリア-58,TMPA,https://gamemarket.jp/booth/6017,https://img.gamemarket.jp/20260930_231627_ca501225-2.jpg,,Lionwake（新作・獅子育成デッキ構築）,舞の獅子が、あなたの戦略を動かす。 Wonderful World…,,,,情報なし,,https://gamemarket.jp/blog/199595,,新作,ブースブログ,https://img.gamemarket.jp/20261001_171606_04_public_main.png,
企業エリア,両日,エリア-58,TMPA,https://gamemarket.jp/booth/6017,https://img.gamemarket.jp/20260930_231627_ca501225-2.jpg,,エジプトの神々（新ミニ拡張）,トリック、勝ってしまっていいのでしょうか。 『エジプトの神々（Go…,,,,情報なし,,https://gamemarket.jp/blog/199596,,,ブースブログ,https://img.gamemarket.jp/20261001_171531_01_main.jpg,
企業エリア,両日,エリア-58,TMPA,https://gamemarket.jp/booth/6017,https://img.gamemarket.jp/20260930_231627_ca501225-2.jpg,,Wonderful World Board Games（台湾・初出展）,舞の躍動も、温泉でくつろぐひとときも、ボードゲームの中ではどんな遊…,,,,情報なし,,https://gamemarket.jp/blog/199592,,,ブースブログ,https://img.gamemarket.jp/20261001_175358_WWBG_1400x700.jpg,
企業エリア,両日,エリア-58,TMPA,https://gamemarket.jp/booth/6017,https://img.gamemarket.jp/20260930_231627_ca501225-2.jpg,,キンマートン（台湾のコメディIP）,さんのお金があれば、ほしいものは何でも手に入る？ 台湾生まれの『キ…,,,,情報なし,,https://gamemarket.jp/blog/199593,,,ブースブログ,https://img.gamemarket.jp/20261001_171931_01_main.jpg,
企業エリア,両日,エリア-58,TMPA,https://gamemarket.jp/booth/6017,https://img.gamemarket.jp/20260930_231627_ca501225-2.jpg,,Board Game Rookie 注目作,トリックテイキングでも、勝った先に待つものはさまざま。台湾の出版社…,,,,情報なし,,https://gamemarket.jp/blog/199590,,,ブースブログ,https://img.gamemarket.jp/20261001_171531_01_main.jpg,
企業エリア,両日,エリア-59,KiLab-CARD WORKS,https://gamemarket.jp/booth/6745,https://unavatar.io/x/KiLabCARDWORKS,https://x.com/KiLabCARDWORKS,GUSKA-グースカ-,新作。引いたカードが偶数になればGET！ルールは簡単,,,,情報なし,,https://x.com/KiLabCARDWORKS/status/2105946145453461627,,新作,公式X,https://pbs.twimg.com/media/HTnPqy4awAAnvBF.jpg,
企業エリア,両日,エリア-61,株式会社プレス･トーク×いせごん,https://gamemarket.jp/booth/6024,https://img.gamemarket.jp/20251105_154954_526204_ブースカット原稿（入稿用）.jpg,,プレス・トーク×いせごん,カードゲームの展示・試遊と、WEB印刷発注のプチセミナー,,,,情報なし,,https://x.com/presstalk/status/2106987757029732450,あり,,公式X,https://pbs.twimg.com/media/HT2E_nVbIAAf4k2.png,
企業エリア,両日,エリア-62,萬印堂,https://gamemarket.jp/booth/3449,https://unavatar.io/x/manindo_game,https://x.com/manindo_game,萬印堂 お品書き,ゲームの試作に使えるアイテムを会場特価で販売,,,,情報なし,,https://x.com/manindo_game/status/2107671253934899521,,,公式X,https://pbs.twimg.com/media/HT_gG-Ma8AAwttQ.jpg,
企業エリア,両日,エリア-65,エポック社,https://gamemarket.jp/booth/6746,https://unavatar.io/x/EPOCH1958,https://x.com/EPOCH1958,フリップサモン,１フリップで本格召喚(サモン)バトル！,"¥1,500",2〜4人,5〜10分,不可,,https://gamemarket.jp/game/189664,,新作,公式サイト,https://img.gamemarket.jp/20261006_211339_261005_flipsummon_title3.png,
企業エリア,両日,エリア-65,エポック社,https://gamemarket.jp/booth/6746,https://unavatar.io/x/EPOCH1958,https://x.com/EPOCH1958,ごみ捨てダウト,ごみ達の覚醒,"¥1,500",2〜5人,5〜15分,不可,,https://gamemarket.jp/game/189663,,新作,公式サイト,https://img.gamemarket.jp/20261007_185707_261006_gomisute_title.png,
企業エリア,両日,エリア-65,エポック社,https://gamemarket.jp/booth/6746,https://unavatar.io/x/EPOCH1958,https://x.com/EPOCH1958,無理矢理なぞなぞ,ひらめきと発想力で盛り上がろう！,"¥1,500",3〜8人,10〜20分,不可,,https://gamemarket.jp/game/189654,,新作,公式サイト,https://img.gamemarket.jp/20261006_200932_261005_muriyarinazonazo_title.png,
企業エリア,両日,エリア-65,エポック社,https://gamemarket.jp/booth/6746,https://unavatar.io/x/EPOCH1958,https://x.com/EPOCH1958,まきまキンパ！手巻きの達人,おひとつキンパ、巻いてかない？,"¥4,000",2〜4人,10〜20分,不可,,https://gamemarket.jp/game/189652,,新作,公式サイト,https://img.gamemarket.jp/20261007_192732_261005_GIMBAP_title.png,
企業エリア,両日,エリア-65,エポック社,https://gamemarket.jp/booth/6746,https://unavatar.io/x/EPOCH1958,https://x.com/EPOCH1958,ニャワばり争奪戦！しっぽで取り合う特等席,あなたはネコ派？ それともイヌ派？,"¥3,000",2人,15〜25分,不可,,https://gamemarket.jp/game/189632,,新作,公式サイト,https://img.gamemarket.jp/20261007_192844_261005_THISBEDISMINE_title.png,
企業エリア,両日,エリア-66,itten,https://gamemarket.jp/booth/2047,https://unavatar.io/x/itten_games,https://x.com/itten_games,ミュージックナンセンス,不思議と伝わる迷演奏！？,"¥2,600",3〜5人,15〜30分,不可,,https://gamemarket.jp/game/189662,,新作,公式サイト,https://img.gamemarket.jp/20261006_184141_MU_06020_min.jpg,
企業エリア,両日,エリア-68,SUNNY BIRD,https://gamemarket.jp/booth/4397,https://unavatar.io/x/sanibabodoge,https://x.com/sanibabodoge,シーズンズ（ケルト日本限定版）,ゲムマ先行販売。会場受け取り予約受付中,,,,可,https://forms.gle/zje7EVqBPgb4HadGA,https://x.com/sanibabodoge/status/2103669353959063735,,新作,公式X,https://pbs.twimg.com/media/HTG3z9kaYAAqUPG.jpg,
企業エリア,両日,エリア-70,HEY!,https://gamemarket.jp/booth/4407,https://unavatar.io/x/h_e_y_team,https://x.com/h_e_y_team,ニューオールド,HEY!の作品をイベント価格で販売,,,,可,https://forms.gle/LkCqX3iRULwKv54A8,https://gamemarket.jp/blog/199511,あり,,ブースブログ,https://img.gamemarket.jp/20240606_103726_hey.jpg,ロゴで代用
企業エリア,両日,エリア-70,HEY!,https://gamemarket.jp/booth/4407,https://unavatar.io/x/h_e_y_team,https://x.com/h_e_y_team,コロコロ将棋,"旧パッケージ持参で新パッケージが1,000円",,,,可,https://forms.gle/LkCqX3iRULwKv54A8,https://gamemarket.jp/blog/199615,あり,,ブースブログ,https://img.gamemarket.jp/20240606_103726_hey.jpg,ロゴで代用
企業エリア,両日,エリア-70,HEY!,https://gamemarket.jp/booth/4407,https://unavatar.io/x/h_e_y_team,https://x.com/h_e_y_team,マッチ売りの大富豪,コンポーネント紹介ブログあり,,,,可,https://forms.gle/LkCqX3iRULwKv54A8,https://gamemarket.jp/blog/199861,,,ブースブログ,https://img.gamemarket.jp/20240606_103726_hey.jpg,ロゴで代用
企業エリア,両日,エリア-71,コロコロ堂,https://gamemarket.jp/booth/1968,https://unavatar.io/x/korokoro_dou,https://x.com/korokoro_dou,スパイチーム,ゲームマーケットで先行発売予定,,,,情報なし,,https://x.com/korokoro_dou/status/2107461823779962880,,新作,公式X,https://pbs.twimg.com/media/HT81W3ubUAAxi77.jpg,
企業エリア,両日,エリア-73,Playte,https://gamemarket.jp/booth/6006,https://unavatar.io/x/Playte_games,https://x.com/Playte_games,Starfall,星々が降り注ぐ静寂の夜、 誰よりも早く、宇宙の奇跡を手に入れろ。 知略と洞察が輝く、天文学者たちの知的競りゲーム！,"¥3,000",2〜4人,30〜30分,可,https://preorder.playte.com/,https://gamemarket.jp/game/187092,,,公式サイト,https://img.gamemarket.jp/20251113_174427_starfall.png,
企業エリア,両日,エリア-73,Playte,https://gamemarket.jp/booth/6006,https://unavatar.io/x/Playte_games,https://x.com/Playte_games,Sardegna,中世サルデーニャ王国で、権力と名誉を懸けた壮大な覇権争いが始まる——！ 貴族として島を支配し、最も影響力のある人物となれ！,"¥4,000",2〜4人,45〜60分,可,https://preorder.playte.com/,https://gamemarket.jp/game/187091,,,公式サイト,https://img.gamemarket.jp/20251113_173830_%EA%B7%B8%EB%A6%BC7.png,
企業エリア,両日,エリア-73,Playte,https://gamemarket.jp/booth/6006,https://unavatar.io/x/Playte_games,https://x.com/Playte_games,Parrotdime,ラウンドごとに変わるルールに適応せよ！ プラスにもマイナスにもなるスコア条件を読み切り、頂点を目指せ！,"¥2,000",2〜6人,30〜30分,可,https://preorder.playte.com/,https://gamemarket.jp/game/187090,,,公式サイト,https://img.gamemarket.jp/20251113_173140_Parrotdigm.png,
企業エリア,両日,エリア-73,Playte,https://gamemarket.jp/booth/6006,https://unavatar.io/x/Playte_games,https://x.com/Playte_games,One voice,全員の声がひとつになる瞬間を感じろ。 同時発声で謎の単語を導き出す、共感系ワードパーティーゲーム！,"¥2,000",4〜7人,15〜15分,可,https://preorder.playte.com/,https://gamemarket.jp/game/187089,,,公式サイト,https://img.gamemarket.jp/20251113_172248_One%20Voice.png,
企業エリア,両日,エリア-73,Playte,https://gamemarket.jp/booth/6006,https://unavatar.io/x/Playte_games,https://x.com/Playte_games,Club Unlock,カギを集めて金庫を開けろ！ タイミングとコンボで大金をつかむ、スリル満点のカードゲーム！,"¥3,500",3〜6人,20〜20分,可,https://preorder.playte.com/,https://gamemarket.jp/game/187087,,,公式サイト,https://img.gamemarket.jp/20251113_165925_afbfagf.png,
企業エリア,両日,エリア-73,Playte,https://gamemarket.jp/booth/6006,https://unavatar.io/x/Playte_games,https://x.com/Playte_games,Backgammon,5000年の歴史が生んだ、究極のダイス＆ストラテジー。 運と戦略が交錯する、古代から続く名作アブストラクト！,"¥3,500",2人,30〜30分,可,https://preorder.playte.com/,https://gamemarket.jp/game/187086,,,公式サイト,https://img.gamemarket.jp/20251113_164423_sbfagd.png,
企業エリア,両日,エリア-73,Playte,https://gamemarket.jp/booth/6006,https://unavatar.io/x/Playte_games,https://x.com/Playte_games,Stereo Mind,同じ音を聴いても、同じ気持ちとは限らない——。 音でつながる、感性協力ゲーム！,"¥3,500",2〜5人,10〜15分,可,https://preorder.playte.com/,https://gamemarket.jp/game/187085,,,公式サイト,https://img.gamemarket.jp/20251113_162725_Stereo%20Mind.png,
企業エリア,両日,エリア-73,Playte,https://gamemarket.jp/booth/6006,https://unavatar.io/x/Playte_games,https://x.com/Playte_games,Express Cross,ダイスの合計をどこに書く？ 数字をつないで、最長の「昇順チェーン」を作ろう！,"¥2,000",2〜99人,15〜15分,可,https://preorder.playte.com/,https://gamemarket.jp/game/189020,,新作,公式サイト,https://img.gamemarket.jp/20260911_170305_%EA%B7%B8%EB%A6%BC20.png,
企業エリア,両日,エリア-73,Playte,https://gamemarket.jp/booth/6006,https://unavatar.io/x/Playte_games,https://x.com/Playte_games,Donkey Derby,どのロバが勝つ？早く賭けるほど高得点！ 予想と駆け引きが交差する、ドキドキのダービーレース。,"¥3,000",2〜5人,30〜30分,可,https://preorder.playte.com/,https://gamemarket.jp/game/189019,,新作,公式サイト,https://img.gamemarket.jp/20260911_165932_%EA%B7%B8%EB%A6%BC19.png,
企業エリア,両日,エリア-73,Playte,https://gamemarket.jp/booth/6006,https://unavatar.io/x/Playte_games,https://x.com/Playte_games,Cash a catch,10コインで、どこまで魚介を待てる？ ベルを鳴らすタイミングが勝負を分ける、魚市場のオークション！,"¥4,000",3〜5人,30〜30分,可,https://preorder.playte.com/,https://gamemarket.jp/game/189018,,新作,公式サイト,https://img.gamemarket.jp/20260911_165230_%EA%B7%B8%EB%A6%BC18.png,
企業エリア,両日,エリア-73,Playte,https://gamemarket.jp/booth/6006,https://unavatar.io/x/Playte_games,https://x.com/Playte_games,Big Two,「2」が最強！より強い組み合わせを重ねて、誰よりも早く手札を出し切ろう。,"¥2,000",3〜4人,30〜30分,可,https://preorder.playte.com/,https://gamemarket.jp/game/189017,,新作,公式サイト,https://img.gamemarket.jp/20260911_164427_%EA%B7%B8%EB%A6%BC17.png,
企業エリア,両日,エリア-73,Playte,https://gamemarket.jp/booth/6006,https://unavatar.io/x/Playte_games,https://x.com/Playte_games,Double Donkey,高いロバはお断り！ ダイスを選び、カードの価値を操って、誰よりも早く手札をなくそう。,"¥3,000",2〜5人,20〜20分,可,https://preorder.playte.com/,https://gamemarket.jp/game/189016,,新作,公式サイト,https://img.gamemarket.jp/20260911_164110_%EA%B7%B8%EB%A6%BC16.png,
企業エリア,両日,エリア-73,Playte,https://gamemarket.jp/booth/6006,https://unavatar.io/x/Playte_games,https://x.com/Playte_games,Hexxpeed,全員同時に、六角形タイルをどんどん配置！ 色をつなげて、誰よりも早く15枚を置き切ろう。,"¥3,500",2〜5人,20〜20分,可,https://preorder.playte.com/,https://gamemarket.jp/game/189015,,新作,公式サイト,https://img.gamemarket.jp/20260911_163817_%EA%B7%B8%EB%A6%BC15.png,
企業エリア,両日,エリア-73,Playte,https://gamemarket.jp/booth/6006,https://unavatar.io/x/Playte_games,https://x.com/Playte_games,Leaning tower of Pizza,ピザを重ねて、タワーを高く！ 崩したら負けの、ハラハラバランスゲーム。,"¥2,000",2〜4人,5〜5分,可,https://preorder.playte.com/,https://gamemarket.jp/game/189014,,新作,公式サイト,https://img.gamemarket.jp/20260911_162740_%EA%B7%B8%EB%A6%BC14.png,
企業エリア,両日,エリア-73,Playte,https://gamemarket.jp/booth/6006,https://unavatar.io/x/Playte_games,https://x.com/Playte_games,Big shot,競り落としたキューブを、どの土地に置くか。 借金も駆け引きも利用して、最も価値ある土地を手に入れろ！,"¥4,000",2〜4人,45〜45分,可,https://preorder.playte.com/,https://gamemarket.jp/game/189013,,新作,公式サイト,https://img.gamemarket.jp/20260911_162438_%EA%B7%B8%EB%A6%BC13.png,
企業エリア,両日,エリア-73,Playte,https://gamemarket.jp/booth/6006,https://unavatar.io/x/Playte_games,https://x.com/Playte_games,Playte rack,カードもタイルも、すっきり整理。 つなげればダイストレイにもなる、便利なゲームラック。,"¥2,500",1人,10〜10分,可,https://preorder.playte.com/,https://gamemarket.jp/game/189012,,新作,公式サイト,https://img.gamemarket.jp/20260911_162027_%EA%B7%B8%EB%A6%BC12.png,
企業エリア,両日,エリア-73,Playte,https://gamemarket.jp/booth/6006,https://unavatar.io/x/Playte_games,https://x.com/Playte_games,Junk Sail Dice Cup,薄く持ち運んで、使うときはダイスカップに。 ゲームのお供に便利な、コンパクトな6個セット。,"¥1,000",1人,10〜10分,可,https://preorder.playte.com/,https://gamemarket.jp/game/189011,,,公式サイト,https://img.gamemarket.jp/20260911_161357_Junk%20sail.jpg,
企業エリア,両日,エリア-73,Playte,https://gamemarket.jp/booth/6006,https://unavatar.io/x/Playte_games,https://x.com/Playte_games,the king is dead,王は死んだ。王国は三つに分かれた。 混乱するブリテンを制し、次の時代を導くのは誰だ？,"¥4,000",2〜4人,45〜45分,可,https://preorder.playte.com/,https://gamemarket.jp/game/189010,,新作,公式サイト,https://img.gamemarket.jp/20260911_160358_%EA%B7%B8%EB%A6%BC11.png,
企業エリア,両日,エリア-73,Playte,https://gamemarket.jp/booth/6006,https://unavatar.io/x/Playte_games,https://x.com/Playte_games,Pentoscow,街並みを組み合わせて、今日の日付を作ろう。 毎日新しい問題に挑戦できる、カレンダーパズル。,"¥3,000",1〜2人,14〜14分,可,https://preorder.playte.com/,https://gamemarket.jp/game/189009,,新作,公式サイト,https://img.gamemarket.jp/20260911_154855_%EA%B7%B8%EB%A6%BC10.png,
企業エリア,両日,エリア-73,Playte,https://gamemarket.jp/booth/6006,https://unavatar.io/x/Playte_games,https://x.com/Playte_games,Pensterdam,街並みを組み合わせて、今日の日付を作ろう。 毎日新しい問題に挑戦できる、カレンダーパズル。,"¥3,000",1〜2人,10〜10分,可,https://preorder.playte.com/,https://gamemarket.jp/game/189008,,新作,公式サイト,https://img.gamemarket.jp/20260911_154639_%EA%B7%B8%EB%A6%BC9.jpg,
企業エリア,両日,エリア-73,Playte,https://gamemarket.jp/booth/6006,https://unavatar.io/x/Playte_games,https://x.com/Playte_games,Multi sotry mansion,カードを出すたび、家が高くなる。 手札を減らしながら、自分だけの「物語の家」を完成させよう。,"¥2,500",2〜4人,20〜20分,可,https://preorder.playte.com/,https://gamemarket.jp/game/189007,,新作,公式サイト,https://img.gamemarket.jp/20260911_154313_%EA%B7%B8%EB%A6%BC8.png,
企業エリア,両日,エリア-73,Playte,https://gamemarket.jp/booth/6006,https://unavatar.io/x/Playte_games,https://x.com/Playte_games,Manila,船はマニラへ届くのか、それとも海賊の餌食になるのか。 競売、投資、航海――すべての決断が富へとつながる。,"¥4,500",3〜5人,60〜60分,可,https://preorder.playte.com/,https://gamemarket.jp/game/189006,,新作,公式サイト,https://img.gamemarket.jp/20260911_153350_%EA%B7%B8%EB%A6%BC7.png,
企業エリア,両日,エリア-73,Playte,https://gamemarket.jp/booth/6006,https://unavatar.io/x/Playte_games,https://x.com/Playte_games,Hepta,1人で解く、2人で競う。 運に頼らない、14個のピースが生み出す純粋な思考勝負。,"¥3,000",1〜2人,10〜10分,可,https://preorder.playte.com/,https://gamemarket.jp/game/189005,,新作,公式サイト,https://img.gamemarket.jp/20260911_151914_%EA%B7%B8%EB%A6%BC6.png,
企業エリア,両日,エリア-73,Playte,https://gamemarket.jp/booth/6006,https://unavatar.io/x/Playte_games,https://x.com/Playte_games,13 Animals,すべての動物を集める？ それとも全種類をそろえて伝説の「レインボー勝利」を目指す？,"¥2,500",2〜5人,20〜30分,可,https://preorder.playte.com/,https://gamemarket.jp/game/186909,,,公式サイト,https://img.gamemarket.jp/20251105_175011_13.jpg,
企業エリア,両日,エリア-73,Playte,https://gamemarket.jp/booth/6006,https://unavatar.io/x/Playte_games,https://x.com/Playte_games,Pentorini,小さくてかわいいけれど、手ごわい！ 毎日挑戦できるカレンダーパズル『ペントリニ』登場！,"¥3,000",1人,15〜20分,可,https://preorder.playte.com/,https://gamemarket.jp/game/186907,,,公式サイト,https://img.gamemarket.jp/20251105_174549_Pentorini.png,
企業エリア,両日,エリア-73,Playte,https://gamemarket.jp/booth/6006,https://unavatar.io/x/Playte_games,https://x.com/Playte_games,Too sloth to win,スピードよりもズルが勝つ!? のんびりレースの裏で、現金を狙え！,"¥3,000",3〜5人,20〜20分,可,https://preorder.playte.com/,https://gamemarket.jp/game/186903,,,公式サイト,https://img.gamemarket.jp/20251105_172014_%EA%B7%B8%EB%A6%BC1.jpg,
企業エリア,両日,エリア-73,Playte,https://gamemarket.jp/booth/6006,https://unavatar.io/x/Playte_games,https://x.com/Playte_games,Tic Tac Town,カラフルなサイコロで街をつくろう！ ひらめきと戦略が光る、3段階の難易度を楽しめるロジックパズル！,"¥3,500",2〜4人,10〜20分,可,https://preorder.playte.com/,https://gamemarket.jp/game/187058,,,公式サイト,https://img.gamemarket.jp/20251112_180227_Tic%20Tac%20Town.png,
企業エリア,両日,エリア-73,Playte,https://gamemarket.jp/booth/6006,https://unavatar.io/x/Playte_games,https://x.com/Playte_games,Meow in a row,5匹そろえたら、にゃん勝ち！ かわいくて奥深い、ねこの五目並べゲーム。,"¥3,500",2人,15〜15分,可,https://preorder.playte.com/,https://gamemarket.jp/game/187045,,,公式サイト,https://img.gamemarket.jp/20251111_180736_Meow%20in%20a%20row.png,
企業エリア,両日,エリア-73,Playte,https://gamemarket.jp/booth/6006,https://unavatar.io/x/Playte_games,https://x.com/Playte_games,Meow Cala,にゃんこをすくって、運んで、集めよう！ かわいさと知略が共演する、2人用キャット・マンカラ！,"¥3,500",2人,15〜20分,可,https://preorder.playte.com/,https://gamemarket.jp/game/187043,,,公式サイト,https://img.gamemarket.jp/20251111_180246_Meow%20Cala.jpg,
企業エリア,両日,エリア-73,Playte,https://gamemarket.jp/booth/6006,https://unavatar.io/x/Playte_games,https://x.com/Playte_games,Gangster,シカゴを制するのは誰だ——。 名誉も命も賭けた、血と策略の縄張り争い！,"¥4,000",2〜5人,60〜90分,可,https://preorder.playte.com/,https://gamemarket.jp/game/187028,,,公式サイト,https://img.gamemarket.jp/20251110_181158_%EA%B7%B8%EB%A6%BC2.jpg,
企業エリア,両日,エリア-73,Playte,https://gamemarket.jp/booth/6006,https://unavatar.io/x/Playte_games,https://x.com/Playte_games,Rollie,ロールしてキャッシュを狙え…それともクラッシュ!? 一瞬の判断が富と破滅を分ける、スリル満点のダイスゲーム！,"¥4,000",2〜7人,20〜20分,可,https://preorder.playte.com/,https://gamemarket.jp/game/186875,,,公式サイト,https://img.gamemarket.jp/20251104_191544_%EA%B7%B8%EB%A6%BC4.jpg,
企業エリア,両日,エリア-73,Playte,https://gamemarket.jp/booth/6006,https://unavatar.io/x/Playte_games,https://x.com/Playte_games,Orapa Space,レーザーで惑星の秘密を解き明かせ！ 反射と屈折の謎を読み解く、頭脳派SFロジックパズル！,"¥4,000",2〜5人,20〜25分,可,https://preorder.playte.com/,https://gamemarket.jp/game/186874,,,公式サイト,https://img.gamemarket.jp/20251104_190648_KakaoTalk_20251029_174241958.png,
企業エリア,両日,エリア-73,Playte,https://gamemarket.jp/booth/6006,https://unavatar.io/x/Playte_games,https://x.com/Playte_games,Beer Mug Dice,ビールジョッキが舞う、駆け引き満載の“サイコロなし”ダイスゲーム！,"¥3,500",3〜6人,20〜25分,可,https://preorder.playte.com/,https://gamemarket.jp/game/185677,,,公式サイト,https://img.gamemarket.jp/20250430_165003_BeerMugDice.jpg,
企業エリア,両日,エリア-73,Playte,https://gamemarket.jp/booth/6006,https://unavatar.io/x/Playte_games,https://x.com/Playte_games,Zombie Dot,シンプルだけど駆け引きが熱い、ゾンビ×タイル配置の対戦ゲーム。,"¥2,000",2〜4人,15〜20分,可,https://preorder.playte.com/,https://gamemarket.jp/game/185676,,,公式サイト,https://img.gamemarket.jp/20250430_164255_ZombieDot.png,
企業エリア,両日,エリア-73,Playte,https://gamemarket.jp/booth/6006,https://unavatar.io/x/Playte_games,https://x.com/Playte_games,Trio Vision,ボード上のコマを動かし、カードの配置（ナイトムーブ）と一致させて、素早く得点を狙う頭脳派パズルゲーム！,"¥3,000",1〜6人,25〜30分,可,https://preorder.playte.com/,https://gamemarket.jp/game/185656,,,公式サイト,https://img.gamemarket.jp/20250429_175740_triovision.jpg,
企業エリア,両日,エリア-73,Playte,https://gamemarket.jp/booth/6006,https://unavatar.io/x/Playte_games,https://x.com/Playte_games,Hellas,大理石を集め、村を都市へ。 古代ギリシャの島に、最も繁栄した都市を築け！,"¥4,500",2〜4人,45〜45分,可,https://preorder.playte.com/,https://gamemarket.jp/game/189004,,新作,公式サイト,https://img.gamemarket.jp/20260911_150357_%EA%B7%B8%EB%A6%BC5.png,
企業エリア,両日,エリア-73,Playte,https://gamemarket.jp/booth/6006,https://unavatar.io/x/Playte_games,https://x.com/Playte_games,Enemy Anemone,高いカードで勝つか、低いカードで次の一手を狙うか。 イソギンチャクを味方につけて、勝負をひっくり返せ！,"¥2,000",2〜6人,30〜30分,可,https://preorder.playte.com/,https://gamemarket.jp/game/189003,,新作,公式サイト,https://img.gamemarket.jp/20260911_144153_%EA%B7%B8%EB%A6%BC4.jpg,
企業エリア,両日,エリア-73,Playte,https://gamemarket.jp/booth/6006,https://unavatar.io/x/Playte_games,https://x.com/Playte_games,Dickory,刻一刻と変化するカードの強さ。時計の針を操り、手札を最速で出し切るクライミング系カードゲーム『ディコリー』。,"¥2,500",2人,20〜20分,可,https://preorder.playte.com/,https://gamemarket.jp/game/189002,,新作,公式サイト,https://img.gamemarket.jp/20260911_142951_%EA%B7%B8%EB%A6%BC3.png,
企業エリア,両日,エリア-73,Playte,https://gamemarket.jp/booth/6006,https://unavatar.io/x/Playte_games,https://x.com/Playte_games,Carolus magnus,カール大帝の後継者の座を狙え。5つのパラディン氏族を操り、帝国に自らの城を打ち立てる陣取りボードゲーム。,"¥4,000",2〜4人,45〜45分,可,https://preorder.playte.com/,https://gamemarket.jp/game/189001,,新作,公式サイト,https://img.gamemarket.jp/20260911_142117_%EA%B7%B8%EB%A6%BC2.png,
企業エリア,両日,エリア-73,Playte,https://gamemarket.jp/booth/6006,https://unavatar.io/x/Playte_games,https://x.com/Playte_games,Case 96,わずか12枚のカードで決まる、極限の心理戦。記憶とブラフが交錯する推理ゲーム『CASE 96』。,"¥2,500",3〜5人,25〜25分,可,https://preorder.playte.com/,https://gamemarket.jp/game/189000,,新作,公式サイト,https://img.gamemarket.jp/20260911_140652_%EA%B7%B8%EB%A6%BC1.png,
企業エリア,両日,エリア-73,Playte,https://gamemarket.jp/booth/6006,https://unavatar.io/x/Playte_games,https://x.com/Playte_games,Batam,スピードではなく、財宝こそが勝利の鍵！ 嵐の海を駆け抜け、最も裕福な船長を目指せ！,"¥4,000",3〜4人,45〜50分,可,https://preorder.playte.com/,https://gamemarket.jp/game/186962,,,公式サイト,https://img.gamemarket.jp/20251107_161854_batam.jpg,
企業エリア,両日,エリア-73,Playte,https://gamemarket.jp/booth/6006,https://unavatar.io/x/Playte_games,https://x.com/Playte_games,Meow 10,色を合わせる？ 数字を合わせる？ にゃんこたちと一緒に、10を目指して勝負にゃ！,"¥2,000",2〜5人,15〜15分,可,https://preorder.playte.com/,https://gamemarket.jp/game/186961,,,公式サイト,https://img.gamemarket.jp/20251107_161149_meow%2010.png,
企業エリア,両日,エリア-73,Playte,https://gamemarket.jp/booth/6006,https://unavatar.io/x/Playte_games,https://x.com/Playte_games,Gachapon trick,ガチャを回して、欲しいカードを手に入れろ！ 運と判断が交差する、新感覚トリックテイキング！ 実際にトークンが入ります！,"¥3,500",2〜4人,20〜30分,可,https://preorder.playte.com/,https://gamemarket.jp/game/186960,,,公式サイト,https://img.gamemarket.jp/20251107_160233_Gachapon%20Trick.png,
企業エリア,両日,エリア-73,Playte,https://gamemarket.jp/booth/6006,https://unavatar.io/x/Playte_games,https://x.com/Playte_games,Depot,倉庫は混乱中！ 誰よりも早く荷物を仕分けて、デポの達人になろう！,"¥2,000",3〜5人,15〜15分,可,https://preorder.playte.com/,https://gamemarket.jp/game/186959,,,公式サイト,https://img.gamemarket.jp/20251107_155603_zbv.jpg,
企業エリア,両日,エリア-73,Playte,https://gamemarket.jp/booth/6006,https://unavatar.io/x/Playte_games,https://x.com/Playte_games,Call My Trash,出すのはゴミ？ それともウソ？ 信用と疑いが入り混じる、究極のブラフゲーム！,"¥2,000",3〜8人,15〜15分,可,https://preorder.playte.com/,https://gamemarket.jp/game/186958,,,公式サイト,https://img.gamemarket.jp/20251107_154904_135124.jpg,
企業エリア,両日,エリア-73,Playte,https://gamemarket.jp/booth/6006,https://unavatar.io/x/Playte_games,https://x.com/Playte_games,Alphabet code,暗号を解け。文字の影に隠された真実を暴け。 『アルファベットコード』——思考と直感の推理パズル！,"¥2,500",2〜5人,20〜30分,可,https://preorder.playte.com/,https://gamemarket.jp/game/186957,,,公式サイト,https://img.gamemarket.jp/20251107_154343_Alphabet%20Code.png,
企業エリア,両日,エリア-73,Playte,https://gamemarket.jp/booth/6006,https://unavatar.io/x/Playte_games,https://x.com/Playte_games,Railway mini Chip 120,鉄道ゲームにも、経済ゲームにも。手触りと存在感をプラスする、120枚入りプレミアムチップセット。,"¥5,000",1人,10〜10分,可,https://preorder.playte.com/,https://gamemarket.jp/game/188294,,,公式サイト,https://img.gamemarket.jp/20260508_172541_Chips.png,
企業エリア,両日,エリア-73,Playte,https://gamemarket.jp/booth/6006,https://unavatar.io/x/Playte_games,https://x.com/Playte_games,Nebular Colors,宇宙の色をそろえて、新しい星を生み出そう。セットとランで競う、2人用カードゲーム。,"¥2,000",2人,25〜30分,可,https://preorder.playte.com/,https://gamemarket.jp/game/188293,,,公式サイト,https://img.gamemarket.jp/20260508_172307_Nebular%20Colors.jpg,
企業エリア,両日,エリア-73,Playte,https://gamemarket.jp/booth/6006,https://unavatar.io/x/Playte_games,https://x.com/Playte_games,Fenceolgoy,タイルをつなげてフェンスを閉じろ。小さな一手が陣取りを変える、シンプルで奥深いタイル配置ゲーム。,"¥2,500",1〜4人,15〜30分,可,https://preorder.playte.com/,https://gamemarket.jp/game/188292,,,公式サイト,https://img.gamemarket.jp/20260508_172021_Fenceology.png,
企業エリア,両日,エリア-73,Playte,https://gamemarket.jp/booth/6006,https://unavatar.io/x/Playte_games,https://x.com/Playte_games,North American Railways,鉄道会社に投資し、路線を広げ、誰よりも大きな資産を築け。シンプルだけど悩ましい鉄道投資ゲーム。,"¥4,000",3〜5人,45〜90分,可,https://preorder.playte.com/,https://gamemarket.jp/game/188291,,,公式サイト,https://img.gamemarket.jp/20260508_171725_%EA%B7%B8%EB%A6%BC3.png,
企業エリア,両日,エリア-73,Playte,https://gamemarket.jp/booth/6006,https://unavatar.io/x/Playte_games,https://x.com/Playte_games,"New York, New York",12のエリアにビルを建て、ニューヨークのスカイラインを完成させよう。シンプルで悩ましいカード配置ゲーム。,"¥2,500",2〜4人,25〜30分,可,https://preorder.playte.com/,https://gamemarket.jp/game/188287,,,公式サイト,https://img.gamemarket.jp/20260508_165052_New%20york%20New%20york.png,
企業エリア,両日,エリア-73,Playte,https://gamemarket.jp/booth/6006,https://unavatar.io/x/Playte_games,https://x.com/Playte_games,Finger Pirates,指を出すだけで駆け引き開始！ 欲張るほど危険な、海賊たちのかんたんビッドゲーム。,"¥2,000",4〜5人,15〜20分,可,https://preorder.playte.com/,https://gamemarket.jp/game/188286,,,公式サイト,https://img.gamemarket.jp/20260508_164345_%EA%B7%B8%EB%A6%BC2.png,
企業エリア,両日,エリア-73,Playte,https://gamemarket.jp/booth/6006,https://unavatar.io/x/Playte_games,https://x.com/Playte_games,Plotters inc,集めたいのは2色だけ。勝ちすぎても負けすぎても悩ましい、ひねりの効いたトリックテイキング。,"¥2,500",4〜6人,45〜60分,可,https://preorder.playte.com/,https://gamemarket.jp/game/188284,,,公式サイト,https://img.gamemarket.jp/20260508_162743_%EA%B7%B8%EB%A6%BC1.png,
企業エリア,両日,エリア-73,Playte,https://gamemarket.jp/booth/6006,https://unavatar.io/x/Playte_games,https://x.com/Playte_games,Game rack,カードも、ダイスも、ボードも支える。 形を変えて、ゲームをもっと快適に！,"¥1,500",人,〜分,可,https://preorder.playte.com/,https://gamemarket.jp/game/187218,,,公式サイト,https://img.gamemarket.jp/20251117_175412_Game%20Rack.png,
企業エリア,両日,エリア-73,Playte,https://gamemarket.jp/booth/6006,https://unavatar.io/x/Playte_games,https://x.com/Playte_games,Zombie Chess,夜が訪れ、墓地がざわめく——。 生者と死者の頭脳戦が、いま始まる。,"¥3,500",2人,25〜30分,可,https://preorder.playte.com/,https://gamemarket.jp/game/187217,,,公式サイト,https://img.gamemarket.jp/20251117_174121_15134.jpg,
企業エリア,両日,エリア-73,Playte,https://gamemarket.jp/booth/6006,https://unavatar.io/x/Playte_games,https://x.com/Playte_games,Layer Puzzle,,"¥4,000",1〜4人,10〜30分,可,https://preorder.playte.com/,https://gamemarket.jp/game/185563,,,公式サイト,https://img.gamemarket.jp/20250424_170936_Layer%20puzzle.jpg,
企業エリア,両日,エリア-73,Playte,https://gamemarket.jp/booth/6006,https://unavatar.io/x/Playte_games,https://x.com/Playte_games,Hoi Pho,,"¥1,500",3〜5人,20〜30分,可,https://preorder.playte.com/,https://gamemarket.jp/game/185561,,,公式サイト,https://img.gamemarket.jp/20250424_164658_hoi%20pho.png,
企業エリア,両日,エリア-73,Playte,https://gamemarket.jp/booth/6006,https://unavatar.io/x/Playte_games,https://x.com/Playte_games,Digit Code,プレイヤーは4種類の質問を使って相手の6桁の秘密コードを推理し、正解すれば勝利、2回間違えると敗北となります。,"¥2,500",2〜5人,20〜25分,可,https://preorder.playte.com/,https://gamemarket.jp/game/185559,,,公式サイト,https://img.gamemarket.jp/20250424_163210_digit%20code.png,
企業エリア,両日,エリア-73,Playte,https://gamemarket.jp/booth/6006,https://unavatar.io/x/Playte_games,https://x.com/Playte_games,Billabong,歩くか、跳ぶか、一気に連続ジャンプか。 カンガルーを飛び越えて、誰よりも早くビラボンを一周しよう！,"¥3,500",2〜4人,20〜30分,可,https://preorder.playte.com/,https://gamemarket.jp/game/185558,,,公式サイト,https://img.gamemarket.jp/20250424_161914_16454.png,
企業エリア,両日,エリア-73,Playte,https://gamemarket.jp/booth/6006,https://unavatar.io/x/Playte_games,https://x.com/Playte_games,Meow Meow Dice,かわいい猫になって執事からたくさんのご褒美をもらい、一番お金持ちになった猫が勝つゲーム！,"¥4,000",2〜4人,25〜30分,可,https://preorder.playte.com/,https://gamemarket.jp/game/185625,,,公式サイト,https://img.gamemarket.jp/20250428_183045_%EA%B7%B8%EB%A6%BC1.png,
企業エリア,両日,エリア-74,グループSNE,https://gamemarket.jp/booth/1028,https://unavatar.io/x/GroupSNE,https://x.com/GroupSNE,そういうお前はどうなんだ? 狂気病棟編,ゲムマ2026秋先行販売（2026/10/23発売）,"2,420円",3-6人,20分,情報なし,,https://www.groupsne.co.jp/products/bg/surprise_ending/kyoki.html,,新作,グループSNE公式サイト,https://www.groupsne.co.jp/products/bg/surprise_ending/img/kyoki_pv.png,
企業エリア,両日,エリア-74,グループSNE,https://gamemarket.jp/booth/1028,https://unavatar.io/x/GroupSNE,https://x.com/GroupSNE,永遠に眠る男,ゲムマ2026秋先行販売（2026/10/23発売）,"2,970円",5人,60分,情報なし,,https://www.groupsne.co.jp/products/bg/amm/amm07.html,,新作,グループSNE公式サイト,https://www.groupsne.co.jp/products/bg/amm/img/amm07_pv.png,
企業エリア,両日,エリア-74,グループSNE,https://gamemarket.jp/booth/1028,https://unavatar.io/x/GroupSNE,https://x.com/GroupSNE,そして誰もいなくなる？,ゲムマ2026秋先行販売（2026/11月発売）,"2,970円",1-4人,120分×1,情報なし,,https://www.groupsne.co.jp/products/bg/bloodyantique/t_17.html,,新作,グループSNE公式サイト,https://www.groupsne.co.jp/products/bg/bloodyantique/img/t_17_pv.png,
企業エリア,両日,エリア-74,グループSNE,https://gamemarket.jp/booth/1028,https://unavatar.io/x/GroupSNE,https://x.com/GroupSNE,引っ越しバイト,ゲムマ2026秋先行発売（2026/10/23発売）,"2,970円",3-4人,60分,情報なし,,https://www.groupsne.co.jp/products/bg/mmm/mmm28.html,,新作,グループSNE公式サイト,https://www.groupsne.co.jp/products/bg/mmm/img/mmm28_pv.png,
企業エリア,両日,エリア-74,グループSNE,https://gamemarket.jp/booth/1028,https://unavatar.io/x/GroupSNE,https://x.com/GroupSNE,卓上探偵団DEKA 集え、探偵諸君！,ゲムマ2026秋同日発売（2026/10/17発売）,"3,520円",1-4人,,情報なし,,https://www.groupsne.co.jp/products/bg/deka/deka04.html,,新作,グループSNE公式サイト,https://www.groupsne.co.jp/products/bg/deka/img/deka04_pv.png,
企業エリア,両日,エリア-74,グループSNE,https://gamemarket.jp/booth/1028,https://unavatar.io/x/GroupSNE,https://x.com/GroupSNE,崇高なる労働をいただきありがとうございます,ゲムマ2026秋同日発売（2026/10/17発売）,"4,400円",6人,200分,情報なし,,https://www.groupsne.co.jp/products/bg/mpb/mpb32.html,,新作,グループSNE公式サイト,https://www.groupsne.co.jp/products/bg/mpb/img/mpb32_pv.png,
企業エリア,両日,エリア-74,グループSNE,https://gamemarket.jp/booth/1028,https://unavatar.io/x/GroupSNE,https://x.com/GroupSNE,グループSNE トークセッション,エリア85「ウズ」ブースで安田均氏らが登壇,,,,情報なし,,https://x.com/GroupSNE/status/2107397953308721615,,,公式X,https://unavatar.io/x/GroupSNE?fallback=false,ロゴで代用
企業エリア,両日,エリア-78,わかさ生活,https://gamemarket.jp/booth/6330,https://unavatar.io/x/erroroid_game,https://x.com/erroroid_game,ERROROID ～ブローアウト～,新カードをゲムマで先行発売,,,,情報なし,,https://x.com/erroroid_game/status/2106347730268459274,,新作,公式X,https://pbs.twimg.com/media/HTtAF5ta4AA3xFm.jpg,
企業エリア,両日,エリア-78,わかさ生活,https://gamemarket.jp/booth/6330,https://unavatar.io/x/erroroid_game,https://x.com/erroroid_game,エラーロイド公式大会,わかさ生活ブースで公式大会。勝利数で景品,,,,情報なし,,https://x.com/erroroid_game/status/2103418234527756506,,,公式X,https://pbs.twimg.com/media/HTDXukea8AAAl1e.jpg,
企業エリア,両日,エリア-79,BakaFire Party,https://gamemarket.jp/booth/1031,https://img.gamemarket.jp/20260915_205317_ゲムマサイト_BFPロゴ.jpg,https://x.com/BakaFire,桜降る代に決闘を 再演 達人セット,９柱のメガミと共に、戦いの地平を拓け,"¥11,000",2人,20〜40分,不可,,https://gamemarket.jp/game/189089,,,公式サイト,https://img.gamemarket.jp/20260916_175555_mainvis_trim.png,
企業エリア,両日,エリア-79,BakaFire Party,https://gamemarket.jp/booth/1031,https://img.gamemarket.jp/20260915_205317_ゲムマサイト_BFPロゴ.jpg,https://x.com/BakaFire,桜降る代に決闘を 再演 基本セット,10年続く競技に 再演の今こそ挑もう,"¥6,000",2人,20〜40分,不可,,https://gamemarket.jp/game/189088,,,公式サイト,https://img.gamemarket.jp/20260916_174225_mainvis_trim.png,
企業エリア,両日,エリア-79,BakaFire Party,https://gamemarket.jp/booth/1031,https://img.gamemarket.jp/20260915_205317_ゲムマサイト_BFPロゴ.jpg,https://x.com/BakaFire,ドリームテーゼ,壊れながら、殺しきれ。,"¥6,000",1〜2人,30〜40分,不可,,https://gamemarket.jp/game/189069,,新作,公式サイト,https://img.gamemarket.jp/20260915_235429_%E3%82%B2%E3%83%A0%E3%83%9E%E3%82%B5%E3%82%A4%E3%83%88_%E3%83%89%E3%83%AA%E3%83%86%E3%83%88%E3%83%83%E3%83%97.jpg,
企業エリア,両日,エリア-81,バトルスピリッツ,https://gamemarket.jp/booth/6750,https://img.gamemarket.jp/ogp.png,https://x.com/bs_official,"商品購入キャンペーン（1,500円ごとに特別カード）","では1,500円購入ごとに、歴代アニメとキースピリットにフィーチャ…",,,,情報なし,,https://gamemarket.jp/blog/200014,,,ブースブログ,https://unavatar.io/x/bs_official?fallback=false,ロゴで代用
企業エリア,両日,エリア-81,バトルスピリッツ,https://gamemarket.jp/booth/6750,https://img.gamemarket.jp/ogp.png,https://x.com/bs_official,イベント限定 オフィシャルマットスリーブ 2026 Vol.2,ドを守るイベント限定スリーブが6色で新発売！ ご購入の際はご希望の…,,,,情報なし,,https://gamemarket.jp/blog/200011,,,ブースブログ,https://unavatar.io/x/bs_official?fallback=false,ロゴで代用
企業エリア,両日,エリア-82,NivelArena,https://gamemarket.jp/booth/5657,https://unavatar.io/x/NivelArena,https://x.com/NivelArena,NIKKE NivelArena スペシャルブースターパック,韓国語版。1箱15パック・1パック4枚,,,,可,https://forms.gle/DmP7wQK7mGrB2mY88,https://gamemarket.jp/blog/198934,,新作,ブースブログ,https://img.gamemarket.jp/20260914_092602_BT04%28box%29.png,
企業エリア,両日,エリア-82,NivelArena,https://gamemarket.jp/booth/5657,https://unavatar.io/x/NivelArena,https://x.com/NivelArena,エピックセブン NivelArena ブースターパック BT04,韓国語版。1箱24パック・1パック6枚,,,,可,https://forms.gle/DmP7wQK7mGrB2mY88,https://gamemarket.jp/blog/198934,,,ブースブログ,https://img.gamemarket.jp/20260914_093158_SB01%28box%29%20%281%29.png,
企業エリア,両日,エリア-83,DRAGON SHOGUN,https://gamemarket.jp/booth/6686,https://unavatar.io/x/dshoguntcg,https://x.com/dshoguntcg,ドラゴンショーグン 体験版,戦国ファンタジーTCGの体験版を先行販売。無料体験・PRカード配布,,,,情報なし,,https://x.com/dshoguntcg/status/2107402482875789777,,新作,公式X,https://pbs.twimg.com/media/HTl8HwlbUAAqHQO.jpg,
企業エリア,両日,エリア-85,ウズ,https://gamemarket.jp/booth/4382,https://unavatar.io/x/uzuappjp,https://x.com/uzuappjp,ウズ ステージイベント,ステージイベントとプレイ作品を発表。着席観覧は事前抽選,,,,情報なし,,https://x.com/uzuappjp/status/2106342630183637307,,,公式X,https://pbs.twimg.com/media/HTs6LxNawAA4AbJ.jpg,
企業エリア,両日,エリア-86,冒険企画局,https://gamemarket.jp/booth/1009,https://unavatar.io/x/Bouken_jp,https://x.com/Bouken_jp,JK SUKEBAN RETSUDEN ゲームマーケット2026秋限定先行版,平成？ 令和？ そんなのしらねえ！ 昭和101年のスケバンバトルをとくと見よ！,"¥3,000",2〜6人,15〜30分,不可,,https://gamemarket.jp/game/189484,,新作,公式サイト,https://img.gamemarket.jp/20261001_024704_JK_POP07.jpg,
企業エリア,両日,エリア-90,タカラッシュ,https://gamemarket.jp/booth/4574,https://unavatar.io/x/real_takara,https://x.com/real_takara,マトリョーシカ,あなたはマトリョーシカに込められた”呪い”を解くことができますか？,"¥5,000",1〜人,240〜360分,可,https://takaraport.jp/shop/g/gmatoryoshika/,https://gamemarket.jp/game/188814,,,公式サイト,https://img.gamemarket.jp/20260828_124109_matoryoshika_2dcb37aaec2e4f5389b4e59ef6915dfe.jpg,
企業エリア,両日,エリア-90,タカラッシュ,https://gamemarket.jp/booth/4574,https://unavatar.io/x/real_takara,https://x.com/real_takara,魔法のかかった泡沫宝石,宝石石鹸×謎解き。,"¥1,980",1〜人,30〜分,可,https://takaraport.jp/shop/g/gutakatagem01/,https://gamemarket.jp/game/188813,,新作,公式サイト,https://img.gamemarket.jp/20260828_122744_item-20260616-soap.jpg,
企業エリア,両日,エリア-90,タカラッシュ,https://gamemarket.jp/booth/4574,https://unavatar.io/x/real_takara,https://x.com/real_takara,TSUMUGI,ガラスペン×謎解き。,"¥2,600",1〜人,〜分,不可,,https://gamemarket.jp/game/188812,,新作,公式サイト,https://img.gamemarket.jp/20260828_122430_item-20260813-pen.jpg,
企業エリア,両日,エリア-90,タカラッシュ,https://gamemarket.jp/booth/4574,https://unavatar.io/x/real_takara,https://x.com/real_takara,Mysterious Fairy Tale -Little Bloody Red Riding Hood -,赤ずきんをテーマにした高難易度の、ダークミステリー謎解き,"¥3,500",1〜人,120〜分,不可,,https://gamemarket.jp/game/185970,,,公式サイト,https://img.gamemarket.jp/20250515_195049_Mysterious%20Fairy%20Tale%20-Little%20Bloody%20Red%20Riding%20Hood-_%E3%83%9D%E3%82%B9%E3%82%BF%E3%83%BC%E3%83%AA%E3%82%B6%E3%82%A4%E3%82%BA%E7%94%BB%E5%83%8F-03.jpg,
企業エリア,両日,エリア-90,タカラッシュ,https://gamemarket.jp/booth/4574,https://unavatar.io/x/real_takara,https://x.com/real_takara,しおり謎シリーズ vol.9～12,物語を読み解きながら”しおりを使って解く”謎解き。,¥680,1〜人,30〜分,不可,,https://gamemarket.jp/game/185969,,,公式サイト,https://img.gamemarket.jp/20260828_145834_%E3%83%AA%E3%82%B5%E3%82%A4%E3%82%BA-03.jpg,
企業エリア,両日,エリア-90,タカラッシュ,https://gamemarket.jp/booth/4574,https://unavatar.io/x/real_takara,https://x.com/real_takara,しおり謎シリーズ vol.5～8,物語を読み解きながら”しおりを使って解く”謎解き。,¥800,1〜人,30〜分,不可,,https://gamemarket.jp/game/185967,,,公式サイト,https://img.gamemarket.jp/20260828_144640_Art%20Bookmark%20Mystery(vol.5-vol.8)_WEB%E7%94%BB%E5%83%8F-03.jpg,
企業エリア,両日,エリア-90,タカラッシュ,https://gamemarket.jp/booth/4574,https://unavatar.io/x/real_takara,https://x.com/real_takara,しおり謎シリーズ vol.1～3,物語を読み解きながら”しおりを使って解く”謎解き。,¥680,1〜人,30〜分,不可,,https://gamemarket.jp/game/185966,,,公式サイト,https://img.gamemarket.jp/20250515_192910_Art%20Bookmark%20Mystery_SHOP%E7%94%BB%E5%83%8F-03.jpg,
企業エリア,両日,エリア-90,タカラッシュ,https://gamemarket.jp/booth/4574,https://unavatar.io/x/real_takara,https://x.com/real_takara,SECRET＝SHERLOCKシリーズ,これは、かつてホームズとワトスンが体験した、まだ誰も知らない秘密の事件の物語。,"¥2,600",1〜人,90〜分,可,https://takaraport.jp/shop/r/rSHERLOCK/,https://gamemarket.jp/game/185961,,新作,公式サイト,https://img.gamemarket.jp/20260828_115433_sherlockomatome_7a83fc5673834a1293523f7c15f63d4a.jpg,
企業エリア,両日,エリア-92,タンブルウィード,https://gamemarket.jp/booth/3053,https://unavatar.io/x/tumbleweedjp,https://x.com/tumbleweedjp,REDRUM08 カナメ探偵の完全なる推理,その推理が覆ることはない。,"¥6,900",7人,150〜分,不可,,https://gamemarket.jp/game/189657,,新作,公式サイト,https://img.gamemarket.jp/20261006_165511_%E3%82%AB%E3%83%8A%E3%83%A1%E6%8E%A2%E5%81%B5_KV_H%20(1).png,
企業エリア,両日,エリア-92,タンブルウィード,https://gamemarket.jp/booth/3053,https://unavatar.io/x/tumbleweedjp,https://x.com/tumbleweedjp,TUMBLEWEED ALLSTAR THE LAST,,"¥22,000",1〜人,650〜分,不可,,https://gamemarket.jp/game/189649,,新作,公式サイト,https://img.gamemarket.jp/20261006_141838_kv_as26_sq2.jpg,
企業エリア,両日,エリア-92,タンブルウィード,https://gamemarket.jp/booth/3053,https://unavatar.io/x/tumbleweedjp,https://x.com/tumbleweedjp,SORT＋CONTROLLER名作復刻セット,,"5,000円",1〜人,180〜360分,不可,,https://gamemarket.jp/game/189659,,新作,公式サイト,https://img.gamemarket.jp/20261006_173955_kv_sortCtrl_sq.jpg,
企業エリア,両日,エリア-92,タンブルウィード,https://gamemarket.jp/booth/3053,https://unavatar.io/x/tumbleweedjp,https://x.com/tumbleweedjp,26＋12 タンブルウィードスターターセット,,"5,000円",1〜人,150〜300分,不可,,https://gamemarket.jp/game/189658,,新作,公式サイト,https://img.gamemarket.jp/20261006_173011_render_set.jpg,
企業エリア,両日,エリア-92,タンブルウィード,https://gamemarket.jp/booth/3053,https://unavatar.io/x/tumbleweedjp,https://x.com/tumbleweedjp,ONE OPERATION QuizKnockコラボエディ…,,"2,500円",1〜人,90〜分,不可,,https://gamemarket.jp/game/189651,,新作,公式サイト,https://img.gamemarket.jp/20261006_144305_kv_oneyama_h%20(1).jpg,
企業エリア,両日,エリア-92,タンブルウィード,https://gamemarket.jp/booth/3053,https://unavatar.io/x/tumbleweedjp,https://x.com/tumbleweedjp,Q,,"3,000円",1〜人,90〜180分,不可,,https://gamemarket.jp/game/189650,,新作,公式サイト,https://img.gamemarket.jp/20261006_143531_kv_q_h%20(1)%20(1).jpg,
一般,両日,A001,四等星,https://gamemarket.jp/booth/2018,,https://x.com/reibodoge,はらわたの路地へ2 論理秘薬,ソロゲ―×コミック！読んで遊んで世界を楽しむ。,"¥4,500",1人,40〜240分,不可,,https://gamemarket.jp/game/189495,,新作,公式サイト,https://img.gamemarket.jp/20260930_205938_%E3%83%91%E3%83%BC%E3%82%B9%E7%A2%BA%E8%AA%8D%E7%94%A8_TowardsGutAlley2.jpg,
一般,両日,A001,四等星,https://gamemarket.jp/booth/2018,,https://x.com/reibodoge,電車でRole!!-首都圏版-,駅間は何分？所要時間で進め！,"¥3,000",2〜5人,15〜30分,可,https://forms.gle/6SeEVu7LyXpKNgYx5,https://gamemarket.jp/game/188896,,新作,公式サイト,https://img.gamemarket.jp/20260902_185314_%E7%AE%B1%E7%AB%8B%E4%BD%93%E8%A1%A8.png,
一般,両日,A001,四等星,https://gamemarket.jp/booth/2018,,https://x.com/reibodoge,シンカロン,30万年くらい前からあった気がする、あまりに手になじむトリックテイキングゲーム。,"¥1,000",3〜5人,20〜40分,不可,,https://gamemarket.jp/game/189680,,新作,公式サイト,https://img.gamemarket.jp/20261006_220833_box-image.png,
一般,両日,A001,四等星,https://gamemarket.jp/booth/2018,,https://x.com/reibodoge,電車でRole!!,乗換案内アプリを活用したユニークなパーティーゲーム♪,"3,000円",2〜5人,15〜30分,情報なし,,https://gamemarket.jp/game/188896,あり,新作,ボドゲゴー,https://storage.googleapis.com/bodogego_public/creator_event/game_market_2026_autumn/game/%E5%9B%9B%E7%AD%89%E6%98%9F_%E9%9B%BB%E8%BB%8A%E3%81%A7Role!!.jpg,
一般,両日,A001,四等星,https://gamemarket.jp/booth/2018,,https://x.com/reibodoge,忍者とコロッケ,ZAHAB以来となるロンデル＋手札構築ゲーム,"4,000円",2〜4人,30〜45分,情報なし,,https://x.com/reibodoge/status/1974045236575035868,あり,,ボドゲゴー,https://storage.googleapis.com/bodogego_public/creator_event/game_market_2025_autumn/game/%E5%9B%9B%E7%AD%89%E6%98%9F_%E5%BF%8D%E8%80%85%E3%81%A8%E3%82%B3%E3%83%AD%E3%83%83%E3%82%B1.png,
一般,両日,A001,四等星,https://gamemarket.jp/booth/2018,,https://x.com/reibodoge,したいしたいばぁ,親が今やりたそうなことを選ぶ価値観共有系パーティーゲーム♪,"1,000円",4〜8人,10〜15分,情報なし,,https://gamemarket.jp/game/185229,あり,,ボドゲゴー,https://storage.googleapis.com/bodogego_public/creator_event/game_market_2025_autumn/game/%E5%9B%9B%E7%AD%89%E6%98%9F_%E3%81%97%E3%81%9F%E3%81%84%E3%81%97%E3%81%9F%E3%81%84%E3%81%B0%E3%81%81.png,
一般,両日,A001,四等星,https://gamemarket.jp/booth/2018,,https://x.com/reibodoge,クエスチョンBooBoo,子の質問に親がブーイングするお題当て系ゲーム,"2,000円",3〜6人,20〜30分,情報なし,,,あり,,ボドゲゴー,https://storage.googleapis.com/bodogego_public/creator_event/game_market_2026_spring/game/%E5%9B%9B%E7%AD%89%E6%98%9F_%E3%82%AF%E3%82%A8%E3%82%B9%E3%83%81%E3%83%A7%E3%83%B3BooBoo.jpg,
一般,両日,A001,四等星,https://gamemarket.jp/booth/2018,,https://x.com/reibodoge,女体化ラプソディ,TSものあるあるをリアルに再現したボードゲーム,"1,000円",3〜5人,30〜45分,情報なし,,https://gamemarket.jp/game/182827,あり,,ボドゲゴー,https://storage.googleapis.com/bodogego_public/creator_event/game_market_2026_spring/game/%E5%9B%9B%E7%AD%89%E6%98%9F_%E5%A5%B3%E4%BD%93%E5%8C%96%E3%83%A9%E3%83%97%E3%82%BD%E3%83%87%E3%82%A3.jpg,
一般,両日,A003,Amuri Studio,https://gamemarket.jp/booth/5429,,,Demonuki,1,"¥2,500",3〜5人,5〜10分,可,https://forms.gle/wtFXsy2mKb3oQ6tZA,https://gamemarket.jp/game/184781,,,公式サイト,https://img.gamemarket.jp/20241112_101057_Demonuki_Box_Top.jpg,
一般,両日,A003,Amuri Studio,https://gamemarket.jp/booth/5429,,,Hero or Villain Battle Royale,1,"¥3,000",2〜5人,10〜20分,可,https://forms.gle/wtFXsy2mKb3oQ6tZA,https://gamemarket.jp/game/184780,,,公式サイト,https://img.gamemarket.jp/20241112_100229_3%20promo%20920x680.jpg,
一般,両日,A003,Amuri Studio,https://gamemarket.jp/booth/5429,,,Fantasy Tavern Brawl,1,"¥3,000",2〜5人,5〜15分,可,https://forms.gle/wtFXsy2mKb3oQ6tZA,https://gamemarket.jp/game/184779,,,公式サイト,https://img.gamemarket.jp/20241112_095452_FTB-Landscape-SideSign.jpg,
一般,両日,A003,Amuri Studio,https://gamemarket.jp/booth/5429,,,Nine Tails,あなたは森の神であり、古代で強力であり、森のキツネの友人であり指導者です。,"¥3,000",2〜5人,30〜45分,可,https://forms.gle/wtFXsy2mKb3oQ6tZA,https://gamemarket.jp/game/189336,,新作,公式サイト,https://img.gamemarket.jp/20260923_103111_cover.jpg,
一般,両日,A003,Amuri Studio,https://gamemarket.jp/booth/5429,,,The Coil,,"¥3,000",2〜5人,30〜45分,可,https://forms.gle/wtFXsy2mKb3oQ6tZA,https://gamemarket.jp/game/186837,,,公式サイト,https://img.gamemarket.jp/20251102_234440_coilbanner.jpg,
一般,両日,A004,有限浪漫,https://gamemarket.jp/booth/1136,,https://x.com/masanofu55,マウンティングお嬢様アンコール,カードを出し合いマウント勝負！心をへし折るミニストラテジーカードゲームです！,"1,500円",2〜2人,10〜20分,情報なし,,https://gamemarket.jp/game/188710,あり,新作,ボドゲゴー,https://storage.googleapis.com/bodogego_public/creator_event/game_market_2026_autumn/game/%E6%9C%89%E9%99%90%E6%B5%AA%E6%BC%AB_%E3%83%9E%E3%82%A6%E3%83%B3%E3%83%86%E3%82%A3%E3%83%B3%E3%82%B0%E3%81%8A%E5%AC%A2%E6%A7%98%E3%82%A2%E3%83%B3%E3%82%B3%E3%83%BC%E3%83%AB.jpg,
一般,両日,A005,TottoTottino,https://gamemarket.jp/booth/5026,,,Parkoon パークーン,「すごろく×拡大再生産」の遊園地経営。初心者からゲーマーまで / Roll-and-move × engine-building,"¥2,000",2〜4人,20〜30分,可,https://40vmie.share-na2.hsforms.com/2vZxB5wPsR7CNdtWAM3lDLA,https://gamemarket.jp/game/186662,,,公式サイト,https://img.gamemarket.jp/20251025_104704_Parkoon_image_7_10.png,
一般,両日,A005,TottoTottino,https://gamemarket.jp/booth/5026,,,モフチップ MofuChip 모프칩,"かわいいのにガチ! Cute, but serious! Mignon, mais du sérieux! 귀엽지만, 진지해!","¥2,000",3〜5人,15〜15分,可,https://40vmie.share-na2.hsforms.com/2vZxB5wPsR7CNdtWAM3lDLA,https://gamemarket.jp/game/187520,,,公式サイト,https://img.gamemarket.jp/20260418_124053_MofuTop.png,
一般,両日,A005,TottoTottino,https://gamemarket.jp/booth/5026,,,モフチップ＋（ぷらす） MofuChip +(plus),勝つだけじゃない！「何位になるか」を狙うモフチップ拡張,¥500,3〜5人,15〜25分,可,https://40vmie.share-na2.hsforms.com/2vZxB5wPsR7CNdtWAM3lDLA,https://gamemarket.jp/game/189490,,新作,公式サイト,https://img.gamemarket.jp/20261006_110612_MofuChipPlus.png,
一般,両日,A005,TottoTottino,https://gamemarket.jp/booth/5026,,,Topping,気まぐれなお客のリクエストに応え、巧みな設備投資とリスク対応で伝説のピザショップオーナーをめざせ！,"¥4,000",3〜5人,45〜75分,可,https://40vmie.share-na2.hsforms.com/2vZxB5wPsR7CNdtWAM3lDLA,https://gamemarket.jp/game/182784,,,公式サイト,https://img.gamemarket.jp/20240516_134406_GP5L2435_logoN.png,
一般,両日,A005,TottoTottino,https://gamemarket.jp/booth/5026,,,HOMALET,戦力強化と協力が勝利の鍵 / Strengthening forces and cooperation are the keys,"¥2,000",3〜7人,20〜40分,可,https://40vmie.share-na2.hsforms.com/2vZxB5wPsR7CNdtWAM3lDLA,https://gamemarket.jp/game/185523,,,公式サイト,https://img.gamemarket.jp/20250422_180309_0.jpg,
一般,両日,A006,EdisonBrain,https://gamemarket.jp/booth/6507,,,ひらがな麻雀 ひらがじゃん プロ版,Makuakeで即完売した「プロ版」が、ついに一般販売開始！,"¥13,000",2〜4人,15〜30分,可,https://forms.gle/xTEwVFUsJCCoS5uj9,https://gamemarket.jp/game/188917,,新作,公式サイト,https://img.gamemarket.jp/20260915_120411_%E3%82%B2%E3%83%A0%E3%83%9E_%E3%82%B2%E3%83%BC%E3%83%A0%E7%94%BB%E5%83%8F.jpg,
一般,両日,A006,EdisonBrain,https://gamemarket.jp/booth/6507,,,賃貸ポーカー,理想と妥協の「最強間取り」を目指す、ポーカー風カードゲーム！,"¥1,500",2〜6人,5〜15分,不可,,https://gamemarket.jp/game/189462,,新作,公式サイト,https://img.gamemarket.jp/20260929_164618_%E3%82%B2%E3%83%A0%E3%83%9E_%E3%82%B2%E3%83%BC%E3%83%A0%E7%94%BB%E5%83%8F%20(2).jpg,
一般,両日,A006,EdisonBrain,https://gamemarket.jp/booth/6507,,,ひらがな麻雀 ひらがじゃん アクア,濡れても安心⁉防水仕様のカード版が登場！,"¥1,500",2〜4人,5〜15分,不可,,https://gamemarket.jp/game/189460,,新作,公式サイト,https://img.gamemarket.jp/20260929_160711_%E3%82%B2%E3%83%A0%E3%83%9E_%E3%82%B2%E3%83%BC%E3%83%A0%E7%94%BB%E5%83%8F%20(1).jpg,
一般,両日,A006,EdisonBrain,https://gamemarket.jp/booth/6507,,,ひらがな麻雀 ひらがじゃん 牌版,新感覚！ひらがなで麻雀！？ひらがなで言葉をつくる、麻雀風ボードゲーム,"¥4,500",2〜4人,15〜30分,不可,,https://gamemarket.jp/game/187576,,新作,公式サイト,https://img.gamemarket.jp/20260410_171440_%E7%89%8C%E6%9F%84.jpg,
一般,両日,A008,偽善者の会,https://gamemarket.jp/booth/4353,,,フェルメルの真珠の耳飾りの少女の神経衰弱,神経衰弱です。,"¥2,000",2〜10人,10〜10分,不可,,https://gamemarket.jp/game/187829,,,公式サイト,https://img.gamemarket.jp/no-image.png,
一般,両日,A008,偽善者の会,https://gamemarket.jp/booth/4353,,,みどり神経衰弱人間卒業,みどりって200色あんねん。,"¥2,000",2〜32人,10〜10分,不可,,https://gamemarket.jp/game/187485,,,公式サイト,https://img.gamemarket.jp/no-image.png,
一般,両日,A011,Atelier Mimir,https://gamemarket.jp/booth/1145,,,旅するゲームブック：東京,世界の各都市をテーマにした「旅するゲームブック」シリーズ 第6弾,"¥1,500",1人,15〜30分,可,https://forms.gle/B9t1WQA1E2YS6iWG9,https://gamemarket.jp/game/189591,,新作,公式サイト,https://img.gamemarket.jp/20261004_205505_%E3%82%B1%E3%82%99%E3%83%A0%E3%83%9E%E8%A8%98%E4%BA%8B_%E8%A6%8B%E5%87%BA%E3%81%97%E7%94%A8.jpg,
一般,両日,A013,遊宝洞,https://gamemarket.jp/booth/6817,,,ドロー・プレイ・アクション！,毎ターンやること上書き系カードゲーム,"¥2,500",2〜4人,30〜40分,可,https://docs.google.com/forms/d/14WmH0nBCPhlxbsoDDSgauuH4jnq1pWSdRJofSAyKem8/edit?hl=ja,https://gamemarket.jp/game/188895,,新作,公式サイト,https://img.gamemarket.jp/20260902_175109_%E3%83%89%E3%83%AD%E3%83%97%E3%83%AC%E5%9B%9B%E8%A7%92%E8%AB%B8%E6%83%85%E5%A0%B1.jpg,
一般,両日,A015,Dragon Create,https://gamemarket.jp/booth/5872,,,AGITATOR（アジテーター）,その選択を『イデオロギー』と呼ぶ⸻,"¥2,970",2〜4人,20〜30分,可,https://docs.google.com/forms/d/e/1FAIpQLSfdpNGq5Q_kV7WIqSlx2mp3Hd9irZyLjslM6VwHp8-Y1jSo6g/viewform?usp=dialog,https://gamemarket.jp/game/188916,,新作,公式サイト,https://img.gamemarket.jp/20260904_131342_GM2026_AG.jpg,
一般,両日,A017,Wablues(ウェーブルーズ),https://gamemarket.jp/booth/4060,,https://x.com/namiki39035162,ひらめけペンポン！,絵とルールが超シンプルで、絵本みたいなペンギンが可愛い協力クイズゲーム！,"¥2,500",2〜5人,10〜分,可,https://docs.google.com/forms/d/e/1FAIpQLScKWIKcPOL5PwEwMBCwLU1PeM9HBLeVpgj6zVhUZCaoZAdLxQ/viewform,https://gamemarket.jp/game/188789,あり,新作,公式サイト,https://img.gamemarket.jp/20260823_190129_%E3%82%B5%E3%83%A0%E3%83%8D%E3%82%A4%E3%83%AB%E7%94%BB%E5%83%8F.jpg,
一般,両日,A017,Wablues(ウェーブルーズ),https://gamemarket.jp/booth/4060,,https://x.com/namiki39035162,これがアウチュー！,相手の好みからアウチュー！を予測する！ドキドキ推理パーティゲーム！,"2,000円",2〜6人,10〜20分,情報なし,,https://gamemarket.jp/game/187546?utm_source=bodogemikke&utm_medium=referral&utm_campaign=gm_special&utm_content=game%3Aouchu,あり,,ボドゲゴー,https://storage.googleapis.com/bodogego_public/creator_event/game_market_2026_autumn/game/Wablues(%E3%82%A6%E3%82%A7%E3%83%BC%E3%83%96%E3%83%AB%E3%83%BC%E3%82%BA)_%E3%81%93%E3%82%8C%E3%81%8C%E3%82%A2%E3%82%A6%E3%83%81%E3%83%A5%E3%83%BC%EF%BC%81.jpg,
一般,両日,A018,ノスゲムとさとーふぁみりあ,https://gamemarket.jp/booth/1494,,,コロコロキッチンスクランブル,,"¥6,500",2〜5人,20〜30分,可,https://forms.gle/GSmcze2p4BTKno7e8,https://gamemarket.jp/game/188968,,新作,公式サイト,https://img.gamemarket.jp/20260909_131753_12237.jpg,
一般,両日,A018,ノスゲムとさとーふぁみりあ,https://gamemarket.jp/booth/1494,,,ハピエストタウンLink,限られた土地で理想の街をつなげましょう,"¥1,500",2〜4人,20〜20分,可,%E6%BA%96%E5%82%99%E4%B8%AD,https://gamemarket.jp/game/188972,,新作,公式サイト,https://img.gamemarket.jp/20260909_224236_%E7%94%BB%E5%83%8F1.jpg,
一般,両日,A019,TeamRABI,https://gamemarket.jp/booth/3750,,https://x.com/RabbitNoname,Rabbit Rock Racing Royal（ラビットロックレーシングロイヤル）,絶望再び！蘇る借金トリテ,"¥3,500",2〜5人,30〜45分,可,https://forms.gle/RBsSb1bvXnKYDxae6,https://gamemarket.jp/game/189095,,新作,公式サイト,https://img.gamemarket.jp/20260917_042228_ver2_535761_TeamRABI%20(1).jpg,
一般,両日,A019,TeamRABI,https://gamemarket.jp/booth/3750,,https://x.com/RabbitNoname,ラビットレコード~Rabbit Record~,レコードを廻せば運勢が決まる,¥300,1〜人,〜分,可,https://forms.gle/RBsSb1bvXnKYDxae6,https://gamemarket.jp/game/185223,,,公式サイト,https://img.gamemarket.jp/20250417_023138_1M_RR.png,
一般,両日,A019,TeamRABI,https://gamemarket.jp/booth/3750,,https://x.com/RabbitNoname,【拡張】うさぎ探偵うさたん,さがせ、うさたん！,¥500,2〜5人,10〜15分,可,https://forms.gle/RBsSb1bvXnKYDxae6,https://gamemarket.jp/game/184742,,,公式サイト,https://img.gamemarket.jp/20260928_035259_%E3%81%86%E3%81%95%E3%81%8E%E6%8E%A2%E5%81%B5%E6%8B%A1%E5%BC%B5%20-%20%E3%82%B3%E3%83%94%E3%83%BC.png,
一般,両日,A019,TeamRABI,https://gamemarket.jp/booth/3750,,https://x.com/RabbitNoname,あわてんぼうの～うサンタさん～,いそげ、うサンタさん,"¥2,500",2〜5人,10〜15分,可,https://forms.gle/RBsSb1bvXnKYDxae6,https://gamemarket.jp/game/184127,,,公式サイト,https://img.gamemarket.jp/20241019_012023_usanta_snsbnr.png,
一般,両日,A019,TeamRABI,https://gamemarket.jp/booth/3750,,https://x.com/RabbitNoname,67（ロクナナ）,脱落したら意味が無いゲーム,"¥1,500",3〜5人,20〜30分,可,https://forms.gle/RBsSb1bvXnKYDxae6,https://gamemarket.jp/game/187938,,,公式サイト,https://img.gamemarket.jp/20260513_204819_%E5%AE%A3%E4%BC%9D%E3%83%81%E3%83%A9%E3%82%B7_%E8%A1%A8_67%20(1).png,
一般,両日,A019,TeamRABI,https://gamemarket.jp/booth/3750,,https://x.com/RabbitNoname,イマーシブテイル,可能性を追求する推理ゲーム,"¥2,000",2〜5人,20〜30分,可,https://forms.gle/RBsSb1bvXnKYDxae6,https://gamemarket.jp/game/187933,,,公式サイト,https://img.gamemarket.jp/20260528_152559_Prio_henkei_%E6%9E%A0%E7%84%A1_1M.png,
一般,両日,A019,TeamRABI,https://gamemarket.jp/booth/3750,,https://x.com/RabbitNoname,うさぎ探偵 うさたん,おともだちは…たぶんこの子！,"¥1,500",2〜6人,15〜20分,可,https://forms.gle/RBsSb1bvXnKYDxae6,https://gamemarket.jp/game/180883,,,公式サイト,https://img.gamemarket.jp/20241019_002746_usatan_snsbnr%20-%20%E3%82%B3%E3%83%94%E3%83%BC.png,
一般,両日,A019,TeamRABI,https://gamemarket.jp/booth/3750,,https://x.com/RabbitNoname,拡張：うさぎ探偵,今度はうさぎ探し！,500円,2〜5人,15〜20分,情報なし,,https://gamemarket.jp/game/184742,,,ボドゲゴー,https://storage.googleapis.com/bodogego_public/creator_event/game_market_2025_spring/TeamRABI_%E6%8B%A1%E5%BC%B5%EF%BC%9A%E3%81%86%E3%81%95%E3%81%8E%E6%8E%A2%E5%81%B5.png,
一般,両日,A021,おかわりゲームス,https://gamemarket.jp/booth/6818,,,さっきまで好きって言ってたのに,砂時計で、好き嫌いがひっくり返る！？リアルタイム協力連想ゲーム,"¥2,500",3〜8人,10〜15分,可,https://sakkimade-suki-gm2026.takaseman-0812.chatgpt.site/,https://gamemarket.jp/game/189149,,新作,公式サイト,https://img.gamemarket.jp/20260918_193740_%E3%83%95%E3%82%99%E3%83%BC%E3%82%B9%E3%82%AB%E3%83%83%E3%83%88%E3%81%AE%E3%82%B3%E3%83%92%E3%82%9A%E3%83%BC.jpg,
一般,両日,A022,ソラガメスタジオ,https://gamemarket.jp/booth/4562,,,SYMBOLS（シンボルズ）-PUPPIES & FLOWERS-,お題のシンボルが多く含まれた絵柄カードを探せ！,"¥2,000",2〜5人,5〜10分,不可,,https://gamemarket.jp/game/189026,,新作,公式サイト,https://img.gamemarket.jp/20260911_220727_symbols_kv.jpg,
一般,両日,A022,ソラガメスタジオ,https://gamemarket.jp/booth/4562,,,MIMIC MANSION（ミミックマンション）,屋敷の物に擬態したミミックたちがテーマのデッキ構築ボードゲームです,"¥6,000",2〜4人,45〜75分,不可,,https://gamemarket.jp/game/185940,,,公式サイト,https://img.gamemarket.jp/20250514_102710_CF_pre_top_02.jpg,
一般,両日,A023,ピーナツデザイン,https://gamemarket.jp/booth/4085,,,pohjanmeri ポフヤンメリ,ちいさな舟、北の海、宝探し,"¥4,500",2人,15〜25分,可,https://forms.gle/PM2UWdnhpjfL3z6d6,https://gamemarket.jp/game/189399,,新作,公式サイト,https://img.gamemarket.jp/20260926_191008_pohjanmeri_0921-026_16-9_s2.jpg,
一般,両日,A023,ピーナツデザイン,https://gamemarket.jp/booth/4085,,,DETROIT デトロイト,この工場は止まらない,"¥4,500",2人,15〜25分,不可,,https://gamemarket.jp/game/188170,,,公式サイト,https://img.gamemarket.jp/20260501_211053_P4180030.jpg,
一般,両日,A023,ピーナツデザイン,https://gamemarket.jp/booth/4085,,,CATTLE キャトル,つかまるのはどっち？,"¥5,500",2人,20〜30分,可,https://forms.gle/PqjXsP4NY7jCUyBo9,https://gamemarket.jp/game/185592,,,公式サイト,https://img.gamemarket.jp/20250426_185507_%E3%82%A2%E3%82%BB%E3%83%83%E3%83%88%202.png,
一般,両日,A027,ロクジゾー,https://gamemarket.jp/booth/2108,,,天才書家ボン,カードで書道！,"¥1,000",3〜10人,15〜30分,可,https://forms.gle/5qjKGDSWQYgfsoZG7,https://gamemarket.jp/game/189118,,新作,公式サイト,https://img.gamemarket.jp/20260930_235023_shoka_PR_normal.png,
一般,両日,A028,サザンクロスゲームズ,https://gamemarket.jp/booth/1789,,,エイジオブロボット,可愛くって、ちょっとだけかなしい,"¥1,500",2人,10〜15分,可,https://form1ssl.fc2.com/form/?id=09baa0525f0635b6,https://gamemarket.jp/game/189303,,新作,公式サイト,https://img.gamemarket.jp/20260922_021010_fxzzoofaaaout01.jpg,
一般,両日,A028,サザンクロスゲームズ,https://gamemarket.jp/booth/1789,,,エイジオブカウンシル,あの街の議会を、書き換えよ――,"¥3,000",1〜3人,30〜50分,可,https://form1ssl.fc2.com/form/?id=09baa0525f0635b6,https://gamemarket.jp/game/189333,,新作,公式サイト,https://img.gamemarket.jp/20260923_021932_senden_AoCo001_page-0001.jpg,
一般,両日,A028,サザンクロスゲームズ,https://gamemarket.jp/booth/1789,,,ボドゲバッジ,ボドゲの好きなジャンルのバッジをつけよう！,¥300,1人,〜0分,不可,,https://gamemarket.jp/game/189104,,新作,公式サイト,https://img.gamemarket.jp/20260917_180037_IMG_5173.jpeg,
一般,両日,A028,サザンクロスゲームズ,https://gamemarket.jp/booth/1789,,,漫画「♯後輩にボドゲを教えてみた。」,2コマ漫画集！,¥500,1人,10〜10分,可,https://form1ssl.fc2.com/form/?id=09baa0525f0635b6,https://gamemarket.jp/game/189103,,新作,公式サイト,https://img.gamemarket.jp/20260917_172842_%E7%84%A1%E9%A1%8C63_20260917172637.jpeg,
一般,両日,A030,卸売センターサンエイ,https://gamemarket.jp/booth/5362,,,コスモ・ショーファー,宇宙要人おもてなしトリックテイキング,"¥2,500",3〜5人,30〜40分,可,https://forms.gle/YakRQTSexoCybAWJ8,https://gamemarket.jp/game/189356,,新作,公式サイト,https://img.gamemarket.jp/20260925_164110_%E3%82%B3%E3%82%B9%E3%83%A2%E3%82%B7%E3%83%A7%E3%83%BC%E3%83%95%E3%82%A1%E3%83%BC_%E3%82%B5%E3%83%A0%E3%83%8D.jpg,
一般,両日,A030,卸売センターサンエイ,https://gamemarket.jp/booth/5362,,,エスケープ・トゥ・コスモ,宇宙空間に脱出せよ！,"¥2,500",3〜4人,20〜40分,可,https://forms.gle/YakRQTSexoCybAWJ8,https://gamemarket.jp/game/189378,,新作,公式サイト,https://img.gamemarket.jp/20260925_165414_%E3%82%A8%E3%82%B9%E3%82%B1%E3%83%BC%E3%83%95%E3%82%9A%E3%83%88%E3%82%A5%E3%82%B3%E3%82%B9%E3%83%A2_%E3%82%B5%E3%83%A0%E3%83%8D.jpg,
一般,両日,A033,ゲームNOWA,https://gamemarket.jp/booth/1157,,https://x.com/KABU_KEN65,完全版 ツクル10テンNEXT～テンの贈り物～,プレイヤーからの強いご要望にお応えし、得点チップが追加された完全版が遂にリリース‼,"¥3,500",2〜4人,20〜30分,不可,https://forms.gle/3rqehV6hncCVAuZP9,https://gamemarket.jp/game/189525,,新作,公式サイト,https://img.gamemarket.jp/20261001_193009_PT10NEXT_02.jpg,
一般,両日,A033,ゲームNOWA,https://gamemarket.jp/booth/1157,,https://x.com/KABU_KEN65,ツクル10テンNEXT～テンの贈り物～,計算が遊びに変わる! 友人、カップル、家族でハマる、麻雀ライクな数理パズルゲーム『ツクル10テンNEXT』誕生‼,"¥2,500",2〜4人,20〜30分,可,https://forms.gle/7CxwyQmRnUjH7KSk9,https://gamemarket.jp/game/187718,,,公式サイト,https://img.gamemarket.jp/20260410_212814_T10NEXT_3dbox_01.png,
一般,両日,A033,ゲームNOWA,https://gamemarket.jp/booth/1157,,https://x.com/KABU_KEN65,ハッピーサファリ,最高のサファリを作ろう‼,"¥3,000",1〜6人,15〜30分,可,https://forms.gle/3rqehV6hncCVAuZP9,https://gamemarket.jp/game/189106,あり,新作,公式サイト,https://img.gamemarket.jp/20260917_193425_HS_3dbox_01.jpg,
一般,両日,A033,ゲームNOWA,https://gamemarket.jp/booth/1157,,https://x.com/KABU_KEN65,キンドロ,金庫破りは捕まらない‼,"¥2,000",2〜5人,20〜30分,可,https://forms.gle/7CxwyQmRnUjH7KSk9,https://gamemarket.jp/game/187684,,,公式サイト,https://img.gamemarket.jp/20260406_162315_kindoro_03.png,
一般,両日,A034,TRICKTAKERs GAMEs,https://gamemarket.jp/booth/5601,,https://x.com/tricktakers,エターナルデックス,エターナルデックスは、一人一人がデッキを補充しながら、全員が 順番にカードを場に並べていく協力ゲームです。,"¥7,700",1〜4人,30〜40分,不可,,https://gamemarket.jp/game/184921,,,公式サイト,https://img.gamemarket.jp/20241209_143025_gm_ed_top1500.jpg,
一般,両日,A034,TRICKTAKERs GAMEs,https://gamemarket.jp/booth/5601,,https://x.com/tricktakers,エターナルセブンズ,現代版『七並べ』です。「カジュアルモード」と「ゲーマーモード」を収録しています。,"5,000円",2〜4人,15〜40分,情報なし,,https://gamemarket.jp/game/188667,あり,新作,ボドゲゴー,https://storage.googleapis.com/bodogego_public/creator_event/game_market_2026_autumn/game/TRICKTAKERs_GAMEs_%E3%82%A8%E3%82%BF%E3%83%BC%E3%83%8A%E3%83%AB%E3%82%BB%E3%83%96%E3%83%B3%E3%82%BA.jpg,
一般,両日,A034,TRICKTAKERs GAMEs,https://gamemarket.jp/booth/5601,,https://x.com/tricktakers,トリックテイカーズKINGs,キング、クイーン、ジャックと10人の特殊能力を持ったキャラたちが活躍するトリックテイキングゲームです。,"2,500円",2〜5人,30〜40分,情報なし,,https://gamemarket.jp/game/181351,,,ボドゲゴー,https://storage.googleapis.com/bodogego_public/creator_event/game_market_2024_autumn/TRICKTAKERs%20GAMEs_%E3%83%88%E3%83%AA%E3%83%83%E3%82%AF%E3%83%86%E3%82%A4%E3%82%AB%E3%83%BC%E3%82%BAKINGs.png,
一般,両日,A035,scultur-at,https://gamemarket.jp/booth/3333,,,ONESTORY拡張パック,2~4人用ボードゲーム「ONESTORY」の拡張セットです。,"¥2,000",2〜4人,40〜60分,不可,,https://gamemarket.jp/game/188432,,,公式サイト,https://img.gamemarket.jp/20260514_173223_ONESTO%E6%8B%A1%E5%85%A8%E4%BD%93.jpg,
一般,両日,A036,COTEN GAMES,https://gamemarket.jp/booth/6821,,,幕末: End of Edo,ロマンとリスクで江戸をひっくり返す！,"¥3,500",2〜5人,25〜分,可,https://forms.gle/HiK22FieoTa2MzXc8,https://gamemarket.jp/game/189465,,新作,公式サイト,https://img.gamemarket.jp/20260929_211542_bakumatsu_thumb.jpg,
一般,両日,A037,SEIANGAME!,https://gamemarket.jp/booth/6156,,,ELEMENT(エレメント),,"¥2,500",2人,10〜20分,可,https://docs.google.com/forms/d/e/1FAIpQLScn3KIk6muXCebWcH5fZ3Xi-JKqFAW6GQa4gFQpLgucjCpGyw/viewform?usp=publish-editor,https://gamemarket.jp/game/186301,,,公式サイト,https://img.gamemarket.jp/20251012_033752_ELEMENT%20%E8%A1%A8%E7%B4%99.png,
一般,両日,A037,SEIANGAME!,https://gamemarket.jp/booth/6156,,,罪悪の塔,『罪悪の塔』は、5～6人のプレイヤーで遊ぶ正体隠匿型推理ゲームです。,"¥3,500",5〜6人,20〜6分,不可,,https://gamemarket.jp/game/189523,,,公式サイト,https://img.gamemarket.jp/20261004_131701_23061791087379_.pic_hd.jpg,
一般,両日,A037,SEIANGAME!,https://gamemarket.jp/booth/6156,,,迷霧血録MIST BLOOD,カードとサイコロで、強敵に挑め！,"¥3,500",1〜4人,10〜20分,不可,,https://gamemarket.jp/game/189522,,新作,公式サイト,https://img.gamemarket.jp/20261008_105841_%E6%8F%92%E7%94%BB.png,
一般,両日,A037,SEIANGAME!,https://gamemarket.jp/booth/6156,,,ELEMENT(エレメント)：『 追加パック 「VOLME.２」 』,,"¥1,500",2人,10〜20分,不可,,https://gamemarket.jp/game/189568,,新作,公式サイト,https://img.gamemarket.jp/20261003_232758_IMG_6329.jpeg,
一般,両日,A038,ゲームストア・バネスト,https://gamemarket.jp/booth/1007,,,さすらいサーカス（2026秋：バネスト：A38）,「さすらいサーカス」は、ヨーロッパを巡業し、パフォーマーを雇い、カードを繋げてサーカスを繰り広げる、デッキ構築系ゲームです。,"¥4,800",1〜6人,30〜30分,不可,,https://gamemarket.jp/game/189512,,新作,公式サイト,https://img.gamemarket.jp/20261001_141529_wander01.jpg,
一般,両日,A038,ゲームストア・バネスト,https://gamemarket.jp/booth/1007,,,ファンタジー・インキ（2026秋：バネスト：A38）,「ファンタジー・インキ」は、迫る締め切りを気にしながらファンタジー大作を創作することをテーマに、2人用ダイスドラフトゲームです。,"¥6,800",2人,30〜30分,不可,,https://gamemarket.jp/game/189510,,新作,公式サイト,https://img.gamemarket.jp/20261001_132242_fantasyink001.jpg,
一般,両日,A038,ゲームストア・バネスト,https://gamemarket.jp/booth/1007,,,ボルケーノ！（2026秋：バネスト：A38）,「ボルケーノ！」では、溶岩をかわしながら、急いで火山を登り、古代の宝物を集める、コリントゲームをベースにしたゲームです。,"¥7,000",2人,30〜30分,不可,,https://gamemarket.jp/game/189528,,新作,公式サイト,https://img.gamemarket.jp/20261001_204927_vulcano01.jpg,
一般,両日,A038,ゲームストア・バネスト,https://gamemarket.jp/booth/1007,,,トリッキーチーム（2026秋：バネスト：A38）,「トリッキー・チーム」は、毎トリックごとにチーム分けがされる中で勝ち馬に乗っていく、特殊能力も加味するトリックテイキングです。,"¥2,800",3〜6人,30〜30分,不可,,https://gamemarket.jp/game/189435,,新作,公式サイト,https://img.gamemarket.jp/20260928_135401_trickyteams00001.jpg,
一般,両日,A038,ゲームストア・バネスト,https://gamemarket.jp/booth/1007,,,フォーミダブル・ファーム（2026秋：バネスト：A38）,「フォーミダブル・ファーム」は、農作物の供給や報酬を通じて取引を達成させるカードコンボを活用し自分の山札をなくすゲームです。,"¥7,000",1〜4人,30〜45分,不可,,https://gamemarket.jp/game/189655,,新作,公式サイト,https://img.gamemarket.jp/20261006_160937_formidable00001.jpg,
一般,両日,B001,KOZU&Minori&totty,https://gamemarket.jp/booth/6825,,,ISHIMIGAKI,石を磨く。飛ばす。デッキ構築。,"¥3,500",2〜4人,30〜30分,可,https://forms.gle/AKydvwisk2A21zUCA,https://gamemarket.jp/game/189301,,新作,公式サイト,https://img.gamemarket.jp/20260925_021912_%E3%83%86%E3%82%A3%E3%82%B5%E3%82%99%E3%83%BC%E7%94%BB%E5%83%8F%20(2)%20(1).png,
一般,両日,B001,KOZU&Minori&totty,https://gamemarket.jp/booth/6825,,,怪盗はしずかに。,伝説の絵画を盗み出す15分間の「怪盗体験」,"¥1,500",2人,15〜15分,可,https://docs.google.com/forms/d/e/1FAIpQLSe-XL_JFXIQ7-Q3uPeGGTPVfzEromjHvCFsVcVqFEmb-k-lQQ/viewform,https://gamemarket.jp/game/189337,,,公式サイト,https://img.gamemarket.jp/20261001_125325_%E6%80%AA%E7%9B%97%E3%81%AF%E3%81%97%E3%81%99%E3%82%99%E3%81%8B%E3%81%AB%E3%80%82%E5%AE%A3%E4%BC%9D%E7%94%BB%E5%83%8F.jpg,
一般,両日,B002,なるしす娯楽学会,https://gamemarket.jp/booth/2028,,https://x.com/NarushisuGG,色Guesser,「右手にダイス、左手にカード、あなたも一緒にイロゲッサー！」,"¥3,000",2〜6人,10〜分,不可,,https://gamemarket.jp/game/189235,あり,新作,公式サイト,https://img.gamemarket.jp/20260921_203051_iroguesser.jpg,
一般,両日,B003,橙華堂,https://gamemarket.jp/booth/3050,,,ビールダイスキ！～麦酒大学オープンキャンパスへようこそ～,遊ぶとビールが飲みたくなる！ダイスを振ってビールを注ぐお手軽ダイスゲーム,"¥3,500",2〜6人,10〜30分,可,https://docs.google.com/forms/d/e/1FAIpQLScd3jYd2LUJI70ph6zkICHQSoRvjCtnD31nkE-qKcX4rQPYIg/viewform?usp=dialog,https://gamemarket.jp/game/189348,,新作,公式サイト,https://img.gamemarket.jp/20260924_102439_%E6%B1%8E%E7%94%A8.png,
一般,両日,B004,フォントかるた,https://gamemarket.jp/booth/2380,,,フォントかるた 拡張パック 明朝体 本文用二十五書体,最難関！！マニア待望のフォントかるた 拡張パック登場！,"¥2,500",3〜10人,15〜30分,不可,,https://gamemarket.jp/game/188502,,,公式サイト,https://img.gamemarket.jp/20260517_000739_min_3_box_forGM.jpg,
一般,両日,B005,ラガラガ・ラボ,https://gamemarket.jp/booth/2454,,,都道府県・地理コレ,47都道府県を、奪い合え。,"¥3,000",2〜6人,15〜30分,可,https://forms.gle/rY5k6tJL2rcVerLt9,https://gamemarket.jp/game/189500,,新作,公式サイト,https://img.gamemarket.jp/20260930_222640_%E3%82%B9%E3%82%AF%E3%83%AA%E3%83%BC%E3%83%B3%E3%82%B7%E3%83%A7%E3%83%83%E3%83%88%202026-09-30%20222021.png,
一般,両日,B011,MTS Games,https://gamemarket.jp/booth/6394,,,クインテス (Quintess),緊迫のソーシャル・ディダクション＆パターン予測カードゲーム 「場を読み、最終役を予測し、たった1枚のカードで勝利を掴め。」,"¥2,000",2〜5人,15〜20分,可,https://forms.gle/yx4yovVTvyaYkfuW8,https://gamemarket.jp/game/189347,,新作,公式サイト,https://img.gamemarket.jp/20260928_141836_%ED%80%B8%ED%85%8C%EC%8A%A4%203d%EB%B0%95%EC%8A%A4.png,
一般,両日,B011,MTS Games,https://gamemarket.jp/booth/6394,,,ベニー＆スライド (Benny & slide),緊迫のチーム戦推理＆正体隠匿ブラフゲーム 「相棒を見つけ出し、暗号を伝え、警察の包囲網をくぐり抜けろ！」,"¥2,500",3〜7人,15〜15分,可,https://forms.gle/yx4yovVTvyaYkfuW8,https://gamemarket.jp/game/186358,,新作,公式サイト,https://img.gamemarket.jp/20260928_161530_%EB%B2%A0%EB%8B%88%20%EC%95%A4%20%EC%8A%AC%EB%9D%BC%EC%9D%B4%EB%93%9C%203d%EB%B0%95%EC%8A%A4.png,
一般,両日,B011,MTS Games,https://gamemarket.jp/booth/6394,,,スイッチオン！ (Switch On!),リアルタイム暗算＆パターンマッチングパズルゲーム 「思考を反転させ、最短ルートを見つけ、最適解をスイッチオン！」,"¥3,500",1〜4人,15〜20分,可,https://forms.gle/yx4yovVTvyaYkfuW8,https://gamemarket.jp/game/186357,,新作,公式サイト,https://img.gamemarket.jp/20251017_110529_KakaoTalk_20251015_101727821.png,
一般,両日,B011,MTS Games,https://gamemarket.jp/booth/6394,,,Switch ON!,論理の光を灯せ！,0円,1〜6人,15〜20分,情報なし,,https://gamemarket.jp/game/186357,,新作,ボドゲゴー,https://storage.googleapis.com/bodogego_public/creator_event/game_market_2026_autumn/game/MTS%20Games_Switch%20ON_.jpg,
一般,両日,B011,MTS Games,https://gamemarket.jp/booth/6394,,,Benny & Slide,アニマルシティの秘密の会合,0円,3〜8人,15〜15分,情報なし,,https://gamemarket.jp/game/186358,,新作,ボドゲゴー,https://storage.googleapis.com/bodogego_public/creator_event/game_market_2026_autumn/game/MTS%20Games_Benny%20_%20Slide.jpg,
一般,両日,B014,空創Lab,https://gamemarket.jp/booth/4497,,,幻想札当て奇々廻々,読み切った先にある、カタルシス。,"¥2,000",2人,5〜20分,可,https://forms.gle/xSm2Qj5yMNEJrwzZ6,https://gamemarket.jp/game/189554,,新作,公式サイト,https://img.gamemarket.jp/20261002_224200_list10_TP.jpg,
一般,両日,B014,空創Lab,https://gamemarket.jp/booth/4497,,,はらぺこペンギン,食べたい！食べたい！食べたい！食べたい！,"¥2,000",2〜4人,15〜25分,可,https://forms.gle/xSm2Qj5yMNEJrwzZ6,https://gamemarket.jp/game/185528,,,公式サイト,https://img.gamemarket.jp/20250422_232129_fic-lab_250422.jpg,
一般,両日,B014,空創Lab,https://gamemarket.jp/booth/4497,,,完全感覚Counter,見えているのに当たらない！感覚で数字を読むカードゲーム,"¥2,000",1〜5人,10〜20分,可,https://forms.gle/xSm2Qj5yMNEJrwzZ6,https://gamemarket.jp/game/188263,,,公式サイト,https://img.gamemarket.jp/20260514_171622_PC_PR_2_260514_compressed.jpg,
一般,両日,B018,ペンタススタジオ,https://gamemarket.jp/booth/2940,,,ボクらのすごログ,1か月後にまた会おう。同じメンバーで2回遊ぶカレンダーを使ったすごろくゲーム,"¥2,500",1〜4人,20〜分,可,https://forms.gle/pczqBfXVbG3VfPAcA,https://gamemarket.jp/game/189323,,新作,公式サイト,https://img.gamemarket.jp/20260922_194008_%E3%81%99%E3%81%94%E3%83%AD%E3%82%B0_KV1%E9%87%91%E9%A1%8D%E7%84%A1_-1920-1080-%20(1).jpg,
一般,両日,B018,ペンタススタジオ,https://gamemarket.jp/booth/2940,,,インフォーマー リターンズ,さあ、任務＜揚げ足の取り合い＞開始だ,"¥2,500",3〜8人,10〜15分,可,https://forms.gle/dmjcf6EJBUFcAXKE6,https://gamemarket.jp/game/185584,,,公式サイト,https://img.gamemarket.jp/20250426_075233_%E6%9C%AC%E6%96%87MV.jpg,
一般,両日,B018,ペンタススタジオ,https://gamemarket.jp/booth/2940,,,静葬員 （第二版）,静かに、葬れー,"¥3,500",2〜4人,30〜45分,可,https://forms.gle/dmjcf6EJBUFcAXKE6,https://gamemarket.jp/game/188380,,,公式サイト,https://img.gamemarket.jp/20260511_225108_%E8%87%AA%E7%A4%BEHP%E7%94%A8%E3%82%B5%E3%83%A0%E3%83%8D_%E9%9D%99%E8%91%AC%E5%93%A1png.png,
一般,両日,B018,ペンタススタジオ,https://gamemarket.jp/booth/2940,,,ゆめゆめ,食い違う予知夢を伝え合う“見比べられない間違い探し”,"¥2,500",2人,100〜120分,可,https://forms.gle/dmjcf6EJBUFcAXKE6,https://gamemarket.jp/game/186534,,,公式サイト,https://img.gamemarket.jp/20251019_174145_%E6%AD%A3%E6%96%B9%E5%BD%A2%E3%82%AD%E3%83%BC%E3%83%93%E3%82%B8%E3%83%A5%E3%82%A2%E3%83%AB%E3%80%90%E3%82%86%E3%82%81%E3%82%86%E3%82%81%E3%80%91%20(1).png,
一般,両日,B018,ペンタススタジオ,https://gamemarket.jp/booth/2940,,,超獣飢餓,仲良いフリした自己中協力ゲーム,"¥3,200",3〜6人,10〜20分,可,https://forms.gle/dmjcf6EJBUFcAXKE6,https://gamemarket.jp/game/188019,,,公式サイト,https://img.gamemarket.jp/20260430_212903_%E8%B6%85%E7%8D%A3%E9%A3%A2%E9%A4%93_%E3%82%B1%E3%82%99%E3%83%A0%E3%83%9ETOP%E3%82%B5%E3%83%A0%E3%83%8D.jpg,
一般,両日,B018,ペンタススタジオ,https://gamemarket.jp/booth/2940,,,静葬員,静かに、葬れー,"¥3,500",2〜4人,30〜45分,可,https://forms.gle/AQoGZqQryyvBsiC8A,https://gamemarket.jp/game/183977,,,公式サイト,https://img.gamemarket.jp/20241026_134217_%E8%87%AA%E7%A4%BEHP%E7%94%A8%E3%82%B5%E3%83%A0%E3%83%8D_%E9%9D%99%E8%91%AC%E5%93%A1png.png,
一般,両日,B020,KADO Games,https://gamemarket.jp/booth/6478,,,花嫁の引き立て役 / Always a Bridesmaid,花嫁より目立つのはNG。狙うのは、いちばんおいしい「2位」。,"¥2,500",2〜5人,15〜20分,可,https://driftwoodcreations.pse.is/9khvs2,https://gamemarket.jp/game/188333,あり,,公式サイト,https://img.gamemarket.jp/20260903_021310_AAB_GM2026A_Game_Hero_1600x900.jpg,
一般,両日,B026,Saashi & Saashi,https://gamemarket.jp/booth/1519,,,レイルウェイ・ポーター 拡張セット：新たな旅路,バースト系ダイスゲーム『レイルウェイ・ポーター』の拡張セットが登場！,"¥2,200",2〜4人,30〜30分,可,https://form.everestwebdeals.co/?form=ab9ae0bb24f47e1ecbb1a5895c1d74b6,https://gamemarket.jp/game/189494,,新作,公式サイト,https://img.gamemarket.jp/20260930_182408_RP_Exp_%E6%A8%AA%E9%95%B7.png,
一般,両日,B030,米光ゲームメカニクスラボ,https://gamemarket.jp/booth/6304,,,MIND MINES,思考をプロットし、戦局をハックせよ。,"¥3,000",3〜4人,15〜30分,不可,,https://gamemarket.jp/game/189721,,新作,公式サイト,https://img.gamemarket.jp/20261008_003336_MIMI%E3%82%B5%E3%83%A0%E3%83%8D%E3%82%A4%E3%83%AB%E7%94%BB%E5%83%8F.1.jpeg,
一般,両日,B030,米光ゲームメカニクスラボ,https://gamemarket.jp/booth/6304,,,「ほりウサギ」＆「ほりウサギ＋」,簡単で楽しめる、対戦×タイル構築ゲーム！,"¥1,500",2〜4人,10〜分,可,https://forms.gle/s7KoEmHNqpyP8hX29,https://gamemarket.jp/game/189689,,新作,公式サイト,https://img.gamemarket.jp/20261006_235924_2026%E7%A7%8B.png,
一般,両日,B030,米光ゲームメカニクスラボ,https://gamemarket.jp/booth/6304,,,契約交渉体験ゲーム 初めての企業案件,企業法務がつくった遊んで学べる契約交渉体験カードゲーム,"¥3,000",1〜人,15〜分,可,https://forms.gle/49WtFkYm6QaR6Ldh7,https://gamemarket.jp/game/186856,,,公式サイト,https://img.gamemarket.jp/20260928_002441_20260928_%E3%82%B2%E3%83%A0%E3%83%9E2026%E7%A7%8B_%E3%82%B2%E3%83%BC%E3%83%A0%E7%B4%B9%E4%BB%8B_%E3%81%AA%E3%81%8E%E3%81%95%20%E7%AC%AC%E4%B8%80%E5%BC%BE.jpg,
一般,両日,B030,米光ゲームメカニクスラボ,https://gamemarket.jp/booth/6304,,,DREA[M]END,同じ夢の中に、違う目的。,"¥5,000",3〜4人,30〜40分,不可,,https://gamemarket.jp/game/189448,,新作,公式サイト,https://img.gamemarket.jp/20261005_200101_50BC9308-E08A-4D7A-AEB4-40532D7FAA85.jpeg,
一般,両日,B030,米光ゲームメカニクスラボ,https://gamemarket.jp/booth/6304,,,契約交渉体験ゲーム 初めての委託案件,企業法務がつくった遊んで学べる契約交渉体験カードゲーム,"¥3,000",1〜0人,15〜分,可,https://forms.gle/49WtFkYm6QaR6Ldh7,https://gamemarket.jp/game/189431,,,公式サイト,https://img.gamemarket.jp/20260928_002553_20260928_%E3%82%B2%E3%83%A0%E3%83%9E2026%E7%A7%8B_%E3%82%B2%E3%83%BC%E3%83%A0%E7%B4%B9%E4%BB%8B_%E3%81%AA%E3%81%8E%E3%81%95%20%E7%AC%AC%E4%BA%8C%E5%BC%BE.jpg,
一般,両日,B030,米光ゲームメカニクスラボ,https://gamemarket.jp/booth/6304,,,契約交渉体験ゲーム 初めての共創案件,企業法務がつくった遊んで学べる契約交渉体験カードゲーム,"¥2,500",2人,15〜30分,可,https://forms.gle/49WtFkYm6QaR6Ldh7,https://gamemarket.jp/game/189430,,新作,公式サイト,https://img.gamemarket.jp/20260928_000229_20260926%E3%83%81%E3%83%A9%E3%82%B7_%E5%88%9D%E3%82%81%E3%81%A6%E3%81%AE%E5%85%B1%E5%89%B5%E6%A1%88%E4%BB%B6.jpg,
一般,両日,B030,米光ゲームメカニクスラボ,https://gamemarket.jp/booth/6304,,,カードゲーム『これがボドゲづくりだ』,遊びながらボードゲームづくりが学べるカードゲーム『これがボドゲづくりだ』,"¥3,000",1〜4人,8〜15分,可,https://docs.google.com/forms/d/e/1FAIpQLSfHYNEzvV6lAU6M5001EamSNgB-HTrqqCUXnjCKjLCOA6BXow/viewform,https://gamemarket.jp/game/189428,,新作,公式サイト,https://img.gamemarket.jp/20260927_232025_%E8%A7%A3%E8%AA%AC%E3%82%B5%E3%83%A0%E3%83%8D.png,
一般,両日,B035,2DFantasista,https://gamemarket.jp/booth/5732,,,おはようございます、魔王様,「せーの！」でいたずら合戦！魔王様を起こすのは、最後に残ったあなた。,"¥3,000",2〜5人,5〜15分,可,https://maou.2dfantasista.net/,https://gamemarket.jp/game/189249,,新作,公式サイト,https://img.gamemarket.jp/20260920_144209_%E3%81%8A%E3%81%AF%E3%82%88%E3%81%86%E3%81%94%E3%81%96%E3%81%84%E3%81%BE%E3%81%99%E3%80%81%E9%AD%94%E7%8E%8B%E6%A7%98_%E5%87%BA%E5%BA%97%E7%94%A8%E8%AA%AC%E6%98%8E%E3%83%91%E3%83%8D%E3%83%AB%20(2).jpg,
一般,両日,B036,きよみずかつや,https://gamemarket.jp/booth/5285,,https://x.com/kiyomizukatsuya,イグナイター -魔窟の結晶-,「剣よ、あと一撃もってくれ…ッ！」,"¥5,000",2〜4人,45〜60分,不可,,https://gamemarket.jp/game/182737,あり,,公式サイト,https://img.gamemarket.jp/20240726_123413_%E3%83%91%E3%83%83%E3%82%B1%E3%83%BC%E3%82%B8%E8%A1%A8%E7%B4%99(%E8%BB%BD%E9%87%8F).jpg,
一般,両日,B037,RMBC,https://gamemarket.jp/booth/4277,,https://x.com/RMBC2021,カスタムオーシャン,透明カードを重ねて強化！宝島を目指すレースゲーム！,"¥3,000",2〜4人,20〜30分,可,https://docs.google.com/forms/d/e/1FAIpQLSc0kGvDMrjl__KMn4YiTpl1QoyWjFxLzKyn164F_sY7jhcecw/viewform?usp=pp_url&amp;entry.236011173=0&amp;entry.1419802970=0&amp;entry.2010095621=0&amp;entry.1941935865=0&amp;entry.818895722=0&amp;entry.1588836853=0&amp;entry.1707578361=0&amp;entry.263088168=0&amp;entry.1181521170=0,https://gamemarket.jp/game/188787,,新作,公式サイト,https://img.gamemarket.jp/20260822_181326_%E3%83%95%E3%82%A9%E3%82%A2%E3%82%B7%E3%83%A5%E3%83%94%E4%BD%9C%E5%93%81%E7%B4%B9%E4%BB%8B2_size%E8%AA%BF%E6%95%B4.png,
一般,両日,B037,RMBC,https://gamemarket.jp/booth/4277,,https://x.com/RMBC2021,King of Angler ～目指せ釣り人の頂点～ (キングオブアングラー),魚を選んでダイスロール！運と技術で勝利をつかめ！ ★楽しい ダイス＆カード フィッシング！！★,"¥3,500",1〜4人,30〜40分,可,https://docs.google.com/forms/d/e/1FAIpQLSc0kGvDMrjl__KMn4YiTpl1QoyWjFxLzKyn164F_sY7jhcecw/viewform?usp=pp_url&amp;entry.236011173=0&amp;entry.1419802970=0&amp;entry.2010095621=0&amp;entry.1941935865=0&amp;entry.818895722=0&amp;entry.1588836853=0&amp;entry.1707578361=0&amp;entry.263088168=0&amp;entry.1181521170=0,https://gamemarket.jp/game/181663,,,公式サイト,https://img.gamemarket.jp/20240516_185552_gmpage.jpg,
一般,両日,B037,RMBC,https://gamemarket.jp/booth/4277,,https://x.com/RMBC2021,合体!!クロスゴーレムズ,1＋1＝∞[無限大]！ 2枚のカードを合体して勝利をつかむ財宝バトルゲーム💎,"¥3,000",2〜4人,20〜30分,可,https://docs.google.com/forms/d/e/1FAIpQLSc0kGvDMrjl__KMn4YiTpl1QoyWjFxLzKyn164F_sY7jhcecw/viewform?usp=pp_url&amp;entry.236011173=0&amp;entry.1419802970=0&amp;entry.2010095621=0&amp;entry.1941935865=0&amp;entry.818895722=0&amp;entry.1588836853=0&amp;entry.1707578361=0&amp;entry.263088168=0&amp;entry.1181521170=0,https://gamemarket.jp/game/186163,,,公式サイト,https://img.gamemarket.jp/20250925_161254_A%E3%83%91%E3%82%BF%E3%83%BC%E3%83%B3_%E3%82%AB%E3%83%A9%E3%83%BCnn_qrn%E4%BD%8E%E7%94%BB%E8%B3%AA.png,
一般,両日,B037,RMBC,https://gamemarket.jp/booth/4277,,https://x.com/RMBC2021,忘却のライブラリウム,手番の駆け引きが勝敗を決める──軽量級ワーカープレイスメント,"1,500円",2〜4人,20〜30分,情報なし,,https://gamemarket.jp/game/186142,,,ボドゲゴー,https://storage.googleapis.com/bodogego_public/creator_event/game_market_2025_autumn/game/RMBC_%E5%BF%98%E5%8D%B4%E3%81%AE%E3%83%A9%E3%82%A4%E3%83%96%E3%83%A9%E3%83%AA%E3%82%A6%E3%83%A0.png,
一般,両日,B037,RMBC,https://gamemarket.jp/booth/4277,,https://x.com/RMBC2021,ワニャマ　干支襲来,最下位からでも逆転勝利！手に汗握る、動物たちとの戦略型レースゲーム！,"3,000円",2〜5人,10〜20分,情報なし,,https://gamemarket.jp/game/180481,,,ボドゲゴー,https://firebasestorage.googleapis.com/v0/b/bodogego.appspot.com/o/creator_game_image%2FFr01QPCacAAsBBa%20-%20RMBC.jpg?alt=media&token=4262d361-1fc7-4518-af21-eb14490b9656,
一般,両日,B037,RMBC,https://gamemarket.jp/booth/4277,,https://x.com/RMBC2021,ナイスステーキ,ステーキ等の食材の焼き加減を管理する協力ゲームです✨ (対戦ルールも同梱！),"3,000円",1〜4人,20〜30分,情報なし,,https://gamemarket.jp/game/183787,,,ボドゲゴー,https://storage.googleapis.com/bodogego_public/creator_event/game_market_2024_autumn/RMBC_%E3%83%8A%E3%82%A4%E3%82%B9%E3%82%B9%E3%83%86%E3%83%BC%E3%82%AD.png,
一般,両日,B037,RMBC,https://gamemarket.jp/booth/4277,,https://x.com/RMBC2021,あなたの1位はチョコミント!?,えっ わたしの好きなものが最下位！？お互いのランキングを当てるパーティゲーム！,"2,000円",2〜6人,10〜30分,情報なし,,https://gamemarket.jp/game/187410,,,ボドゲゴー,https://storage.googleapis.com/bodogego_public/creator_event/game_market_2026_spring/game/RMBC_%E3%81%82%E3%81%AA%E3%81%9F%E3%81%AE1%E4%BD%8D%E3%81%AF%E3%83%81%E3%83%A7%E3%82%B3%E3%83%9F%E3%83%B3%E3%83%88!_.jpg,
一般,両日,B038,毒の生き物カードバトル,https://gamemarket.jp/booth/6658,,,毒の生き物カードバトル,毒を仕込むか、攻撃するか。相手の思考を読み、生き残れ。,"¥2,500",2人,1〜20分,不可,,https://gamemarket.jp/game/188705,,,公式サイト,https://img.gamemarket.jp/20260529_094851_IMG_5010.jpeg,
一般,両日,B039,ほしのシンヤ,https://gamemarket.jp/booth/5563,,,おおかみがくるよ,おまえの羊はおれのもの、おれの羊もおれのもの。,"¥2,000",3〜5人,15〜25分,可,https://docs.google.com/forms/d/1ddEXV9V5Zb94PecbEYel0-ntAlLb35faK_LU-_PAnCQ/edit,https://gamemarket.jp/game/188988,,新作,公式サイト,https://img.gamemarket.jp/20261001_205212_%E3%81%8A%E3%81%8A%E3%81%8B%E3%81%BF%E3%81%8C%E3%81%8F%E3%82%8B%E3%82%88CF-13.jpg,
一般,両日,B039,ほしのシンヤ,https://gamemarket.jp/booth/5563,,,ヒントボム,このクイズは、出題者が悶絶する。,"¥2,000",2〜6人,10〜20分,可,https://docs.google.com/forms/d/1ddEXV9V5Zb94PecbEYel0-ntAlLb35faK_LU-_PAnCQ/edit,https://gamemarket.jp/game/187673,,,公式サイト,https://img.gamemarket.jp/20261008_014820_%E3%83%92%E3%83%B3%E3%83%88%E3%83%9C%E3%83%A0%E5%BA%83%E5%91%8A.jpg,
一般,両日,B039,ほしのシンヤ,https://gamemarket.jp/booth/5563,,,ミミックが あらわれた！,トレジャーハンティングは命がけ！,"¥1,500",2人,5〜10分,可,https://docs.google.com/forms/d/1ddEXV9V5Zb94PecbEYel0-ntAlLb35faK_LU-_PAnCQ/edit,https://gamemarket.jp/game/187672,,,公式サイト,https://img.gamemarket.jp/20260406_125555_%E3%83%9F%E3%83%9F%E3%83%83%E3%82%AF%E3%81%8C%E3%81%82%E3%82%89%E3%82%8F%E3%82%8C%E3%81%9F_202634_%E3%81%BB%E3%81%97%E3%81%AE%E3%82%B7%E3%83%B3%E3%83%A4.jpg,
一般,両日,B041,廊下組 / からのうろ,https://gamemarket.jp/booth/5178,,https://x.com/karanouro,掃除屋　撃墜君,掃除屋の社長になって、他社を色々な掃除方法で廃業に追い込む、蹴落とし合いのサバイバルカードゲーム,"1,500円",2〜4人,10〜20分,情報なし,,,あり,,ボドゲゴー,https://storage.googleapis.com/bodogego_public/creator_event/game_market_2026_autumn/game/%E5%BB%8A%E4%B8%8B%E7%B5%84___%E3%81%8B%E3%82%89%E3%81%AE%E3%81%86%E3%82%8D_%E6%8E%83%E9%99%A4%E5%B1%8B_%E6%92%83%E5%A2%9C%E5%90%9B.jpg,
一般,両日,B042,BrainBrainGames,https://gamemarket.jp/booth/1712,,https://x.com/nagasakibgc,バードクラブ (BIRD CLUB),あなたの推しはタカ？ハト？どちらの陣営が勝つか？あなたはどちらにつくか？3～7人で遊べるじっくりタイプのゲーム,"¥2,000",3〜7人,30〜45分,不可,,https://gamemarket.jp/game/189279,,新作,公式サイト,https://img.gamemarket.jp/20260921_101559_box.jpg,
一般,両日,B042,BrainBrainGames,https://gamemarket.jp/booth/1712,,https://x.com/nagasakibgc,はやうちサウルス,恐竜たちが酒を飲むゲームです,"2,000円",4〜6人,10〜15分,情報なし,,https://boardgame.web-saito.net/hayauchi/,,,ボドゲゴー,https://storage.googleapis.com/bodogego_public/creator_event/game_market_2025_autumn/game/BrainBrainGames_%E3%81%AF%E3%82%84%E3%81%86%E3%81%A1%E3%82%B5%E3%82%A6%E3%83%AB%E3%82%B9.png,
一般,両日,C003,バンブーゲームズ,https://gamemarket.jp/booth/5295,,https://x.com/dosukoi_usagi,ヒャクジュウパレード 【HYAKUJU PARADE】,大きな数って気持ちいい！ カードを重ねてつなげて強くするインフレーション系カードゲーム！,"¥2,500",2〜5人,15〜20分,可,https://forms.gle/BDtrPPzaGzN5Vtg99,https://gamemarket.jp/game/188738,,新作,公式サイト,https://img.gamemarket.jp/20260807_181656_%E3%82%AA%E3%83%A2%E3%83%86%E3%82%A6%E3%83%A9BOX%E7%94%BB%E5%83%8F_16%E5%AF%BE9%20(2).png,
一般,両日,C004,イイワケボドゲ,https://gamemarket.jp/booth/6783,,,ZOOVO（ズーボ）,鳴き声を知らない『太っちょアニマル』の鳴き声を録音するゲーム,"¥1,500",2〜6人,15〜20分,可,https://forms.gle/nS4kFtA6RhVpKD6p6,https://gamemarket.jp/game/189056,,新作,公式サイト,https://img.gamemarket.jp/20260914_125727_%E6%AD%A3%E6%96%B9%E5%BD%A2%E4%BD%8E%E7%94%BB%E8%B3%AA%20(2).png,
一般,両日,C004,イイワケボドゲ,https://gamemarket.jp/booth/6783,,,OZIVO（オジボ）,色んな『おじ』の鳴き声を録音するゲーム,"¥1,500",2〜6人,15〜20分,可,https://forms.gle/nS4kFtA6RhVpKD6p6,https://gamemarket.jp/game/189055,,新作,公式サイト,https://img.gamemarket.jp/20260914_124327_%E6%AD%A3%E6%96%B9%E5%BD%A2%E4%BD%8E%E7%94%BB%E8%B3%AA.png,
一般,両日,C006,あーきっと．ゲームズ,https://gamemarket.jp/booth/4842,,,海賊たちの流儀 -Buccaneers` Code-,嵐の中、声は届かない。届くのは、仲間を信じる想いだけ。,"¥2,500",3〜5人,20〜30分,可,https://forms.gle/c8DnRSvVxERD9zWs8,https://gamemarket.jp/game/188735,,新作,公式サイト,https://img.gamemarket.jp/20260814_083801_%E3%82%BF%E3%82%A4%E3%83%88%E3%83%AB.jpg,
一般,両日,C006,あーきっと．ゲームズ,https://gamemarket.jp/booth/4842,,,トリイィーーーックテイキング,「勝つ」だけでは生き残れない。不条理な「指令」を完璧に遂行せよ。,"¥2,000",3〜4人,20〜30分,可,https://docs.google.com/forms/d/e/1FAIpQLSeN9rPTQr0eiL6oj75v9speS8Ngfh-xQgi7OzWxlPY3PfWo9Q/viewform,https://gamemarket.jp/game/187541,,,公式サイト,https://img.gamemarket.jp/20260319_084537_%E3%82%B5%E3%82%AF%E3%82%AB%EF%BC%B8.jpg,
一般,両日,C008,SHAKE UP GAMES,https://gamemarket.jp/booth/5833,,,ドッペル鑑定団,あざむけニセモノ みわけろホンモノ,"¥2,500",2〜4人,20〜40分,不可,,https://gamemarket.jp/game/189342,,新作,公式サイト,https://img.gamemarket.jp/20260923_174217_%E3%83%89%E3%83%83%E3%83%9A%E3%83%AB%E9%91%91%E5%AE%9A%E5%9B%A3_pop_2_%E5%95%86%E5%93%81%E7%94%BB%E5%83%8F_72ppi.jpg,
一般,両日,C011,@fullkawa,https://gamemarket.jp/booth/1249,,,ツール・ド・ダイス,手軽に味わう 自転車ロードレースの駆け引き！,"¥3,000",3〜6人,10〜15分,可,https://fullkawa.booth.pm/items/8479952,https://gamemarket.jp/game/188791,,新作,公式サイト,https://img.gamemarket.jp/20260824_213310_TdD.jpg,
一般,両日,C012,「遊神」,https://gamemarket.jp/booth/5591,,https://x.com/himaJINNIKI1001,柄々,日本伝統文様(和柄)を使った連想バラエティーゲーム。,"2,000円",2〜8人,15〜45分,情報なし,,https://gamemarket.jp/game/188775,あり,新作,ボドゲゴー,https://storage.googleapis.com/bodogego_public/creator_event/game_market_2026_autumn/game/%E9%81%8A%E7%A5%9E_%E6%9F%84%E3%80%85.jpg,
一般,両日,C012,「遊神」,https://gamemarket.jp/booth/5591,,https://x.com/himaJINNIKI1001,百害あって一利無し！,吸ったら減点！吸わなかったらストレスが溜まり大減点を喰らう恐れがあるマイナス要素しかないトリックテイキング！,"1,500円",3〜4人,15〜30分,情報なし,,https://www.gamemarket.jp/game/186261,,,ボドゲゴー,https://storage.googleapis.com/bodogego_public/creator_event/game_market_2025_autumn/game/%E3%83%9C%E3%83%89%E3%82%B2%E5%88%B6%E4%BD%9C%E3%82%B5%E3%83%BC%E3%82%AF%E3%83%AB%E3%80%8C%E9%81%8A%E7%A5%9E%E3%80%8D_%E7%99%BE%E5%AE%B3%E3%81%82%E3%81%A3%E3%81%A6%E4%B8%80%E5%88%A9%E7%84%A1%E3%81%97%EF%BC%81.png,
一般,両日,C012,「遊神」,https://gamemarket.jp/booth/5591,,https://x.com/himaJINNIKI1001,お嬢様のむちゃぶりコレクション！,お嬢様のむちゃぶりに合ったモノを部屋中から探し回り見つけ出す！リアルタイム借り物パーティーゲーム！,"1,500円",2〜8人,15〜30分,情報なし,,https://www.gamemarket.jp/game/186316,,,ボドゲゴー,https://storage.googleapis.com/bodogego_public/creator_event/game_market_2025_autumn/game/%E3%83%9C%E3%83%89%E3%82%B2%E5%88%B6%E4%BD%9C%E3%82%B5%E3%83%BC%E3%82%AF%E3%83%AB%E3%80%8C%E9%81%8A%E7%A5%9E%E3%80%8D_%E3%81%8A%E5%AC%A2%E6%A7%98%E3%81%AE%E3%82%80%E3%81%A1%E3%82%83%E3%81%B6%E3%82%8A%E3%82%B3%E3%83%AC%E3%82%AF%E3%82%B7%E3%83%A7%E3%83%B3%EF%BC%81.png,
一般,両日,C014,deratoriko（デラトリコ）,https://gamemarket.jp/booth/5751,,https://x.com/deratoriko,KAKOMIST カコミスト（本体）,相手より先に７つの囲みを作ろう！,"¥2,000",2人,15〜30分,可,https://docs.google.com/forms/d/e/1FAIpQLSchvX1fsbYwSamXkJEGsUgxBAYGVYBfTqSaIIvm7FbGvq7ymA/viewform?usp=header,https://gamemarket.jp/game/184936,,,公式サイト,https://img.gamemarket.jp/20250323_191155_2.png,
一般,両日,C014,deratoriko（デラトリコ）,https://gamemarket.jp/booth/5751,,https://x.com/deratoriko,BEETRIO ビートリオ,蜂をテーマにした2人用ワーカープレイスメント,"¥3,000",2人,10〜15分,可,https://forms.gle/iDzdW9YZYTucnfAD9,https://gamemarket.jp/game/188727,あり,新作,公式サイト,https://img.gamemarket.jp/20260806_151013_%E3%82%B9%E3%82%AF%E3%83%AA%E3%83%BC%E3%83%B3%E3%82%B7%E3%83%A7%E3%83%83%E3%83%88%202026-08-06%20150723.png,
一般,両日,C014,deratoriko（デラトリコ）,https://gamemarket.jp/booth/5751,,https://x.com/deratoriko,KAKOMIST EXPANSION（カコミスト拡張カード）,『KAKOMIST カコミスト』の拡張カードです。,¥500,2人,15〜30分,可,https://docs.google.com/forms/d/e/1FAIpQLSchvX1fsbYwSamXkJEGsUgxBAYGVYBfTqSaIIvm7FbGvq7ymA/viewform?usp=header,https://gamemarket.jp/game/186364,,,公式サイト,https://img.gamemarket.jp/20251017_154055_GuSb1IGa8AAa-TA.jpg,
一般,両日,C015,フリップゲームス,https://gamemarket.jp/booth/6443,,,夢ちん,なんだか最近、夢に出るんです。,"¥2,000",2〜6人,5〜10分,可,https://docs.google.com/forms/d/e/1FAIpQLSeIRBPDKSfySbzcbZQESh5dS33yD_09xhg5vRYsTpmN2AgLCA/viewform?usp=header,https://gamemarket.jp/game/189124,,新作,公式サイト,https://img.gamemarket.jp/20261004_072951_yumechincut.PNG,
一般,両日,C017,Spieldisorder,https://gamemarket.jp/booth/1765,,,PAYBACK(ペイバック),出し抜け！生き残れ！その判断が勝敗を決める。,"¥2,000",1〜5人,10〜30分,不可,,https://gamemarket.jp/game/185170,,,公式サイト,https://img.gamemarket.jp/20250410_152805_%E5%90%8D%E7%A7%B0%E6%9C%AA%E8%A8%AD%E5%AE%9A-1.jpg,
一般,両日,C020,アウェイクヒーローズ　情景堂,https://gamemarket.jp/booth/5604,,https://x.com/jokeido_JP,アウェイクヒーローズVol1,タクティクス対戦ボードゲームの第一弾。,"3,000円",0〜0人,15〜30分,情報なし,,https://jokeido.net/awakeheroes-games/,あり,,ボドゲゴー,https://storage.googleapis.com/bodogego_public/creator_event/game_market_2026_autumn/game/%E3%82%A2%E3%82%A6%E3%82%A7%E3%82%A4%E3%82%AF%E3%83%92%E3%83%BC%E3%83%AD%E3%83%BC%E3%82%BA_%E6%83%85%E6%99%AF%E5%A0%82_%E3%82%A2%E3%82%A6%E3%82%A7%E3%82%A4%E3%82%AF%E3%83%92%E3%83%BC%E3%83%AD%E3%83%BC%E3%82%BAVol1.jpg,
一般,両日,C021,星野デザイン,https://gamemarket.jp/booth/5160,,,エッグビッドダイナソー,卵で卵を競り落とす！？競りゲーム,"¥1,500",2〜4人,10〜15分,不可,,https://gamemarket.jp/game/188175,,新作,公式サイト,https://img.gamemarket.jp/20260907_141304_FHD%E3%82%B5%E3%83%A0%E3%83%8D-%E3%82%A8%E3%83%83%E3%82%AF%E3%82%99.jpg,
一般,両日,C021,星野デザイン,https://gamemarket.jp/booth/5160,,,ケルぺろス,役を揃えた分だけ山札が減っていく簡単セットコレクション,"¥1,500",2〜4人,10〜15分,可,https://forms.gle/BYStHZXqjqYsnvRn6,https://gamemarket.jp/game/188821,,新作,公式サイト,https://img.gamemarket.jp/20260829_223953_FHD%E3%82%B5%E3%83%A0%E3%83%8D-%E3%81%91%E3%82%8B%E3%81%B8%E3%82%9A%E3%82%8D.jpg,
一般,両日,C021,星野デザイン,https://gamemarket.jp/booth/5160,,,雪男を見つけたい！,雪男を見つけ出すババ抜き風カードゲーム,"¥1,500",2〜4人,5〜10分,可,https://forms.gle/BYStHZXqjqYsnvRn6,https://gamemarket.jp/game/188820,,新作,公式サイト,https://img.gamemarket.jp/20260829_223144_FHD%E3%82%B5%E3%83%A0%E3%83%8D-%E9%9B%AA%E7%94%B7.png,
一般,両日,C022,ハレルヤロックボーイ,https://gamemarket.jp/booth/2367,,,プラネットアワー,未知なる惑星をめくれ,"¥1,500",3〜4人,15〜15分,可,https://docs.google.com/forms/d/e/1FAIpQLSf1RBs_zRDUVDHoa00TKUTzFUa9Qv_XGHPld2ivzu_DjOGxHQ/viewform?usp=header,https://gamemarket.jp/game/189343,,新作,公式サイト,https://img.gamemarket.jp/20260923_183514_small.jpg,
一般,両日,C023,Kodaka OtonaShi,https://gamemarket.jp/booth/5171,,https://x.com/KodakaOtonaShi,レジュメンド ～RESU ME ND～,終わってる履歴書から立て直せ,"¥2,000",2〜9人,10〜30分,可,https://docs.google.com/forms/d/e/1FAIpQLSdyJHR6eiAI2uvb2hJt3W1W6w3BTe3if5UqSDKQxVB5EipiIQ/viewform?usp=preview,https://gamemarket.jp/game/189396,,新作,公式サイト,https://img.gamemarket.jp/20260927_230120_%E3%83%AC%E3%82%B8%E3%83%A5%E3%83%A1%E3%83%B3%E3%83%89%E3%80%80%E4%B8%80%E6%9E%9A%E7%B5%B5.png,
一般,両日,C023,Kodaka OtonaShi,https://gamemarket.jp/booth/5171,,https://x.com/KodakaOtonaShi,ホステスト　～HOS T EST～,お酒の場「専用」親密パーティー飲みゲー,"2,000円",2〜6人,20〜40分,情報なし,,https://booth.pm/ja/items/6307385,,,ボドゲゴー,https://storage.googleapis.com/bodogego_public/creator_event/game_market_2025_autumn/game/Kodaka%20OtonaShi_%E3%83%9B%E3%82%B9%E3%83%86%E3%82%B9%E3%83%88%E3%80%80%EF%BD%9EHOS%20T%20EST%EF%BD%9E.png,
一般,両日,C023,Kodaka OtonaShi,https://gamemarket.jp/booth/5171,,https://x.com/KodakaOtonaShi,センシンク　～SEN TH INK～,マトリクス図で人のセンスを考える紙ペンクイズパーティーゲーム,"2,000円",3〜10人,10〜60分,情報なし,,https://booth.pm/ja/items/6319630,,,ボドゲゴー,https://storage.googleapis.com/bodogego_public/creator_event/game_market_2025_autumn/game/Kodaka%20OtonaShi_%E3%82%BB%E3%83%B3%E3%82%B7%E3%83%B3%E3%82%AF%E3%80%80%EF%BD%9ESEN%20TH%20INK%EF%BD%9E.png,
一般,両日,C023,Kodaka OtonaShi,https://gamemarket.jp/booth/5171,,https://x.com/KodakaOtonaShi,マウントル　～MOUN T ALL～,マウントを取り合いその無意味さを知る川柳バトルパーティーゲーム,"2,000円",3〜10人,5〜40分,情報なし,,https://booth.pm/ja/items/6946335,,,ボドゲゴー,https://storage.googleapis.com/bodogego_public/creator_event/game_market_2025_autumn/game/Kodaka%20OtonaShi_%E3%83%9E%E3%82%A6%E3%83%B3%E3%83%88%E3%83%AB%E3%80%80%EF%BD%9EMOUN%20T%20ALL%EF%BD%9E.png,
一般,両日,C023,Kodaka OtonaShi,https://gamemarket.jp/booth/5171,,https://x.com/KodakaOtonaShi,シェアリティ　～SHA RE ALITY～,シェアハウスで恋リアをしながら相関図を当てる正体隠匿パーティーゲーム,"2,000円",2〜10人,10〜60分,情報なし,,https://kosgm.com/sha-re-ality,,,ボドゲゴー,https://storage.googleapis.com/bodogego_public/creator_event/game_market_2026_spring/game/Kodaka_OtonaShi_%E3%82%B7%E3%82%A7%E3%82%A2%E3%83%AA%E3%83%86%E3%82%A3_%EF%BD%9ESHA_RE_ALITY%EF%BD%9E.jpg,
一般,両日,C023,Kodaka OtonaShi,https://gamemarket.jp/booth/5171,,https://x.com/KodakaOtonaShi,シネマスター　～CINE MA STAR～,架空の映画を演技で再現する即興劇パーティーゲーム,"2,000円",2〜10人,5〜30分,情報なし,,https://kosgm.com/cine-ma-star,,,ボドゲゴー,https://storage.googleapis.com/bodogego_public/creator_event/game_market_2026_spring/game/Kodaka_OtonaShi_%E3%82%B7%E3%83%8D%E3%83%9E%E3%82%B9%E3%82%BF%E3%83%BC_%EF%BD%9ECINE_MA_STAR%EF%BD%9E.jpg,
一般,両日,C024,ひらめきうさぎ,https://gamemarket.jp/booth/6213,,,WEATHER,雨のち晴れのち雷のち虹！天候を操る変則ババ抜き！,"¥2,000",2〜6人,5〜20分,可,https://forms.gle/DLYLFZ69ccE8iRSZA,https://gamemarket.jp/game/189111,,新作,公式サイト,https://img.gamemarket.jp/20261006_153527_IMG_7283%20(2).jpg,
一般,両日,C027,すべらんGameLab,https://gamemarket.jp/booth/5703,,,漢字作家（試作版）,部首を組み合わせて、世界にひとつだけの“新しい漢字”を生み出そう！,¥500,3〜10人,10〜30分,不可,,https://gamemarket.jp/game/187333,,,公式サイト,https://img.gamemarket.jp/20251121_194533_%E5%90%8D%E7%A7%B0%E2%80%8B%E6%9C%AA%E2%80%8B%E8%A8%AD%E5%AE%9A-1.png,
一般,両日,C029,サークル713,https://gamemarket.jp/booth/2284,,,ゴーストベル 拡張（白駒）,隠すのも楽しい、探すのも楽しい。記憶と観察力、おばけたちによるパーティゲーム！（高難易度版）,¥500,2〜5人,10〜20分,可,https://forms.gle/8tkNMoN3ZKCjLz7c9,https://gamemarket.jp/game/188934,,新作,公式サイト,https://img.gamemarket.jp/20260905_231238_%E3%82%B4%E3%83%BC%E3%82%B9%E3%83%88%E3%83%99%E3%83%AB_RGB-04.jpg,
一般,両日,C029,サークル713,https://gamemarket.jp/booth/2284,,,ゴーストベル,隠すのも楽しい、探すのも楽しい。記憶と観察力、おばけたちによるパーティゲーム！,"¥3,000",2〜5人,10〜20分,可,https://forms.gle/8tkNMoN3ZKCjLz7c9,https://gamemarket.jp/game/188722,,新作,公式サイト,https://img.gamemarket.jp/20260905_232033_%E3%82%B4%E3%83%BC%E3%82%B9%E3%83%88%E3%83%99%E3%83%AB_RGB-04.jpg,
一般,両日,C029,サークル713,https://gamemarket.jp/booth/2284,,,ゴーストベル BIG,隠すのも楽しい、探すのも楽しい。記憶と観察力、おばけたちによるパーティゲーム！ 大きい版で登場！,"¥10,000",2〜5人,10〜20分,可,https://forms.gle/dsYFCvAzKMKGhy3L7,https://gamemarket.jp/game/189029,,新作,公式サイト,https://img.gamemarket.jp/20260912_220109_%E3%82%B4%E3%83%BC%E3%82%B9%E3%83%88%E3%83%99%E3%83%AB_BIG_RGB.jpg,
一般,両日,C030,ジゼン-ボードゲーム録-,https://gamemarket.jp/booth/5846,,,ワンペア！,ぐるぐる回るカードの中から自分のペアを見つけ出せ！,"¥1,500",3〜9人,15〜分,可,https://docs.google.com/forms/d/e/1FAIpQLSdNkB-sAjHpZhzspLMNDxw45oHMOSD3o3ccsRu6aenFiACqVA/viewform?usp=publish-editor,https://gamemarket.jp/game/189415,,新作,公式サイト,https://img.gamemarket.jp/20260927_143332_%E3%82%B5%E3%82%A4%E3%82%BA%E6%8A%91%E3%81%88%E7%9B%AE.jpeg,
一般,両日,C031,Lotus boardgames,https://gamemarket.jp/booth/3892,,https://x.com/LBoardgames,サムサ SUMSA,合計(サム)と差(サ)で数字を当てる論理パズル！,"¥1,500",2人,20〜30分,可,https://forms.gle/zaDKBKLJAT1ad8J99,https://gamemarket.jp/game/189156,,新作,公式サイト,https://img.gamemarket.jp/20260918_201326_%E3%82%B9%E3%82%AF%E3%83%AA%E3%83%BC%E3%83%B3%E3%82%B7%E3%83%A7%E3%83%83%E3%83%88%202026-09-03%2022.32.33.png,
一般,両日,C031,Lotus boardgames,https://gamemarket.jp/booth/3892,,https://x.com/LBoardgames,四国市町村ダービー Shikoku Derby,四国民は一度やってみて！,"¥3,000",2〜6人,30〜分,可,https://forms.gle/zaDKBKLJAT1ad8J99,https://gamemarket.jp/game/188726,,新作,公式サイト,https://img.gamemarket.jp/20260727_225706_%E5%9B%9B%E5%9B%BD%E3%82%BF%E3%82%99%E3%83%BC%E3%83%92%E3%82%99%E3%83%BC%E7%AE%B1%E3%82%AA%E3%83%A2%E3%83%86.png,
一般,両日,C031,Lotus boardgames,https://gamemarket.jp/booth/3892,,https://x.com/LBoardgames,ゴモクロク Gomoku Roku,石を置く。石を動かす。五目並ぶ！,"¥2,000",2人,15〜分,可,https://forms.gle/zaDKBKLJAT1ad8J99,https://gamemarket.jp/game/182799,,新作,公式サイト,https://img.gamemarket.jp/20240516_152635_%E3%82%B9%E3%82%AF%E3%83%AA%E3%83%BC%E3%83%B3%E3%82%B7%E3%83%A7%E3%83%83%E3%83%88%202024-05-10%2015.47.48.png,
一般,両日,C031,Lotus boardgames,https://gamemarket.jp/booth/3892,,https://x.com/LBoardgames,ゴモクロク,石を置く。石を動かす。五目並ぶ！,"2,000円",2〜2人,15〜15分,情報なし,,https://gamemarket.jp/game/182799,,,ボドゲゴー,https://storage.googleapis.com/bodogego_public/creator_event/game_market_2024_autumn/Lotus%20boardgames_%E3%82%B4%E3%83%A2%E3%82%AF%E3%83%AD%E3%82%AF.png,
一般,両日,C033,フダコマゲームズ,https://gamemarket.jp/booth/2506,,,デアイ・ヴィア,巡り、捧げよ― 女神への道,"¥3,500",1〜2人,〜30分,可,https://fudacoma.jp/game_shop/,https://gamemarket.jp/game/189070,,新作,公式サイト,https://img.gamemarket.jp/20260915_094605_DeaeVia_promo_compressed.jpg,
一般,両日,C034,世紀末Games,https://gamemarket.jp/booth/3349,,,もじもじアフロ,もじゃもじゃに、文字あり,"¥3,000",2〜6人,10〜15分,可,https://forms.gle/xnHQubeuwQjWcoZr7,https://gamemarket.jp/game/188601,,,公式サイト,https://img.gamemarket.jp/20260518_231123_afro_KV_v1.png,
一般,両日,C034,世紀末Games,https://gamemarket.jp/booth/3349,,,ゴフンコフン,5分で偉大な大王となれ！ハイスピード古墳バトル！,"¥3,000",3〜4人,5〜10分,可,https://forms.gle/xnHQubeuwQjWcoZr7,https://gamemarket.jp/game/180053,,,公式サイト,https://img.gamemarket.jp/20241031_002154_Twitter%E5%91%8A%E7%9F%A5%E5%B0%8F%E3%82%B5%E3%82%A4%E3%82%B9%E3%82%99_%E3%82%A2%E3%83%BC%E3%83%88%E3%83%9B%E3%82%99%E3%83%BC%E3%83%88%E3%82%99%201.png,
一般,両日,C034,世紀末Games,https://gamemarket.jp/booth/3349,,,くものすごろく,獲物がかかったクモの巣でエサを取り合うすごろくバトル！,"¥2,000",2〜4人,20〜30分,可,https://forms.gle/xnHQubeuwQjWcoZr7,https://gamemarket.jp/game/184434,,,公式サイト,https://img.gamemarket.jp/20241030_220941_g.png,
一般,両日,C034,世紀末Games,https://gamemarket.jp/booth/3349,,,ゲシュタルトおぢさん,このおじさん、異変あり,"¥1,000",2〜6人,5〜15分,可,https://forms.gle/xnHQubeuwQjWcoZr7,https://gamemarket.jp/game/187735,,,公式サイト,https://img.gamemarket.jp/20260412_152921_%E3%81%8A%E3%81%97%E3%82%99%E3%81%95%E3%82%93%E5%91%8A%E7%9F%A5%E7%94%A8low.png,
一般,両日,C034,世紀末Games,https://gamemarket.jp/booth/3349,,,ゲシュタルトおぢさん 特盛,このおじさん、またもや異変あり,"¥1,000",2〜6人,5〜10分,可,https://forms.gle/gCR6uw8riCKgLN4WA,https://gamemarket.jp/game/189467,,新作,公式サイト,https://img.gamemarket.jp/20260929_221217_%E3%83%A1%E3%82%A4%E3%83%B3KV_72ppi_low.png,
一般,両日,C034,世紀末Games,https://gamemarket.jp/booth/3349,,,メガネをクイッとするゲーム,「フッ…面白い！」天才メガネキャラになりきって頭脳戦を繰り広げるパーティーゲーム,"¥2,500",2〜6人,5〜15分,可,https://forms.gle/xnHQubeuwQjWcoZr7,https://gamemarket.jp/game/182987,,,公式サイト,https://img.gamemarket.jp/20240823_225744_megane_kokuchi.png,
一般,両日,C034,世紀末Games,https://gamemarket.jp/booth/3349,,,ゲボドバBar,ドリンクをまぜて飲ませ合う、メイフォローのトリックテイキングゲーム,"¥2,000",2〜4人,20〜40分,可,https://forms.gle/xnHQubeuwQjWcoZr7,https://gamemarket.jp/game/185819,,,公式サイト,https://img.gamemarket.jp/20250508_085627_bar_01_72ppi.jpg,
一般,両日,C034,世紀末Games,https://gamemarket.jp/booth/3349,,,ゲボドバ,ドリンクを飲むか、飲ませるか、 駆け引きを楽しめるカジュアルなダウトゲーム,"¥2,000",2〜6人,15〜30分,可,https://forms.gle/xnHQubeuwQjWcoZr7,https://gamemarket.jp/game/185818,,,公式サイト,https://img.gamemarket.jp/20250508_053632_dauto_01_1x.jpg,
一般,両日,C035,Fika Table,https://gamemarket.jp/booth/6785,,,ぼくのほそ道,協力川柳クイズゲーム ～三人で一句詠んでお題を表現せよ！～,"¥3,000",4〜6人,20〜30分,不可,,https://gamemarket.jp/game/189051,,新作,公式サイト,https://img.gamemarket.jp/20260913_190246_%E3%81%BC%E3%81%8F%E3%81%AE%E3%81%BB%E3%81%9D%E3%81%BF%E3%81%A1%E7%B4%B9%E4%BB%8B.png,
一般,両日,C035,Fika Table,https://gamemarket.jp/booth/6785,,,ゼンコウテイ,皇帝を1番上手く肯定できるのは誰!? やさしさ×ひらめきワードバトル！,"¥3,000",3〜6人,15〜30分,不可,,https://gamemarket.jp/game/189049,,新作,公式サイト,https://img.gamemarket.jp/20260913_184858_%E3%82%BC%E3%83%B3%E3%82%B3%E3%82%A6%E3%83%86%E3%82%A4%E7%B4%B9%E4%BB%8B.png,
一般,両日,C036,みさき工房,https://gamemarket.jp/booth/1155,,https://x.com/sakimiyamisaki,メイドギルドへようこそ ～貴族の品格～,貴族になってメイドを雇う、降りられない競りゲーム,"¥2,000",4〜6人,15〜15分,不可,,https://gamemarket.jp/game/188819,,新作,公式サイト,https://img.gamemarket.jp/20260829_170517_000000.jpg,
一般,両日,C037,スパイラル,https://gamemarket.jp/booth/2382,,,931,9つの言葉を1つにつなげる ひらめき快感クイズゲーム,"¥2,500",1〜人,5〜分,可,https://docs.google.com/forms/d/e/1FAIpQLScb_ciAvP7zGaUGZUBy2rWAL_3TFfQKsqpS-o7BY4QUMlU8kQ/viewform?usp=dialog,https://gamemarket.jp/game/189397,,新作,公式サイト,https://img.gamemarket.jp/20260926_184117_931_bnr_sns.png1.jpg,
一般,両日,C038,操られ人形館,https://gamemarket.jp/booth/1373,,https://x.com/seaanemone59,Merge Take（マジェテイク）,スライムをたくさん（数多く）集めることを目指しますが、集めたスライムカードが連番になったり、同値だったりすると合体して大きなグループになっていきます。,"2,000円",3〜4人,30〜30分,情報なし,,https://ayatsurare.tokyo/product/024_merge-take/,,新作,ボドゲゴー,https://storage.googleapis.com/bodogego_public/creator_event/game_market_2026_autumn/game/%E6%93%8D%E3%82%89%E3%82%8C%E4%BA%BA%E5%BD%A2%E9%A4%A8_Merge_Take%EF%BC%88%E3%83%9E%E3%82%B8%E3%82%A7%E3%83%86%E3%82%A4%E3%82%AF%EF%BC%89.jpg,
一般,両日,C038,操られ人形館,https://gamemarket.jp/booth/1373,,https://x.com/seaanemone59,MUSHROOM SORT,裏から見ても色がわかるカードを使った可愛い推理系ポーカーです。,"2,500円",2〜4人,30〜60分,情報なし,,https://ayatsurare.tokyo/product/023_mushroom-sort/,,,ボドゲゴー,https://storage.googleapis.com/bodogego_public/creator_event/game_market_2025_spring/%E6%93%8D%E3%82%89%E3%82%8C%E4%BA%BA%E5%BD%A2%E9%A4%A8_MUSHROOM%20SORT.png,
一般,両日,C038,操られ人形館,https://gamemarket.jp/booth/1373,,https://x.com/seaanemone59,Only One Collection,特殊なカード集めにバーストが加わり、様々な展開が起きる楽しいカードゲームです。,"2,500円",2〜4人,30〜60分,情報なし,,https://ayatsurare.tokyo/product/021_only-one-collection/,,,ボドゲゴー,https://storage.googleapis.com/bodogego_public/creator_event/game_market_2025_spring/%E6%93%8D%E3%82%89%E3%82%8C%E4%BA%BA%E5%BD%A2%E9%A4%A8_Only%20One%20Collection.png,
一般,両日,C039,大誠光,https://gamemarket.jp/booth/6419,,https://x.com/DaiseikoU__MYH,スラムカード,日本の伝承遊び、めんこの新時代へ。,"¥7,000",1〜4人,5〜30分,可,https://docs.google.com/forms/d/e/1FAIpQLSfZ5mmwLnQ62d2PhLxVtOV_gKDzpwyR8wRIW4OHqDXwLlFt5w/viewform?usp=publish-editor,https://gamemarket.jp/game/187449,あり,,公式サイト,https://img.gamemarket.jp/20260407_113818_%E3%83%96%E3%83%BC%E3%82%B9%E3%82%AB%E3%83%83%E3%83%88_%E3%82%A2%E3%82%A6%E3%83%88%E3%83%A9%E3%82%A4%E3%83%B3%E5%BE%8C.jpg,
一般,両日,C039,大誠光,https://gamemarket.jp/booth/6419,,https://x.com/DaiseikoU__MYH,Tilt The Tic Tac Toe（ティルト ザ ティックタックトゥー）,史上初！階段型三目並べ、誕生。,"¥1,800",2人,5〜10分,可,https://docs.google.com/forms/d/e/1FAIpQLSfZ5mmwLnQ62d2PhLxVtOV_gKDzpwyR8wRIW4OHqDXwLlFt5w/viewform?usp=publish-editor,https://gamemarket.jp/game/188870,あり,新作,公式サイト,https://img.gamemarket.jp/20260903_003638_%E3%82%B5%E3%83%A0%E3%83%8D%E3%82%A4%E3%83%AB2.png,
一般,両日,C040,Twinship,https://gamemarket.jp/booth/5747,,,Twinship,意外な難しさと、鮮やかな解,"¥2,000",1人,〜分,可,https://gamemarket.jp/game/187382,https://gamemarket.jp/game/187382,,,公式サイト,https://img.gamemarket.jp/20251227_154016_01_Twinship_blue_1227_small.png,
一般,両日,C040,Twinship,https://gamemarket.jp/booth/5747,,,Toguro,同形の6ピースを透明なケースに収めるパズル,"¥3,500",1人,〜分,可,https://gamemarket.jp/game/187532,https://gamemarket.jp/game/187532,,,公式サイト,https://img.gamemarket.jp/20260315_122553_08_Toguro_0307_small.png,
一般,両日,C040,Twinship,https://gamemarket.jp/booth/5747,,,Tomoe,同形の6ピースを透明なケースに収めるパズル,"¥3,500",1人,〜分,可,https://gamemarket.jp/game/187531,https://gamemarket.jp/game/187531,,,公式サイト,https://img.gamemarket.jp/20260315_122148_07_Tomoe_0307_small.png,
一般,両日,C040,Twinship,https://gamemarket.jp/booth/5747,,,Quick Wit,ちょっとした仕掛けが込められているパズル,"¥1,500",1人,〜分,可,https://gamemarket.jp/game/187387,https://gamemarket.jp/game/187387,,,公式サイト,https://img.gamemarket.jp/20260307_214125_06_Quick_blue_0307_small.png,
一般,両日,C040,Twinship,https://gamemarket.jp/booth/5747,,,Unique 5x4,様々な形の4ピースと3x3x3の箱を使ったパズル,"¥2,000",1人,〜分,可,https://gamemarket.jp/game/187386,https://gamemarket.jp/game/187386,,,公式サイト,https://img.gamemarket.jp/20260307_214115_05_Unique_red_0307_small.png,
一般,両日,C040,Twinship,https://gamemarket.jp/booth/5747,,,Fudge,同型の4ピースを入り口が一部塞がれた箱に収める、解き味がこだわりのパズルゲーム,"¥2,000",1人,〜分,可,https://gamemarket.jp/game/187385,https://gamemarket.jp/game/187385,,,公式サイト,https://img.gamemarket.jp/20260307_214055_04_Fudge_0307_small.png,
一般,両日,C040,Twinship,https://gamemarket.jp/booth/5747,,,Fancy Form,同形の6ピースを透明なケースに収めるパズル,"¥3,500",1人,〜分,可,https://gamemarket.jp/game/187384,https://gamemarket.jp/game/187384,,,公式サイト,https://img.gamemarket.jp/20251227_155658_01_FancyForm_1227_small.png,
一般,両日,C040,Twinship,https://gamemarket.jp/booth/5747,,,Snake Pit,同形の7ピースを透明なケースに収めるパズル,"¥3,500",1人,〜分,可,https://gamemarket.jp/game/187383,https://gamemarket.jp/game/187383,,,公式サイト,https://img.gamemarket.jp/20251227_155352_01_SnakePit_1227_small.png,
一般,両日,C042,おっぽゲームズ,https://gamemarket.jp/booth/4059,,https://x.com/oppogames,まるぺけ,"ちょっと未来の⚪︎×ゲーム！
場所制限×カード効果でビンゴを決めろ！","2,500円",2〜2人,5〜10分,情報なし,,https://gamemarket.jp/game/178658,あり,,ボドゲゴー,https://firebasestorage.googleapis.com/v0/b/bodogego.appspot.com/o/images%2F1700973744687?alt=media&token=11207f8d-f7ac-4675-b19d-fe40d93cebf4,
一般,両日,C042,おっぽゲームズ,https://gamemarket.jp/booth/4059,,https://x.com/oppogames,迷子,迷子に恐怖する、変則ババ抜きホラーゲーム！,"2,300円",2〜4人,5〜20分,情報なし,,https://gamemarket.jp/game/181718,あり,,ボドゲゴー,https://firebasestorage.googleapis.com/v0/b/bodogego.appspot.com/o/images%2F1700973122551?alt=media&token=c14be7eb-bfe9-4c1a-b08f-0ee3167b0d56,
一般,両日,C042,おっぽゲームズ,https://gamemarket.jp/booth/4059,,https://x.com/oppogames,ひよころ,手のひらビー玉アクションゲーム！,"2,000円",1〜4人,5〜10分,情報なし,,https://gamemarket.jp/game/179832,あり,,ボドゲゴー,https://firebasestorage.googleapis.com/v0/b/bodogego.appspot.com/o/images%2F1700973350232?alt=media&token=96de94be-e212-4a26-a372-ec4c71a6c6c6,
一般,両日,C042,おっぽゲームズ,https://gamemarket.jp/booth/4059,,https://x.com/oppogames,ANGEL〜羽衣桜の木の下で〜,伝説の桜の木の下で「告白」できるのは、ただ1人,"1,500円",2〜4人,5〜10分,情報なし,,https://gamemarket.jp/game/183755,あり,,ボドゲゴー,https://firebasestorage.googleapis.com/v0/b/bodogego.appspot.com/o/images%2Fimage_cropper_84062512-A2F1-40EA-9308-63E4C8DB4B91-90083-00007FDCBB8ED314.jpg1745300729925.jpg1745300729967?alt=media&token=c5050412-c304-48b7-8b55-8f4d7c781e5a,
一般,両日,C042,おっぽゲームズ,https://gamemarket.jp/booth/4059,,https://x.com/oppogames,十五賽,ダイス × 五目並べ！,"2,500円",2〜2人,10〜30分,情報なし,,https://gamemarket.jp/game/185072,あり,,ボドゲゴー,https://firebasestorage.googleapis.com/v0/b/bodogego.appspot.com/o/images%2Fimage_cropper_31B0F088-3CB9-4E89-B607-B28126F3C75E-90083-00007FD7F6B5AFFD.jpg1745299876502.jpg1745299876548?alt=media&token=0c40cdf3-4236-4592-89e1-ff4a74d8a797,
一般,両日,C042,おっぽゲームズ,https://gamemarket.jp/booth/4059,,https://x.com/oppogames,がおー人狼,人狼にしては速すぎる…！？ハイスピードチキンレース「がおー人狼」！,"2,500円",3〜5人,1〜20分,情報なし,,https://gamemarket.jp/game/187589,あり,,ボドゲゴー,https://storage.googleapis.com/bodogego_public/creator_event/game_market_2026_spring/game/%E3%81%8A%E3%81%A3%E3%81%BD%E3%82%B2%E3%83%BC%E3%83%A0%E3%82%BA_%E3%81%8C%E3%81%8A%E3%83%BC%E4%BA%BA%E7%8B%BC.jpg,
一般,両日,C043,根性論大好き委員会,https://gamemarket.jp/booth/3975,,https://x.com/iriziumu,迷宮攻略は坊主めくりのように,1人でもみんなでも遊べる坊主めくりが登場！運任せで冒険を進めて、誰よりも早くボスを倒そう！,"¥2,500",1〜4人,20〜30分,可,https://docs.google.com/forms/d/e/1FAIpQLScINMd3iheRtk3JVCb6xHC83Rtzl2_RGEnViDbcPqTJ9YToVA/viewform?usp=header,https://gamemarket.jp/game/189526,,新作,公式サイト,https://img.gamemarket.jp/20261001_202718_%E3%83%AF%E3%83%B3%E3%83%94%E3%83%BC%E3%82%B9%E5%9E%8B%E3%83%9C%E3%83%83%E3%82%AF%E3%82%B9%E3%82%B9%E3%83%AA%E3%83%BC%E3%83%96%E3%83%86%E3%83%B3%E3%83%97%E3%83%AC%E3%83%BC%E3%83%88%E3%82%B3%E3%83%94%E3%83%BC.jpg,
一般,両日,C044,ごみ国際,https://gamemarket.jp/booth/3108,,,CRABWISE,「ひたすらに、かに、みぎに」,"¥4,000",2〜4人,20〜40分,可,https://forms.gle/86szNcDahcrBwkrM8,https://gamemarket.jp/game/189478,,新作,公式サイト,https://img.gamemarket.jp/20261006_194234_IMG_21322.JPG,
一般,両日,C044,ごみ国際,https://gamemarket.jp/booth/3108,,,ことりぱーち,枝から「邪魔モノ」を追い出せ！危ない！みんなはおちないで！,"¥3,500",3〜4人,30〜30分,可,https://forms.gle/AXi9VanqYoiQvdYz9,https://gamemarket.jp/game/187793,,,公式サイト,https://img.gamemarket.jp/20260417_184237_20260330_145723821_iOS.jpg,
一般,両日,C045,群悠,https://gamemarket.jp/booth/6786,,,災獣,破壊の限りを尽くし、最強の怪獣を目指せ！,"¥4,000",2〜3人,20〜30分,不可,,https://gamemarket.jp/game/189245,,新作,公式サイト,https://img.gamemarket.jp/20260920_150915_%E3%82%B5%E3%83%A0%E3%83%8D%E3%82%A4%E3%83%AB.jpg,
一般,両日,C046,茶々屋,https://gamemarket.jp/booth/6181,,,扇舞(SENBU) JP/EN,やり込み型 和風ソリティア (ソロ・協力・対戦・協力対戦など複数人プレイ可),"¥3,000",1〜6人,3〜20分,可,https://docs.google.com/forms/d/e/1FAIpQLSc-Lhb5j8twptDvkFq1AbkQIJNhO36t5bLiDbu38C3WAqhajg/viewform?usp=header,https://gamemarket.jp/game/186057,,新作,公式サイト,https://img.gamemarket.jp/20250921_075130_16%E5%AF%BE9%E7%94%BB%E5%83%8F.jpg,
一般,両日,C048,fofofofo games,https://gamemarket.jp/booth/6231,,,TRICK&TREAT,「落としたら負け」じゃなくて、「自分の陣地に落とさせたら勝ち！」の新感覚バランスゲーム！,"¥3,500",3〜5人,30〜45分,可,https://forms.gle/1tC4WaYsAHNqVc677,https://gamemarket.jp/game/186841,,,公式サイト,https://img.gamemarket.jp/20251103_123435_%E3%83%95%E3%82%99%E3%83%AD%E3%82%AF%E3%82%99%E3%82%B5%E3%83%A0%E3%83%8D%E3%82%A4%E3%83%AB.jpg,
一般,両日,C048,fofofofo games,https://gamemarket.jp/booth/6231,,,ひらがながよみたくて！,【言葉遊び×パズル！？】文字を「変換」しながら、誰より早く単語を見つけよう！,"¥2,000",2〜6人,5〜30分,可,https://forms.gle/1tC4WaYsAHNqVc677,https://gamemarket.jp/game/186537,,,公式サイト,https://img.gamemarket.jp/20251019_203509_%E3%82%A2%E3%83%BC%E3%83%88%E3%83%9B%E3%82%99%E3%83%BC%E3%83%88%E3%82%99%202%20%E3%81%AE%E3%82%B3%E3%83%92%E3%82%9A%E3%83%BC%202.png,
一般,両日,D002,ステラナビス,https://gamemarket.jp/booth/6787,,,モンスターズブライド！,道中どたばた1人用ダイスゲーム！ダイスの出目を操作して魔王城を目指そう！,"¥2,000",1人,15〜20分,可,https://forms.gle/ciVsBT6CphvFHNRa9,https://gamemarket.jp/game/189044,,,公式サイト,https://img.gamemarket.jp/20260913_220435_%E3%83%91%E3%83%83%E3%82%B1%E3%83%BC%E3%82%B8%E8%A1%A8%E8%A3%8F2.png,
一般,両日,D003,Miyabi Lab,https://gamemarket.jp/booth/4695,,, MIGHT MARE - マイトメア -,絶望必至の偽協力悪夢脱出ボードゲーム,"¥4,000",2〜5人,30〜60分,可,https://docs.google.com/forms/d/e/1FAIpQLSfWj_ht87mTDnthxz0mSiT-XgC_xzHFRNMhCi4o8UI0VPbENg/viewform,https://gamemarket.jp/game/187596,,,公式サイト,https://img.gamemarket.jp/20260420_233919_%E3%83%9E%E3%82%A4%E3%83%88%E3%83%A1%E3%82%A2_%E5%AE%A3%E4%BC%9D%E7%94%BB%E5%83%8F_v2_%E7%94%BB%E8%B3%AA%E8%AA%BF%E6%95%B4.jpg,
一般,両日,D003,Miyabi Lab,https://gamemarket.jp/booth/4695,,,ARCAKNIFE - アルカナイフ -,予言解釈型タロットサバイバル,"¥3,500",3〜6人,20〜40分,可,https://docs.google.com/forms/d/e/1FAIpQLSfWj_ht87mTDnthxz0mSiT-XgC_xzHFRNMhCi4o8UI0VPbENg/viewform,https://gamemarket.jp/game/188764,,新作,公式サイト,https://img.gamemarket.jp/20260830_015935_samune_1MB.jpg,
一般,両日,D005,だんじり協奏曲,https://gamemarket.jp/booth/5575,,,PROJECT EDGEWORTH,通信衛星網を構築し、軌道の覇者となれ！,"¥4,500",2〜4人,40〜60分,可,https://forms.gle/G8gAA96vpzXk5Vfg8,https://gamemarket.jp/game/188949,,新作,公式サイト,https://img.gamemarket.jp/20260921_113221_thumbnail.jpg,
一般,両日,D005,だんじり協奏曲,https://gamemarket.jp/booth/5575,,,"我廻る、故に我あり（I Revolve, Therefore I Am）",我こそが第一人格！自我の境地に達せよ！,"¥4,200",2〜4人,30〜60分,可,https://forms.gle/noNZPUnz5wgcfgLs7,https://gamemarket.jp/game/186184,,,公式サイト,https://img.gamemarket.jp/20250923_113500_thumbnail_gm.png,
一般,両日,D005,だんじり協奏曲,https://gamemarket.jp/booth/5575,,,MINIMUM JOURNEY / ミニマムジャーニー,抜け駆け上等、宇宙開発競争の覇権を握れ！,"¥2,800",3〜4人,20〜30分,可,https://forms.gle/noNZPUnz5wgcfgLs7,https://gamemarket.jp/game/184001,,,公式サイト,https://img.gamemarket.jp/20241014_100744_%E3%82%A2%E3%83%BC%E3%83%88%E3%83%9B%E3%82%99%E3%83%BC%E3%83%88%E3%82%99%201@0.5x.png,
一般,両日,D006,SALTY STUDIO,https://gamemarket.jp/booth/4112,,,負けヒロインとは言わせない!!,遊べば「恋バナ」が始まる、ラブコメカードバトル。,"¥3,500",2〜6人,20〜40分,可,https://docs.google.com/forms/d/e/1FAIpQLSfAENO48JbeBmSvIQKrbF_r4HOB8nBzmf7D14m6HAlLpjb1Tg/viewform,https://gamemarket.jp/game/178833,,,公式サイト,https://img.gamemarket.jp/20261003_014403_gmed_thumb_1790959444027.jpg,
一般,両日,D006,SALTY STUDIO,https://gamemarket.jp/booth/4112,,,∞MURDER MYSTERY ~終わらない物語~,何度でも遊べる、マダミス風の正体隠匿ゲーム,"¥2,000",4〜7人,20〜20分,可,https://docs.google.com/forms/d/e/1FAIpQLSfAENO48JbeBmSvIQKrbF_r4HOB8nBzmf7D14m6HAlLpjb1Tg/viewform,https://gamemarket.jp/game/189543,,,公式サイト,https://img.gamemarket.jp/20261003_015043_gmed_thumb_1790959844481.jpg,
一般,両日,D006,SALTY STUDIO,https://gamemarket.jp/booth/4112,,,うらにわには２わうらには２わにわとりがいる。,「ひらがな」なのに間違える！ゲシュタルト崩壊系カルタ,"¥2,000",2〜6人,15〜15分,可,https://docs.google.com/forms/d/e/1FAIpQLSfAENO48JbeBmSvIQKrbF_r4HOB8nBzmf7D14m6HAlLpjb1Tg/viewform,https://gamemarket.jp/game/189542,,,公式サイト,https://img.gamemarket.jp/20261003_010307_gmed_thumb_1790956987763.jpg,
一般,両日,D006,SALTY STUDIO,https://gamemarket.jp/booth/4112,,,ドングリどこだ？,かくして、みはって、ほりかえせ！,"¥2,000",2〜4人,20〜20分,可,https://docs.google.com/forms/d/e/1FAIpQLSfAENO48JbeBmSvIQKrbF_r4HOB8nBzmf7D14m6HAlLpjb1Tg/viewform,https://gamemarket.jp/game/189540,,新作,公式サイト,https://img.gamemarket.jp/20261006_012857_gmed_thumb_1791217737199.jpg,
一般,両日,D006,SALTY STUDIO,https://gamemarket.jp/booth/4112,,,やどかりコロリン,"""背負う""運命はいかに？","¥2,000",2〜4人,20〜20分,可,https://docs.google.com/forms/d/e/1FAIpQLSfAENO48JbeBmSvIQKrbF_r4HOB8nBzmf7D14m6HAlLpjb1Tg/viewform,https://gamemarket.jp/game/189539,,新作,公式サイト,https://img.gamemarket.jp/20261006_012851_gmed_thumb_1791217731517.jpg,
一般,両日,D006,SALTY STUDIO,https://gamemarket.jp/booth/4112,,,Hermit Hop (English),"Roll the die, trade your shells.","¥2,000",2〜4人,20〜20分,可,https://docs.google.com/forms/d/e/1FAIpQLSfAENO48JbeBmSvIQKrbF_r4HOB8nBzmf7D14m6HAlLpjb1Tg/viewform,https://gamemarket.jp/game/189646,,新作,公式サイト,https://img.gamemarket.jp/20261006_040214_gmed_thumb_1791226934578.jpg,
一般,両日,D010,chotdog,https://gamemarket.jp/booth/6788,,https://x.com/chotdog_prod,HOPPE(ホッペ),拾って 隠して すりかえろ！ どんぐりを巡る心理戦,"¥1,500",2人,5〜10分,可,https://docs.google.com/forms/d/e/1FAIpQLScoPTKx6D0DUStEnc775Kw8804PSLsFoIlOAQsraALHht5eSw/viewform,https://gamemarket.jp/game/188852,,新作,公式サイト,https://img.gamemarket.jp/20260901_180227_hoppe_pr.png,
一般,両日,D010,chotdog,https://gamemarket.jp/booth/6788,,https://x.com/chotdog_prod,HOPPE,見た目とは裏腹に…。5分で決まるどんぐり争奪心理戦！,"1,500円",2〜2人,5〜10分,情報なし,,https://gamemarket.jp/game/188852,あり,新作,ボドゲゴー,https://storage.googleapis.com/bodogego_public/creator_event/game_market_2026_autumn/game/chotdog_HOPPE.jpg,
一般,両日,D014,東京ゲームメイカーズ,https://gamemarket.jp/booth/2379,,,会社王,この会社とその会社、平均年収が高いのは、どっち？,"¥2,000",1〜5人,15〜30分,可,https://docs.google.com/forms/d/e/1FAIpQLScF8bJ-QvE2R-tC09msApAbLGVEiha_NX-ThZz97IGu-7tRlQ/viewform,https://gamemarket.jp/game/189068,,新作,公式サイト,https://img.gamemarket.jp/20260915_005018_%E3%82%A2%E3%83%BC%E3%83%88%E3%83%9C%E3%83%BC%E3%83%89%201.png,
一般,両日,D016,-Ceedボードゲーム部,https://gamemarket.jp/booth/5840,,,起業家たちの思惑,戦略と運を兼ね備えた最強の起業家は誰だ！,"¥3,500",3〜6人,30〜60分,可,https://bodofun.hoobby.net/projects/kigyoukagameproject/rewards/71908,https://gamemarket.jp/game/189030,,新作,公式サイト,https://img.gamemarket.jp/20260912_145204_%E3%83%98%E3%83%83%E3%83%80%E3%83%BC%E7%94%BB%E5%83%8F%E3%83%AA%E3%83%8B%E3%83%A5%E3%83%BC%E3%82%A2%E3%83%AB%E3%80%8C%E8%B5%B7%E6%A5%AD%E5%AE%B6%E3%81%9F%E3%81%A1%E3%81%AE%E6%80%9D%E6%83%91%E3%80%8D.jpg,
一般,両日,D019,Red i Games,https://gamemarket.jp/booth/2710,,,スロットパーラー・チンチーロ,めざせ1000万点！？ 超々インフレ系紙ペンゲーム,"¥2,000",1〜10人,20〜40分,可,https://forms.gle/A1a3RzbtkR5tEeYL8,https://gamemarket.jp/game/188951,,新作,公式サイト,https://img.gamemarket.jp/20260907_214337_%E3%82%BF%E3%82%A4%E3%83%88%E3%83%AB%E5%9C%A7%E7%B8%AE.PNG,
一般,両日,D020,ピースギルド - PaixGUILD,https://gamemarket.jp/booth/2263,,,ミセスサンドイッチ,手札が並べ替えられないババ抜き！,¥0,2〜6人,20〜40分,可,https://forms.gle/27KUFNrohqKU6rgy9,https://gamemarket.jp/game/189077,,新作,公式サイト,https://img.gamemarket.jp/20260915_170550_box.png,
一般,両日,D021,ヤマダさんち,https://gamemarket.jp/booth/5632,,https://x.com/YAMADAS_HOUSE,エリンギ恋人（カップル）,エリンギシリーズの第二弾が誕生！エリンギのセリフを考えて、同じエリンギカードを持っている人を当てるゲーム！！,"¥1,500",3〜7人,20〜30分,可,https://docs.google.com/forms/d/e/1FAIpQLSdaR-lOjqV3St_Xq77fd4YMLSJ6Q6tk8S7sSguO_EFC9yMIuA/viewform?usp=sharing&amp;ouid=114797993030078176735,https://gamemarket.jp/game/189307,,新作,公式サイト,https://img.gamemarket.jp/20260922_151842_%E3%82%A8%E3%83%AA%E3%83%B3%E3%82%AE%E3%82%AB%E3%83%83%E3%83%97%E3%83%AB.jpg,
一般,両日,D023,HLKT工房,https://gamemarket.jp/booth/1245,,,らくらく冒険者の幸せ異世界ライフ～ソロブックVol.1アリッサ～,らくらく冒険者の幸せ異世界ライフの1人用シナリオが登場！第一弾はアリッサ編！,¥500,1人,20〜40分,可,https://docs.google.com/forms/d/e/1FAIpQLSf6WoCc_37vQBEIAJrKtQamZgCklkkgQJFOCUP8BBUlY0Jwew/viewform?usp=header,https://gamemarket.jp/game/189429,,新作,公式サイト,https://img.gamemarket.jp/no-image.png,
一般,両日,D025,Amateru,https://gamemarket.jp/booth/6461,,,TOWAI,昼と夜、どちらに傾く？「トワイ」で大逆転！革命が起きまくるゴーアウト系カードゲーム！,"¥2,000",2〜6人,10〜20分,可,https://docs.google.com/forms/d/e/1FAIpQLSe5shbVunaSIDfhkGw19eGgpqFIYG7eob6jOCHsKn2TNjhknQ/viewform,https://gamemarket.jp/game/187686,あり,,公式サイト,https://img.gamemarket.jp/20260919_201515_%E3%83%9C%E3%83%89%E3%82%AC%E3%83%AC%E3%82%B5%E3%83%BC%E3%82%AF%E3%83%AB%E3%82%AB%E3%83%83%E3%83%88.png,
一般,両日,D026,タロ大・島研究室,https://gamemarket.jp/booth/5074,,,さみしがりやのしんきろう,消える場札と色合わせの大富豪,"¥2,500",3〜6人,15〜30分,可,https://docs.google.com/forms/d/e/1FAIpQLSdvRLUm6k8iiSwJnWMch59Uvm14VbSmg54_nuz6L9mv7vahQw/viewform?usp=dialog,https://gamemarket.jp/game/188823,,新作,公式サイト,https://img.gamemarket.jp/20260920_070703_PXL_20260919_213511156%20-%20%E5%B0%91.jpg,
一般,両日,D027,百可舎,https://gamemarket.jp/booth/6122,,,クロマジェラート,ドラフト×フリップ×セットコレクションで最高のアイスを作ろう！,"¥1,200",2人,10〜15分,可,https://docs.google.com/forms/d/e/1FAIpQLScSX40CMNDgObYgzA3BMH4Vsa4X7biWX-bTmzMIfoOIylHpFA/viewform,https://gamemarket.jp/game/189390,,新作,公式サイト,https://img.gamemarket.jp/20261005_200112_261005_%E5%95%86%E5%93%81%E7%94%BB%E5%83%8F_%E3%82%AF%E3%83%AD%E3%83%9E.jpg,
一般,両日,D027,百可舎,https://gamemarket.jp/booth/6122,,,シェルフィア,静かな書斎で強かな読み合い,"¥1,200",2人,15〜25分,可,https://docs.google.com/forms/d/e/1FAIpQLScSX40CMNDgObYgzA3BMH4Vsa4X7biWX-bTmzMIfoOIylHpFA/viewform,https://gamemarket.jp/game/189629,,新作,公式サイト,https://img.gamemarket.jp/20261005_190938_261005_%E5%95%86%E5%93%81%E7%94%BB%E5%83%8F.jpg,
一般,両日,D029,カワサキファクトリー,https://gamemarket.jp/booth/1258,,,コネクト37,数字をつなげよう！計算不要でサクサク遊べるタイル配置ゲーム。,"¥2,800",2〜4人,15〜15分,可,https://forms.gle/bQ65znQuBoGoWHWe9,https://gamemarket.jp/game/179336,,,公式サイト,https://img.gamemarket.jp/20241108_150041_Connect37_box%E3%82%AA%E3%83%A2%E3%83%86RGB.jpg,
一般,両日,D029,カワサキファクトリー,https://gamemarket.jp/booth/1258,,,カルタゴの貿易商たち,カルタゴを舞台に産物を売買する貿易商たち、状況を読んで大きな利益を上げよ,"¥3,900",2〜4人,30〜60分,可,https://forms.gle/bQ65znQuBoGoWHWe9,https://gamemarket.jp/game/185581,,,公式サイト,https://img.gamemarket.jp/20250425_232633_%E3%82%B5%E3%83%BC%E3%82%AF%E3%83%AB%E3%82%AB%E3%83%83%E3%83%88_%E3%82%AB%E3%83%A9%E3%83%BC100percent.jpg,
一般,両日,D029,カワサキファクトリー,https://gamemarket.jp/booth/1258,,,ノーラックポーカー,強い方が、必ず勝つ。,"¥2,800",2人,30〜45分,可,https://forms.gle/bQ65znQuBoGoWHWe9,https://gamemarket.jp/game/188095,,,公式サイト,https://img.gamemarket.jp/20260429_205712_%E7%AE%B1%E3%82%AA%E3%83%A2%E3%83%86RGB8-150.jpg,
一般,両日,D029,カワサキファクトリー,https://gamemarket.jp/booth/1258,,,テンプラス,あわせて10をつくるだけ。3種類のゲーム。,"¥2,900",2〜4人,15〜15分,可,https://forms.gle/bQ65znQuBoGoWHWe9,https://gamemarket.jp/game/179950,,,公式サイト,https://img.gamemarket.jp/20241108_150105_%E3%83%86%E3%83%B3%E3%83%97%E3%83%A9%E3%82%B9%E7%AE%B1%E7%B5%B5_RGB10-150.jpg,
一般,両日,D029,カワサキファクトリー,https://gamemarket.jp/booth/1258,,,パクパクパーク,エサで動物を誘導！2人用ほのぼの頭脳戦,"¥2,800",2人,10〜15分,可,https://forms.gle/bQ65znQuBoGoWHWe9,https://gamemarket.jp/game/169644,,,公式サイト,https://img.gamemarket.jp/20241108_150242_%E3%83%91%E3%82%AF%E3%83%91%E3%82%AF%E3%83%91%E3%83%BC%E3%82%AF_%E3%83%91%E3%83%83%E3%82%B1%E3%83%BC%E3%82%B8_RGB%E5%B0%8F-01.jpg,
一般,両日,D029,カワサキファクトリー,https://gamemarket.jp/booth/1258,,,モンティホール・セカンド,車は欲しいがヤギは要らない！最後の1枚を推理せよ！,"¥1,000",2人,10〜15分,可,https://forms.gle/bQ65znQuBoGoWHWe9,https://gamemarket.jp/game/183893,,,公式サイト,https://img.gamemarket.jp/20241022_090304_%E3%83%A2%E3%83%B3%E3%83%86%E3%82%A3%E3%83%9B%E3%83%BC%E3%83%AB%E3%82%BB%E3%82%AB%E3%83%B3%E3%83%89%E7%AE%B1%E7%B5%B5%E5%B7%A6%E5%8F%B3%E4%B8%A6%E3%81%B9GM%E5%85%AC%E5%BC%8F%E3%82%B5%E3%82%A4%E3%83%88.jpg,
一般,両日,D029,カワサキファクトリー,https://gamemarket.jp/booth/1258,,,MATERIAL,ゲームデザインを加速する200枚のカードセット,"¥2,700",人,〜分,可,https://forms.gle/bQ65znQuBoGoWHWe9,https://gamemarket.jp/game/189288,,新作,公式サイト,https://img.gamemarket.jp/20260921_182535_MATERIAL%E7%AE%B1%E8%83%8C%E9%9D%A2RGB10-150.jpg,
一般,両日,D029,カワサキファクトリー,https://gamemarket.jp/booth/1258,,,夜連 — Who follows me? —,夜道の一人歩きは危険なトリテ,"¥1,800",3〜4人,20〜30分,可,https://forms.gle/bQ65znQuBoGoWHWe9,https://gamemarket.jp/game/189287,,新作,公式サイト,https://img.gamemarket.jp/20260921_175844_%E7%AE%B1%E5%89%8D%E9%9D%A2RGB10-150.jpg,
一般,両日,D029,カワサキファクトリー,https://gamemarket.jp/booth/1258,,,ダシヌケッ！,1ゲーム、最短1秒。ドタバタ必至のスピードアクションゲーム,"¥2,500",2〜10人,10〜10分,可,https://forms.gle/bQ65znQuBoGoWHWe9,https://gamemarket.jp/game/186844,,,公式サイト,https://img.gamemarket.jp/20251103_111234_%E3%83%80%E3%82%B7%E3%83%8C%E3%82%B1%E3%83%83%EF%BC%81%E5%BA%83%E5%A0%B1%E7%B4%A0%E6%9D%90.jpg,
一般,両日,D031,日本机戦連盟&計陣事務所,https://gamemarket.jp/booth/4230,,,紙机戦（ニーンセッカイク）,架空世界ファイクレオネの伝統ゲーム「紙机戦（ニーンセッカイク）」。トランプのようにさまざまな遊び方ができます！,"¥1,500",1〜10人,5〜30分,不可,,https://gamemarket.jp/game/179112,,,公式サイト,https://img.gamemarket.jp/20250511_023930_FMXLtMdakAIn51r.jpg,
一般,両日,D031,日本机戦連盟&計陣事務所,https://gamemarket.jp/booth/4230,,,光る龍の卵,賢者となって、王さまを助け、野望と内政のバランスを整えろ！,"¥3,000",2〜5人,22〜29分,可,https://forms.gle/8t7ZnYDHWKa8iddv5,https://gamemarket.jp/game/186688,,,公式サイト,https://img.gamemarket.jp/20251026_151622_%E6%97%A5%E6%9C%AC%E8%AA%9E%E5%AE%A3%E4%BC%9D.png,
一般,両日,D031,日本机戦連盟&計陣事務所,https://gamemarket.jp/booth/4230,,,アイルの道,カードを移動に使うか、自分の場に設置するか！アイル共和国を旅する拡大再生産！,"¥4,000",2〜5人,45〜分,不可,,https://gamemarket.jp/game/187730,,,公式サイト,https://img.gamemarket.jp/20260411_180814_%E5%AE%A3%E4%BC%9D.png,
一般,両日,D031,日本机戦連盟&計陣事務所,https://gamemarket.jp/booth/4230,,,ヤマタ！（ごっつぉさん！）,食べて食べて食べまくれ！ワイルド盛り盛りあがり放題大富豪！！！,"¥2,500",2〜5人,15〜30分,不可,https://forms.gle/MdFUtXXRXoCkN4Gs5,https://gamemarket.jp/game/187727,,,公式サイト,https://img.gamemarket.jp/20260411_161045_yamata_resized.png,
一般,両日,D031,日本机戦連盟&計陣事務所,https://gamemarket.jp/booth/4230,,,ナウキ運び,内陸の特産品を塩にして持ち帰れ！塩商人のすごろく×マージャン！,"¥3,000",2〜4人,22〜29分,可,https://forms.gle/V58YQSaoADU5ma4a9,https://gamemarket.jp/game/189482,,新作,公式サイト,https://img.gamemarket.jp/20260930_004533_%E3%82%B5%E3%83%A0%E3%83%8D.jpg,
一般,両日,D031,日本机戦連盟&計陣事務所,https://gamemarket.jp/booth/4230,,,アイル共和国プロパガンダかるた,かるたでアイル共和国の文化について学ぼう！,"¥1,500",1〜6人,15〜20分,不可,,https://gamemarket.jp/game/183554,,,公式サイト,https://img.gamemarket.jp/20250511_023623_GL2lORRWcAAUEMP.jpg,
一般,両日,D031,日本机戦連盟&計陣事務所,https://gamemarket.jp/booth/4230,,,ラウツァイト・セプ,将棋×麻雀⁉ 河拾いのできる麻雀ゲーム！,"¥5,000",2〜4人,15〜30分,不可,,https://gamemarket.jp/game/185889,,,公式サイト,https://img.gamemarket.jp/20250511_023308_%E3%82%B8%E3%83%A3%E3%82%B1.jpg,
一般,両日,D032,まぜまぜクラブ,https://gamemarket.jp/booth/6790,,,おりこうさん,あなたも私の可愛いお人形…,"¥2,500",3〜6人,10〜30分,可,https://docs.google.com/forms/d/1r3-20Ibzgu3SvBGAKut45aoD_EnqnBaMrn3pXFzC5JA/viewform?edit_requested=true,https://gamemarket.jp/game/189061,,新作,公式サイト,https://img.gamemarket.jp/20260929_104544_2026_004_%E3%82%B2%E3%83%A0%E3%83%9E%E3%82%B5%E3%82%A4%E3%83%88%E7%94%A8%E8%AA%AC%E6%98%8E%E7%94%BB%E5%83%8F.png,
一般,両日,D033,アトランティスゲームズ,https://gamemarket.jp/booth/5605,,,クリムゾンソード・サバイバー,相手を押し出すバチバチ対戦！『クリムゾンソード』テーマのバトルロワイヤルライクゲーム！,"¥1,500",2〜4人,10〜15分,可,https://docs.google.com/forms/d/e/1FAIpQLScM7qPPnRJS-v4SFDKkgh9J9dV9oJzxn-7-eodRRNoAiEZs_w/viewform?usp=header,https://gamemarket.jp/game/189292,,新作,公式サイト,https://img.gamemarket.jp/20260921_211210_package_omoe.jpg,
一般,両日,D034,HoF GAMES,https://gamemarket.jp/booth/5261,,https://x.com/games_hof,UMA!!ウルトラミラクルアドベンチャー!!,はさんで、めくって、大発見。,"¥2,500",2人,15〜30分,可,https://forms.gle/SW6fnLWDVQZTzQhT8,https://gamemarket.jp/game/182977,,,公式サイト,https://img.gamemarket.jp/20241016_064535_UMA_12%20(1).png,
一般,両日,D034,HoF GAMES,https://gamemarket.jp/booth/5261,,https://x.com/games_hof,アルマジき悪だくみ,ケースの中からアイテムを１つ選んで手に握ろう！シンプルルールで心理戦がアツい、アクションドラフトゲームです！,"1,500円",3〜6人,10〜20分,情報なし,,https://gamemarket.jp/game/187536,,,ボドゲゴー,https://storage.googleapis.com/bodogego_public/creator_event/game_market_2026_spring/game/HoF_GAMES_%E3%82%A2%E3%83%AB%E3%83%9E%E3%82%B8%E3%81%8D%E6%82%AA%E3%81%A0%E3%81%8F%E3%81%BF.jpg,
一般,両日,D035,シラフゲームズ,https://gamemarket.jp/booth/5102,,,ヌルヌルマウンテンゴリラ（Nuru-Nuru Mountain Gorilla）,「マウンテンゴリラ」を、ヌルヌル言って!? 声の出し方だけで当てさせるゲーム。,"¥1,500",3〜8人,10〜30分,可,https://docs.google.com/forms/d/e/1FAIpQLScWsNzR2sBHVrG7rf9XpGYKGUV2mWWz-_ECDBjPszwNbn6-Yg/viewform,https://gamemarket.jp/game/189463,,新作,公式サイト,https://img.gamemarket.jp/20260929_172454_key-16x9.jpg,
一般,両日,D035,シラフゲームズ,https://gamemarket.jp/booth/5102,,,ポイポイ（poi-poi）,それっぽいけど、伝えすぎない。偏見だけでモンスターを当てるゲーム。,"¥1,500",3〜8人,10〜30分,可,https://docs.google.com/forms/d/e/1FAIpQLScWsNzR2sBHVrG7rf9XpGYKGUV2mWWz-_ECDBjPszwNbn6-Yg/viewform,https://gamemarket.jp/game/189461,,新作,公式サイト,https://img.gamemarket.jp/20260929_162728_poipoi_01_%E3%82%AD%E3%83%BC%E3%83%92%E3%82%99%E3%82%B7%E3%82%99%E3%83%A5%E3%82%A2%E3%83%AB%202.jpg,
一般,両日,D036,新ボードゲーム党　販売部,https://gamemarket.jp/booth/1323,,,LEVEL UP,あなたは勇者レベル１です。目的はレベル５になることです。,"¥2,000",2〜4人,30〜30分,可,https://docs.google.com/forms/d/e/1FAIpQLSdBT7RiEz78KC_uP6eEbkyiZDUvpGiMVhDNV6sPOY0R13MvQQ/viewform?usp=publish-editor,https://gamemarket.jp/game/189074,,新作,公式サイト,https://img.gamemarket.jp/20260915_143609_LVUP%E3%83%91%E3%83%83%E3%82%B1%E3%83%BC%E3%82%B8.png,
一般,両日,D037,遊べるBARアグロ,https://gamemarket.jp/booth/6791,,https://x.com/BAR_aggro,お前、接待ゴルフしているな？,接待アクション×正体隠匿,"¥2,000",2〜5人,5〜30分,可,https://x.com/bar_aggro?s=11,https://gamemarket.jp/game/188948,あり,新作,公式サイト,https://img.gamemarket.jp/20260910_164411_%E5%90%8D%E7%A7%B0%E6%9C%AA%E8%A8%AD%E5%AE%9A%E3%81%AE%E3%83%87%E3%82%B6%E3%82%A4%E3%83%B3.jpeg,
一般,両日,D039,ディレクティングマップ,https://gamemarket.jp/booth/6516,,,ありそちめい,「ありそ〜！」とつい言ってしまうような地名を創ろう！,"¥1,800",2〜8人,15〜分,不可,https://forms.gle/qnGwkfmWhWPDVHqf7,https://gamemarket.jp/game/189524,,新作,公式サイト,https://img.gamemarket.jp/20261001_183659_%E3%82%B1%E3%82%99%E3%83%A0%E3%83%9E%E7%94%BB%E5%83%8F.png,
一般,両日,D040,gatto nero,https://gamemarket.jp/booth/5104,,https://x.com/madameyun,トリプルタイガー トラトラで遊んでく？,下町の何でも屋三兄妹と、トラトラで遊んでく？,"¥1,800",3〜5人,10〜20分,可,https://www.cobra-pic.jp/gattonero/boardgame/game_order-2026/,https://gamemarket.jp/game/188928,,新作,公式サイト,https://img.gamemarket.jp/20260914_155323_TRIPLE_TIGER.jpg,
一般,両日,D040,gatto nero,https://gamemarket.jp/booth/5104,,https://x.com/madameyun,金毘羅船船 ～シュラシュシュシュ!!～,シマを取るのは誰だ！,"¥1,800",3〜6人,5〜15分,可,https://www.cobra-pic.jp/gattonero/boardgame/game_order-2026/,https://gamemarket.jp/game/188774,,新作,公式サイト,https://img.gamemarket.jp/20260820_033550_konpira.jpg,
一般,両日,D040,gatto nero,https://gamemarket.jp/booth/5104,,https://x.com/madameyun,Bitter & Sweet,甘い誘惑には、代償がある。,"¥3,300",1〜6人,15〜20分,可,https://www.cobra-pic.jp/gattonero/boardgame/game_order-2026/,https://gamemarket.jp/game/187508,,,公式サイト,https://img.gamemarket.jp/20260308_130655_2026s-gatto-colormini.jpg,
一般,両日,D040,gatto nero,https://gamemarket.jp/booth/5104,,https://x.com/madameyun,マジョリス：黒い森の魔法,黒い森の試練に挑め！ 価値ある素材を巡る魔法使いたちの駆け引き！,"¥5,000",1〜4人,20〜60分,可,https://www.cobra-pic.jp/gattonero/boardgame/game_order-2026/,https://gamemarket.jp/game/185041,,,公式サイト,https://img.gamemarket.jp/20250320_011326_%E3%83%9E%E3%82%B7%E3%82%99%E3%83%A7%E3%83%AA%E3%82%B9-1.jpg,
一般,両日,D040,gatto nero,https://gamemarket.jp/booth/5104,,https://x.com/madameyun,ゾディアック・トリック,星座の力を手に、運命を導け！ カワイイ＆戦略的トリックテイキング,"¥2,500",3〜6人,10〜30分,可,https://www.cobra-pic.jp/gattonero/boardgame/game_order-2026/,https://gamemarket.jp/game/183731,,,公式サイト,https://img.gamemarket.jp/20251108_210536_%E3%82%BD%E3%82%99%E3%83%86%E3%82%99%E3%82%A3%E3%82%A2%E3%83%83%E3%82%AFAD%E3%81%AE%E3%82%B3%E3%83%92%E3%82%9A%E3%83%BC.jpg,
一般,両日,D040,gatto nero,https://gamemarket.jp/booth/5104,,https://x.com/madameyun,面の記憶（おもてのきおく）,能楽&正体隠匿 面が語るのは真実か？ それとも幻か？幻か？,"¥3,500",3〜4人,20〜40分,可,https://www.cobra-pic.jp/gattonero/boardgame/game_order-2026/,https://gamemarket.jp/game/186206,,,公式サイト,https://img.gamemarket.jp/20250926_134810_%E8%A1%A8%E3%81%AE%E8%A8%98%E6%86%B6ad.jpg,
一般,両日,D040,gatto nero,https://gamemarket.jp/booth/5104,,https://x.com/madameyun,金比羅船船〜シュラシュシュシュ!!〜,お座敷遊び「金比羅船船」が、読み合い＆ブラフのカードゲームに！,"1,800円",3〜6人,5〜15分,情報なし,,https://gamemarket.jp/game/188774,,新作,ボドゲゴー,https://storage.googleapis.com/bodogego_public/creator_event/game_market_2026_autumn/game/gatto_nero_%E9%87%91%E6%AF%94%E7%BE%85%E8%88%B9%E8%88%B9%E3%80%9C%E3%82%B7%E3%83%A5%E3%83%A9%E3%82%B7%E3%83%A5%E3%82%B7%E3%83%A5%E3%82%B7%E3%83%A5!!%E3%80%9C.jpg,
一般,両日,D040,gatto nero,https://gamemarket.jp/booth/5104,,https://x.com/madameyun,ナイトメア・メイズ　悪夢からの脱出,悪夢の世界から抜け出すダイスロール＆カードゲーム,"4,000円",1〜4人,15〜40分,情報なし,,https://gamemarket.jp/game/183730,,,ボドゲゴー,https://storage.googleapis.com/bodogego_public/creator_event/game_market_2025_autumn/game/gatto%20nero_%E3%83%8A%E3%82%A4%E3%83%88%E3%83%A1%E3%82%A2%E3%83%BB%E3%83%A1%E3%82%A4%E3%82%BA%E3%80%80%E6%82%AA%E5%A4%A2%E3%81%8B%E3%82%89%E3%81%AE%E8%84%B1%E5%87%BA.png,
一般,両日,D041,きたこしちゃんねる,https://gamemarket.jp/booth/4564,,,寄木ブロックパズル,本物の寄木細工あります！,¥500,1〜人,〜分,不可,,https://gamemarket.jp/game/188568,,,公式サイト,https://img.gamemarket.jp/20260518_034353_wN4xDfqHh1OvTVlv6PmGXDWI.jpg,
一般,両日,D042,ロココGAMES,https://gamemarket.jp/booth/6215,,,ピンチキャット,みんなと被るな！ハラハラドキドキ協力ゲーム,"¥2,500",2〜4人,30〜30分,可,https://docs.google.com/forms/d/e/1FAIpQLSf24NLjMf87kmcEikUPc96bGk14QqM5snZSC7Xh-yFmEHTY3A/viewform?usp=publish-editor,https://gamemarket.jp/game/188763,,新作,公式サイト,https://img.gamemarket.jp/20261007_111833_sai%E3%82%A4%E3%83%99%E3%83%B3%E3%83%88%E3%83%94%E3%83%B3%E3%83%81%E3%82%AD%E3%83%A3%E3%83%83%E3%83%88.jpg,
一般,両日,D045,IRIS GAMES,https://gamemarket.jp/booth/6792,,,テセウスのパーティ,勇者を追放して最高のパーティを作ろう！,"¥2,500",1〜4人,45〜60分,可,https://docs.google.com/forms/d/e/1FAIpQLSctIc3sWXNVErqugJ-L8BlXv9y1Byws-sBu17wM6SeQ8_BICw/viewform,https://gamemarket.jp/game/189222,,,公式サイト,https://img.gamemarket.jp/20260919_173346_%E5%90%8D%E7%A7%B0%E6%9C%AA%E8%A8%AD%E5%AE%9A%201.jpg,
一般,両日,E001,遊飲チャンネル,https://gamemarket.jp/booth/4080,,https://x.com/Fei_yuno_chan,アドテール,誰も経験したことのないプレイ感 ダイスコントロールゲーム,"¥2,000",3〜4人,10〜30分,可,https://t.co/umM1iqs73e,https://gamemarket.jp/game/178535,,,公式サイト,https://img.gamemarket.jp/20240519_181424_%E5%AE%A3%E4%BC%9D1.png,
一般,両日,E001,遊飲チャンネル,https://gamemarket.jp/booth/4080,,https://x.com/Fei_yuno_chan,ツヴァイクロイツ,2つの運命が交錯するその先へ,¥500,2〜4人,5〜15分,可,https://t.co/umM1iqs73e,https://gamemarket.jp/game/179888,,,公式サイト,https://img.gamemarket.jp/20240519_183105_%E3%83%91%E3%83%83%E3%82%B1%E3%83%BC%E3%82%B8%E3%82%A4%E3%83%A1%E3%83%BC%E3%82%B8.png,
一般,両日,E001,遊飲チャンネル,https://gamemarket.jp/booth/4080,,https://x.com/Fei_yuno_chan,ウィーアーゴッヅ,わちゃわちゃ系世界創造タイムアタック協力ゲーム,"¥3,500",1〜4人,6〜20分,可,https://t.co/umM1iqs73e,https://gamemarket.jp/game/184090,,,公式サイト,https://img.gamemarket.jp/20241017_003656_2024-10-06-23-47-22-521~2.jpg,
一般,両日,E001,遊飲チャンネル,https://gamemarket.jp/booth/4080,,https://x.com/Fei_yuno_chan,フーダントリック,紐解かれたトリックを前にあなたは未来を選ぶ,"¥2,000",3〜4人,20〜30分,可,https://t.co/umM1iqs73e,https://gamemarket.jp/game/182968,,,公式サイト,https://img.gamemarket.jp/20240519_184741_%E5%AE%A3%E4%BC%9D1.png,
一般,両日,E001,遊飲チャンネル,https://gamemarket.jp/booth/4080,,https://x.com/Fei_yuno_chan,動道巡り,巡るは動物たちの道,¥500,2人,5〜20分,可,https://t.co/umM1iqs73e,https://gamemarket.jp/game/182967,,,公式サイト,https://img.gamemarket.jp/20241030_233829_%E3%82%BF%E3%82%A4%E3%83%88%E3%83%AB%E3%83%AD%E3%82%B4.png,
一般,両日,E001,遊飲チャンネル,https://gamemarket.jp/booth/4080,,https://x.com/Fei_yuno_chan,DIEダイス,煽り、欺き、命（ダイス）を振らせろ！,"¥3,000",2〜6人,10〜20分,可,https://t.co/umM1iqs73e,https://gamemarket.jp/game/185102,,,公式サイト,https://img.gamemarket.jp/20250401_005719_%E7%AE%B1%E7%B5%B5%E7%B4%B9%E4%BB%8B.png,
一般,両日,E001,遊飲チャンネル,https://gamemarket.jp/booth/4080,,https://x.com/Fei_yuno_chan,砂時計は裏返す,トリテのカードを出すたび砂が落ち、砂が不足すれば砂時計はルールとともに裏返る,"1,000円",2〜4人,10〜20分,情報なし,,https://gamemarket.jp/game/188754,,新作,ボドゲゴー,https://storage.googleapis.com/bodogego_public/creator_event/game_market_2026_autumn/game/%E9%81%8A%E9%A3%B2%E3%83%81%E3%83%A3%E3%83%B3%E3%83%8D%E3%83%AB_%E7%A0%82%E6%99%82%E8%A8%88%E3%81%AF%E8%A3%8F%E8%BF%94%E3%81%99.jpg,
一般,両日,E001,遊飲チャンネル,https://gamemarket.jp/booth/4080,,https://x.com/Fei_yuno_chan,ミラテル,あなただけの魔法を この1杯に,"4,000円",1〜99人,45〜60分,情報なし,,https://gamemarket.jp/game/180522,,,ボドゲゴー,https://storage.googleapis.com/bodogego_public/creator_event/game_market_2024_autumn/%E9%81%8A%E9%A3%B2%E3%83%81%E3%83%A3%E3%83%B3%E3%83%8D%E3%83%AB_%E3%83%9F%E3%83%A9%E3%83%86%E3%83%AB.png,
一般,両日,E001,遊飲チャンネル,https://gamemarket.jp/booth/4080,,https://x.com/Fei_yuno_chan,ヒットアンドウィン,見えないを当て、見えるで勝て！,"2,000円",3〜5人,20〜20分,情報なし,,https://gamemarket.jp/game/187534,,,ボドゲゴー,https://storage.googleapis.com/bodogego_public/creator_event/game_market_2026_spring/game/%E9%81%8A%E9%A3%B2%E3%83%81%E3%83%A3%E3%83%B3%E3%83%8D%E3%83%AB_%E3%83%92%E3%83%83%E3%83%88%E3%82%A2%E3%83%B3%E3%83%89%E3%82%A6%E3%82%A3%E3%83%B3.jpg,
一般,両日,E005,合同会社HENTSUKU,https://gamemarket.jp/booth/6798,,,感覚経営,社長の一言を耐え凌ぐ、管理職たちの部署運営ゲーム,"¥2,000",3人,20〜20分,不可,,https://gamemarket.jp/game/189389,,新作,公式サイト,https://img.gamemarket.jp/20260926_161748_%E3%82%B9%E3%82%AF%E3%83%AA%E3%83%BC%E3%83%B3%E3%82%B7%E3%83%A7%E3%83%83%E3%83%88%202026-09-26%20161437.png,
一般,両日,E006,ムーブ,https://gamemarket.jp/booth/3891,,,ファントムトリック[Phantom Trick,★カードを消滅させることで失点から得点へと変わるので、トリックに勝ちたくないこともない...,"¥2,500",3〜5人,20〜30分,可,https://forms.gle/HjQLR8LPi2Zd5N4A6,https://gamemarket.jp/game/189274,,新作,公式サイト,https://img.gamemarket.jp/20260921_015139_S__47882251.jpg,
一般,両日,E007,ボードゲームショップあそびば,https://gamemarket.jp/booth/5099,,,となりのハッタリくん,信じる？疑う？それともハッタリかます？,"¥2,400",2〜6人,20〜分,可,https://docs.google.com/forms/d/e/1FAIpQLSe4FmYGOpKiz8Oz39CKeN0CGzv8Wnirqlh6psf6eEFbDBt2Mw/viewform?usp=dialog,https://gamemarket.jp/game/189260,,新作,公式サイト,https://img.gamemarket.jp/20260920_170456_S__50774050.jpg,
一般,両日,E012,株式会社Gakken,https://gamemarket.jp/booth/6647,,,ひらがなポーカー,ひらがなでポーカーしよう！,"¥1,400",2〜4人,15〜15分,不可,,https://gamemarket.jp/game/188182,,,公式サイト,https://img.gamemarket.jp/20260502_204633_%E3%83%AB%E3%83%BC%E3%83%AB%E3%83%96%E3%83%83%E3%82%AF%E3%83%BB%E3%82%B3%E3%83%B3%E3%83%9D%E3%83%BC%E3%83%8D%E3%83%B3%E3%83%88.jpg,
一般,両日,E012,株式会社Gakken,https://gamemarket.jp/booth/6647,,,食材の多い料理店,６０秒で料理をつくれ！,"¥2,600",2〜8人,20〜30分,可,https://forms.gle/fiH7iSeJTJuc8q2C8,https://gamemarket.jp/game/188181,,,公式サイト,https://img.gamemarket.jp/20260502_202456_9784057509877.in01.jpg,
一般,両日,E012,株式会社Gakken,https://gamemarket.jp/booth/6647,,,はい、ポーズ！,オモシロ写真がどんどん撮れる！,"¥1,450",2〜12人,5〜分,可,https://forms.gle/kKVXXXXSCZraSnFk6,https://gamemarket.jp/game/189608,,新作,公式サイト,https://img.gamemarket.jp/20261005_104408_5300000075.jpg,
一般,両日,E012,株式会社Gakken,https://gamemarket.jp/booth/6647,,,ナンバーガンマン,だれでもできる！ 瞬間足し算ゲーム！,"¥1,450",2〜7人,15〜分,可,https://forms.gle/rdiLEWjjkT2spprMA,https://gamemarket.jp/game/189607,,新作,公式サイト,https://img.gamemarket.jp/20261005_103808_5300000074.jpg,
一般,両日,E012,株式会社Gakken,https://gamemarket.jp/booth/6647,,,ワードポリス,１文字ずつ入れ替わる単語を追って、犯人を追いつめろ！,"¥3,200",2〜4人,15〜20分,可,https://forms.gle/gGj41pYdyhw7ZytG8,https://gamemarket.jp/game/189606,,新作,公式サイト,https://img.gamemarket.jp/20261005_105141_t010000105023.jpg,
一般,両日,E013,Matchmakers,https://gamemarket.jp/booth/6799,,,Matchmakers,,"¥3,000",2〜4人,15〜30分,可,https://docs.google.com/forms/d/1MrOEnZG2Fm9oFzGPC7L1HwAQeSYmMFsxlKoJLMnDU30/edit,https://gamemarket.jp/game/188945,,新作,公式サイト,https://img.gamemarket.jp/20260908_015130_MATCHMAKERS_thumbnail_under1MB.jpg,
一般,両日,E014,YouSayProject,https://gamemarket.jp/booth/5292,,https://x.com/YouSayProject,CHILLTIME,癒しのための白熱バトル ２人用ボードゲーム ～CHILLTIME～,"¥4,500",2人,35〜45分,可,https://forms.gle/mRvVWhS7idQYRHvC9,https://gamemarket.jp/game/184208,,,公式サイト,https://img.gamemarket.jp/20241023_134130_chill-boothcut%E4%BD%8E%E7%94%BB%E8%B3%AA.jpg,
一般,両日,E014,YouSayProject,https://gamemarket.jp/booth/5292,,https://x.com/YouSayProject,ラブリーゴーレム,強化か-制御か 自分だけの究極のゴーレムを作れ！！,"¥2,500",2〜4人,15〜25分,可,https://forms.gle/mRvVWhS7idQYRHvC9,https://gamemarket.jp/game/188984,,新作,公式サイト,https://img.gamemarket.jp/20260910_155823_%E3%82%B2%E3%83%A0%E3%83%9E%E7%94%A8%E3%82%B5%E3%83%BC%E3%82%AF%E3%83%AB%E3%82%AB%E3%83%83%E3%83%88.jpeg,
一般,両日,E014,YouSayProject,https://gamemarket.jp/booth/5292,,https://x.com/YouSayProject,MIDT,カードで狙う ちょうど真ん中 『MIDT ミット』,"¥2,500",2〜4人,10〜15分,可,https://forms.gle/mRvVWhS7idQYRHvC9,https://gamemarket.jp/game/182795,,,公式サイト,https://img.gamemarket.jp/20250220_135830_midt_.jpg,
一般,両日,E015,かがみ知育堂,https://gamemarket.jp/booth/2210,,,つなげておぼえる日本地図,ストーリー法で都道府県を覚えよう,"¥1,000",1〜4人,10〜40分,可,https://docs.google.com/forms/d/e/1FAIpQLSfmuD5WMSFUHt8UOvbx3WdfAn8HYx7gVVQ3i5vZfB7jnHSoXQ/viewform?usp=publish-editor,https://gamemarket.jp/game/189256,,,公式サイト,https://img.gamemarket.jp/20260920_155926_%E3%82%B8%E3%83%A3%E3%82%B1%E3%83%83%E3%83%88_%E5%AE%A3%E4%BC%9D%E7%94%A8%E3%82%B5%E3%82%A4%E3%82%BA@0.25x.png,
一般,両日,E018,クリエイティブＡＨＣ,https://gamemarket.jp/booth/1289,,https://x.com/creativeAHC,愛してるよゲーム,ずっと一緒だよね？,"¥1,900",2人,10〜30分,不可,,https://gamemarket.jp/game/185216,,,公式サイト,https://img.gamemarket.jp/20250413_231940_%E6%84%9B%E3%81%97%E3%81%A6%E3%82%8B%E3%82%88%E3%82%B2%E3%83%BC%E3%83%A0_%E8%A1%A8%E7%B4%99.jpg,
一般,両日,E018,クリエイティブＡＨＣ,https://gamemarket.jp/booth/1289,,https://x.com/creativeAHC,鉛弾のブルース,引き金を引かせるのは、野心か、復讐か、それとも愛か。,"¥2,200",6人,100〜150分,可,https://docs.google.com/forms/d/e/1FAIpQLSfcGvM8eJ61UsjhG4mLAOxMBbbzOLL1JTsoLJVBn7oCBiy27g/viewform?usp=header,https://gamemarket.jp/game/189508,,新作,公式サイト,https://img.gamemarket.jp/20261002_170645_%E8%A1%A8%E7%B4%99_10%E5%AF%BE7.jpg,
一般,両日,E018,クリエイティブＡＨＣ,https://gamemarket.jp/booth/1289,,https://x.com/creativeAHC,Blind Showdown －ブラインド・ショーダウン－,「お客様。覚悟を決めてのご来店ですよね？」,"¥2,500",2〜3人,10〜30分,不可,,https://gamemarket.jp/game/186557,,,公式サイト,https://img.gamemarket.jp/20251020_181218_BS%E8%A1%A8%E7%B4%99_%E7%9C%9F%E5%9B%9B%E8%A7%9201s.jpg,
一般,両日,E018,クリエイティブＡＨＣ,https://gamemarket.jp/booth/1289,,https://x.com/creativeAHC,斯くして我は独裁者に成れり－幕末－,ゲームマーケット大賞2018優秀賞受賞作の幕末板！,"¥3,000",4〜12人,20〜40分,不可,,https://gamemarket.jp/game/177663,,,公式サイト,https://img.gamemarket.jp/20250413_231258_%E8%A1%A8%E7%B4%99%E6%A1%88_%E7%A2%BA%E5%AE%9A%E7%89%88.jpg,
一般,両日,E018,クリエイティブＡＨＣ,https://gamemarket.jp/booth/1289,,https://x.com/creativeAHC,深雪の村の九尾の狐,クリエイティブＡＨＣの正体隠匿系ゲームは凄いらしい。,"¥2,500",4〜7人,15〜30分,可,https://docs.google.com/forms/d/e/1FAIpQLSe9-xw0BBkfIbNp0kTL9fKABueCu57ueIe-aKOY_toxRabmQA/viewform?usp=sf_link,https://gamemarket.jp/game/182289,,,公式サイト,https://img.gamemarket.jp/20250413_225854_%E4%B9%9D%E5%B0%BE%E3%81%AE%E7%8B%90_%E6%AD%A3%E6%96%B9%E5%BD%A2.jpg,
一般,両日,E018,クリエイティブＡＨＣ,https://gamemarket.jp/booth/1289,,https://x.com/creativeAHC,斯くして我は独裁者に成れり（蔵出版）,ゲームマーケット大賞２０１９優秀賞受賞作品,"¥3,000",4〜12人,20〜40分,可,https://docs.google.com/forms/d/e/1FAIpQLSe9-xw0BBkfIbNp0kTL9fKABueCu57ueIe-aKOY_toxRabmQA/viewform?usp=sf_link,https://gamemarket.jp/game/182284,,,公式サイト,https://img.gamemarket.jp/20250413_230651_%E6%88%91%E7%8B%AC_%E3%83%91%E3%83%83%E3%82%B1%E3%83%BC%E3%82%B8%E8%A1%A8%E3%81%AE%E3%81%BF.jpg,
一般,両日,E018,クリエイティブＡＨＣ,https://gamemarket.jp/booth/1289,,https://x.com/creativeAHC,ひぐらしのなく頃に－我－,世代を超えて愛される名作「ひぐらしのなく頃に」からカードゲームが発売！,"¥3,500",4〜12人,20〜40分,不可,,https://gamemarket.jp/game/182282,あり,,公式サイト,https://img.gamemarket.jp/20250413_230827_%E3%81%B2%E3%81%90%E3%82%89%E3%81%97%E6%88%91%E7%8B%AC_%E8%A1%A8%E7%B4%99.jpg,
一般,両日,E018,クリエイティブＡＨＣ,https://gamemarket.jp/booth/1289,,https://x.com/creativeAHC,其の賽子は集落の運命を決めるものか,正体隠匿系ダイスロールゲーム,"¥2,000",3〜7人,15〜40分,不可,,https://gamemarket.jp/game/182279,,,公式サイト,https://img.gamemarket.jp/20250413_231014_%E5%85%A5%E7%A8%BF%E7%94%A8%E7%AE%B1.jpg,
一般,両日,E018,クリエイティブＡＨＣ,https://gamemarket.jp/booth/1289,,https://x.com/creativeAHC,ミステリーゲーム「閣議」,内閣総理大臣・官房長官・財務大臣・経済産業大臣・防衛大臣。閣僚たる貴方の決断が我が国の未来を決める…。,"¥3,000",5人,100〜150分,不可,,https://gamemarket.jp/game/185464,,,公式サイト,https://img.gamemarket.jp/20250419_105743_%E9%96%A3%E8%AD%B0_%E8%A1%A8%E7%B4%99s.jpg,
一般,両日,E024,すごねこゲームズ,https://gamemarket.jp/booth/6574,,https://x.com/sugoneko_games,王家のまじない 第二版,「役作り × 成長システム」 徐々に強大な役を成立させ、勝利のスペルを詠唱せよ！,"¥3,500",1〜4人,20〜30分,可,https://docs.google.com/forms/d/e/1FAIpQLSckJ7w7AZO6YHw7FqzYD_ihR5A2kzKI9IJSel7qE1zeAxKr6Q/viewform,https://gamemarket.jp/game/189471,あり,新作,公式サイト,https://img.gamemarket.jp/20260929_225529_%E3%82%B5%E3%83%A0%E3%83%8D%E3%82%A4%E3%83%AB.png,
一般,両日,E028,バババ抜き,https://gamemarket.jp/booth/6517,,,バババ抜き,ババを３枚にすると、熱狂が生まれた。 バババ抜きなら、また夢中になれる。,"¥2,980",3〜5人,15〜25分,可,https://docs.google.com/forms/d/e/1FAIpQLSdWAsRrI0c1EgmxtYk9umYy8IFU6FZ6RFVTSKT0L3TG12itow/viewform?usp=dialog,https://gamemarket.jp/game/187916,,,公式サイト,https://img.gamemarket.jp/20260422_102743_%E3%83%8F%E3%82%99%E3%83%8F%E3%82%99%E3%83%8F%E3%82%99_X_%E5%BA%83%E5%91%8A.jpg,
一般,両日,E028,バババ抜き,https://gamemarket.jp/booth/6517,,,バババ抜き（新デザイン！）,ババが３枚！揃えるカードも３枚！だから３倍楽しい！！！,"¥1,540",2〜6人,15〜25分,不可,,https://gamemarket.jp/game/189035,,,公式サイト,https://img.gamemarket.jp/20260912_212653___%E3%82%B1%E3%82%99%E3%83%BC%E3%83%A0%E3%83%98%E3%82%9A%E3%83%BC%E3%82%B7%E3%82%99%E3%83%98%E3%83%83%E3%82%BF%E3%82%99%E3%83%BC.jpg,
一般,両日,E030,ゾーイモーイ,https://gamemarket.jp/booth/4297,,,タイムマシンの幻想,全員タイムトラベラーというカオス！,"¥3,000",2〜4人,20〜30分,不可,,https://gamemarket.jp/game/188168,,,公式サイト,https://img.gamemarket.jp/20260504_133733_20260504_06.jpg,
一般,両日,E030,ゾーイモーイ,https://gamemarket.jp/booth/4297,,,ケルベロスの覚醒,眠っていた恐怖が、目を覚ます。三つ首の番犬ケルベロスから仲間の魂を救い出す、2人用協力ゲーム！,"¥2,500",2人,10〜20分,不可,,https://gamemarket.jp/game/179270,,,公式サイト,https://img.gamemarket.jp/20260504_133854_20260504_08.jpg,
一般,両日,E030,ゾーイモーイ,https://gamemarket.jp/booth/4297,,,メドゥーサの敗北,みんな石化する、勇者紛れ込む。メドゥーサの弱点をポーズで伝える、ちょっと変わったパーティーゲーム！,"¥2,500",4〜6人,15〜30分,不可,,https://gamemarket.jp/game/179224,,,公式サイト,https://img.gamemarket.jp/20260504_133911_20260504_07.jpg,
一般,両日,E031,ジー・モード（みんなで空気読み。）,https://gamemarket.jp/booth/5600,,,みんなで空気読み。究極の二択 拡張カード第1弾「TVゲーム究極の二択」,,¥800,3〜8人,10〜30分,不可,,https://gamemarket.jp/game/185238,,,公式サイト,https://img.gamemarket.jp/20261008_113247_%E5%90%8D%E7%A7%B0%E6%9C%AA%E8%A8%AD%E5%AE%9A-4.jpg,
一般,両日,E031,ジー・モード（みんなで空気読み。）,https://gamemarket.jp/booth/5600,,,【割引価格】みんなで空気読み。究極の二択 拡張カード3種セット,,"¥2,000",3〜8人,10〜30分,不可,,https://gamemarket.jp/game/189701,,新作,公式サイト,https://img.gamemarket.jp/20261008_104526_%E5%90%8D%E7%A7%B0%E6%9C%AA%E8%A8%AD%E5%AE%9A-1.png,
一般,両日,E031,ジー・モード（みんなで空気読み。）,https://gamemarket.jp/booth/5600,,,みんなで空気読み。究極の二択 拡張カード第3弾「”食”究極の二択」,,¥800,3〜8人,10〜30分,不可,,https://gamemarket.jp/game/189699,,新作,公式サイト,https://img.gamemarket.jp/20261007_155530_%E5%90%8D%E7%A7%B0%E6%9C%AA%E8%A8%AD%E5%AE%9A-1.jpg,
一般,両日,E031,ジー・モード（みんなで空気読み。）,https://gamemarket.jp/booth/5600,,,みんなで空気読み。究極の二択,,"¥2,000",3〜8人,10〜30分,不可,,https://gamemarket.jp/game/184022,,,公式サイト,https://img.gamemarket.jp/20261008_112404_%E5%90%8D%E7%A7%B0%E6%9C%AA%E8%A8%AD%E5%AE%9A-3.png,
一般,両日,E031,ジー・モード（みんなで空気読み。）,https://gamemarket.jp/booth/5600,,,みんなで空気読み。究極の二択 拡張カード第2弾「ご当地ネタ究極の二択」,,¥800,3〜8人,10〜30分,不可,,https://gamemarket.jp/game/187380,,新作,公式サイト,https://img.gamemarket.jp/20261008_113951_%E3%81%82%E3%81%82%E3%81%82%E3%81%82.jpg,
一般,両日,E032,七星工房,https://gamemarket.jp/booth/5440,,,ふぉとぱーせんと！,家族で楽しめる『想い出&推理』ボードゲーム！,"¥1,500",2〜6人,5〜10分,不可,,https://gamemarket.jp/game/183781,,,公式サイト,https://img.gamemarket.jp/20250123_105018_%E3%83%A1%E3%82%A4%E3%83%B3(1200%C3%97900).png,
一般,両日,E032,七星工房,https://gamemarket.jp/booth/5440,,,キャトル,UFO OF Alive オーブで生存を掴め！,"¥2,500",2〜5人,10〜20分,可,https://nanahoshi-bg.com/event-form/,https://gamemarket.jp/game/186213,,,公式サイト,https://img.gamemarket.jp/20260416_043509_Gzg9RVlbsAAx-gA.jpeg,
一般,両日,E033,WAO,https://gamemarket.jp/booth/5500,,,とことんスケルトン大全,なぞとき×パズル本vol.1,"¥1,500",1〜人,60〜120分,不可,,https://gamemarket.jp/game/189578,,新作,公式サイト,https://img.gamemarket.jp/20261004_102715_2986.jpg,
一般,両日,E034,おかっぱ堂,https://gamemarket.jp/booth/6802,,https://x.com/OKAPPADO,〇〇さぁ〜ん！ ...どの？！ -同姓多すぎ問題-,「佐藤さぁ〜ん！…どの佐藤さん？」 “あるある”から生まれた新感覚カルタゲーム！,"2,500円",3〜8人,15〜30分,情報なし,,https://gamemarket.jp/booth/6802,あり,新作,ボドゲゴー,https://storage.googleapis.com/bodogego_public/creator_event/game_market_2026_autumn/game/%E3%81%8A%E3%81%8B%E3%81%A3%E3%81%B1%E5%A0%82_%E3%80%87%E3%80%87%E3%81%95%E3%81%81%E3%80%9C%E3%82%93%EF%BC%81_...%E3%81%A9%E3%81%AE%EF%BC%9F%EF%BC%81_-%E5%90%8C%E5%A7%93%E5%A4%9A%E3%81%99%E3%81%8E%E5%95%8F%E9%A1%8C-.jpg,
一般,両日,E035,よしの企画,https://gamemarket.jp/booth/3124,,https://x.com/yoshinokikaku,ランランコーギーは、はしりたい！,ルーレットとエクササイズでコーギーをゴールへ！コーギーのすごろくゲームです！,"¥2,000",2〜6人,20〜40分,不可,,https://gamemarket.jp/game/188132,あり,新作,公式サイト,https://img.gamemarket.jp/20260929_233209_runrun2.jpg,
一般,両日,E036,株式会社文理,https://gamemarket.jp/booth/6624,,,コトバリエ,バリエーションは無限大∞！ 頭を使った連想カードゲーム,"¥1,500",1〜4人,15〜30分,可,https://form.run/@bunri-yiEI9juaYnbP14hgO8LE,https://gamemarket.jp/game/188089,,,公式サイト,https://img.gamemarket.jp/20260429_180501_%E3%82%B3%E3%83%88%E3%83%90%E3%83%AA%E3%82%A8A%E3%83%97%E3%83%A9%E3%82%B9.png,
一般,両日,E037,NAKED QUALIA,https://gamemarket.jp/booth/4534,,,DisMan -ディスマン-,ゴーストップ×ショーダウン 姉妹の絆で悪夢から生還せよ,"¥2,000",3〜5人,20〜40分,可,https://forms.gle/zL8ZpDtjhxrku7ga8,https://gamemarket.jp/game/189223,,新作,公式サイト,https://img.gamemarket.jp/20260919_190718_%E3%82%B5%E3%83%A0%E3%83%8D%E3%82%A4%E3%83%AB%E3%83%90%E3%83%8A%E3%83%BC.jpg,
一般,両日,E039,Bench Work Tatenui,https://gamemarket.jp/booth/6638,,,Yurumee <初版改訂>,想定外に、キミは耐えられるか！,"¥5,000",2人,15〜45分,可,https://forms.gle/t2pXCEiyart5qMFe6,https://gamemarket.jp/game/187473,,,公式サイト,https://img.gamemarket.jp/20260516_205227_%E3%83%91%E3%83%83%E3%82%B1%E3%83%BC%E3%82%B8%202.jpg,
一般,両日,E041,プレーンケーキ,https://gamemarket.jp/booth/4017,,https://x.com/takanori80,アゲ↑アゲ↑カロリーナイト,【記憶×バッティング×セットコレクション】 サクッと遊べる揚げ物パーティーゲーム頒布してます。,"1,000円",2〜6人,5〜10分,情報なし,,https://gamemarket.jp/game/189498,あり,新作,ボドゲゴー,https://storage.googleapis.com/bodogego_public/creator_event/game_market_2026_autumn/game/%E3%83%97%E3%83%AC%E3%83%BC%E3%83%B3%E3%82%B1%E3%83%BC%E3%82%AD_%E3%82%A2%E3%82%B2%E2%86%91%E3%82%A2%E3%82%B2%E2%86%91%E3%82%AB%E3%83%AD%E3%83%AA%E3%83%BC%E3%83%8A%E3%82%A4%E3%83%88.jpg,
一般,両日,E043,しばくり,https://gamemarket.jp/booth/1097,,,附子（ぶす）,狂言「附子」をゲーム化した「新・坊主めくり」！,"¥3,500",2〜4人,30〜50分,可,https://forms.gle/ok6dNG1KtzrseqEV7,https://gamemarket.jp/game/188933,,新作,公式サイト,https://img.gamemarket.jp/20260905_214943_%E3%83%91%E3%83%83%E3%82%B1%E7%B5%B52.jpg,
一般,両日,E043,しばくり,https://gamemarket.jp/booth/1097,,,それでも勇者は行く 第２版,,"¥2,000",3〜6人,20〜分,可,https://forms.gle/ok6dNG1KtzrseqEV7,https://gamemarket.jp/game/178737,,,公式サイト,https://img.gamemarket.jp/20260825_154040_boxsleeve2_ill_small.jpg,
一般,両日,E044,ポンウェイゲームス,https://gamemarket.jp/booth/6805,,,焼肉強食,焼くか、奪うか、食われるか。全員同時に指さす、焼肉争奪バッティングゲーム！,"¥2,500",3〜6人,20〜30分,可,https://docs.google.com/forms/d/e/1FAIpQLSdbf-cSTJK8uMB9GQ-t2E0s1bNPfUpkLPWKwqExAVHcJxBBaw/viewform?usp=send_form,https://gamemarket.jp/game/188905,,新作,公式サイト,https://img.gamemarket.jp/20260904_215829_HP6k4gCasAAbLg4.jpg,
一般,両日,E045,すてきな山,https://gamemarket.jp/booth/4174,,https://x.com/sutekinayama,BENGARA（べんがら）,赤の町に豪商二人、時に助け、時に出し抜け,"¥3,000",2人,60〜60分,不可,,https://gamemarket.jp/game/186665,あり,,公式サイト,https://img.gamemarket.jp/20251026_173020_bengara_banner_b.jpg,
一般,両日,E045,すてきな山,https://gamemarket.jp/booth/4174,,https://x.com/sutekinayama,Banquet des roses（ローズ・バンケット）,新たなバラ達と共に、バラの饗宴が始まる－ バラ園経営ワーカープレイスメント拡張キット,"¥2,500",1〜4人,40〜120分,不可,,https://gamemarket.jp/game/180754,,,公式サイト,https://img.gamemarket.jp/20260921_151358_Banquet_banner2.jpg,
一般,両日,E045,すてきな山,https://gamemarket.jp/booth/4174,,https://x.com/sutekinayama,ROSE D’AMOUR（ローズ・ダムール）,バラ園経営シミュレーション／本格派ワーカープレイスメント,"¥6,000",1〜4人,40〜120分,不可,,https://gamemarket.jp/game/179953,,,公式サイト,https://img.gamemarket.jp/20260921_140102_RD_banner.jpg,
一般,両日,E045,すてきな山,https://gamemarket.jp/booth/4174,,https://x.com/sutekinayama,ウチューカイギ,宇宙外交モチーフトリックテイキング,"¥2,000",2〜5人,20〜30分,不可,,https://gamemarket.jp/game/178620,あり,,公式サイト,https://img.gamemarket.jp/20260419_140153_uk_topbanner.jpg,
一般,両日,E047,もののげーむず,https://gamemarket.jp/booth/6424,,,FINGO(フィンゴ),指がゲーム盤になる！？イタズラ好きな「FINGO」から自分の指を守ろう！,¥500,3〜5人,5〜10分,不可,,https://gamemarket.jp/game/189511,,新作,公式サイト,https://img.gamemarket.jp/20261001_140214_FINGO%E3%83%9B%E3%82%9A%E3%82%B9%E3%82%BF%E3%83%BC-05.png,
一般,両日,E050,米光ゲーム制作ゼミ,https://gamemarket.jp/booth/6806,,,パレオコレクト Paleo Collect,,"¥3,000",2〜4人,15〜30分,可,https://forms.gle/rbPxR4WT5drageJW8,https://gamemarket.jp/game/189138,,新作,公式サイト,https://img.gamemarket.jp/20260919_014605_X-Template%20copy%202.jpg,
一般,両日,E050,米光ゲーム制作ゼミ,https://gamemarket.jp/booth/6806,,,6ALIGN（シックス・アライン）,,"¥3,000",2〜4人,5〜15分,不可,,https://gamemarket.jp/game/189137,,新作,公式サイト,https://img.gamemarket.jp/20260918_180219_thumbnail_6ALIGN.jpg,
一般,両日,E050,米光ゲーム制作ゼミ,https://gamemarket.jp/booth/6806,,,寿司Bullet,捲る。それだけ,"¥2,500",2〜6人,10〜25分,不可,,https://gamemarket.jp/game/189136,,新作,公式サイト,https://img.gamemarket.jp/20260918_180124_thumbnail_%E5%AF%BF%E5%8F%B8%20Bullet.jpg,
一般,両日,E050,米光ゲーム制作ゼミ,https://gamemarket.jp/booth/6806,,,デデデナ,組み合わせ、連想、伝える楽しさ。40枚の言葉で、遊び方は無限大！,"¥1,000",2〜4人,15〜45分,不可,,https://gamemarket.jp/game/189134,,新作,公式サイト,https://img.gamemarket.jp/20260918_175941_thumbnail_%E3%83%86%E3%82%99%E3%83%86%E3%82%99%E3%83%86%E3%82%99%E3%83%8A.jpg,
一般,両日,E050,米光ゲーム制作ゼミ,https://gamemarket.jp/booth/6806,,,寿司合戦,,"¥1,000",2〜4人,10〜20分,不可,,https://gamemarket.jp/game/189132,,新作,公式サイト,https://img.gamemarket.jp/20260918_175654_thumbnail_%E5%AF%BF%E5%8F%B8%E5%90%88%E6%88%A6.jpg,
一般,両日,E050,米光ゲーム制作ゼミ,https://gamemarket.jp/booth/6806,,,AVARIA,,"¥1,000",2人,10〜30分,可,https://forms.gle/vciVBE6zT7PHhg1k7,https://gamemarket.jp/game/189131,,新作,公式サイト,https://img.gamemarket.jp/20260918_175400_thumbnail_AVARIA.jpeg,
一般,両日,E051,アナログコレクション,https://gamemarket.jp/booth/5027,,https://x.com/Analog_Collect,ラクガキカルタ,描いてつくる、世界にひとつのカルタ。,"¥3,000",3〜6人,10〜20分,可,https://docs.google.com/forms/d/e/1FAIpQLScLN1Rs6KmVZ5Lmi7q_qFLrOfH_ouIU9ClGbUnUsjPnjGa6ZQ/viewform,https://gamemarket.jp/game/188879,あり,新作,公式サイト,https://img.gamemarket.jp/20260901_195807_%E3%83%A9%E3%82%AF%E3%82%AC%E3%82%AD%E3%82%AB%E3%83%AB%E3%82%BF%E3%80%80%E3%82%B5%E3%83%A0%E3%83%8D%E3%80%80%E3%82%AB%E3%83%A9%E3%83%BC.jpg,
一般,両日,E051,アナログコレクション,https://gamemarket.jp/booth/5027,,https://x.com/Analog_Collect,ナニゴエ,それ、本当にイヌの鳴き声？　声だけでペアを見つけ出す協力ゲーム！,"2,000円",2〜6人,10〜15分,情報なし,,https://gamemarket.jp/game/188311,あり,,ボドゲゴー,https://storage.googleapis.com/bodogego_public/creator_event/game_market_2026_autumn/game/%E3%82%A2%E3%83%8A%E3%83%AD%E3%82%B0%E3%82%B3%E3%83%AC%E3%82%AF%E3%82%B7%E3%83%A7%E3%83%B3_%E3%83%8A%E3%83%8B%E3%82%B4%E3%82%A8.jpg,
一般,両日,E051,アナログコレクション,https://gamemarket.jp/booth/5027,,https://x.com/Analog_Collect,おやつは300円まで,30秒以内にお菓子をゲットして300円ぴったりを目指そう！,"3,000円",2〜5人,1〜10分,情報なし,,https://gamemarket.jp/game/187021,あり,,ボドゲゴー,https://storage.googleapis.com/bodogego_public/creator_event/game_market_2026_autumn/game/%E3%82%A2%E3%83%8A%E3%83%AD%E3%82%B0%E3%82%B3%E3%83%AC%E3%82%AF%E3%82%B7%E3%83%A7%E3%83%B3_%E3%81%8A%E3%82%84%E3%81%A4%E3%81%AF300%E5%86%86%E3%81%BE%E3%81%A7.jpg,
一般,両日,E051,アナログコレクション,https://gamemarket.jp/booth/5027,,https://x.com/Analog_Collect,ケンパ！,ケンパの達人は誰だ！？タイル配置×オセロのセットコレクション！,"3,000円",2〜4人,15〜20分,情報なし,,https://gamemarket.jp/game/185518,あり,,ボドゲゴー,https://storage.googleapis.com/bodogego_public/creator_event/game_market_2026_autumn/game/%E3%82%A2%E3%83%8A%E3%83%AD%E3%82%B0%E3%82%B3%E3%83%AC%E3%82%AF%E3%82%B7%E3%83%A7%E3%83%B3_%E3%82%B1%E3%83%B3%E3%83%91%EF%BC%81.jpg,
一般,両日,E052,Lynx Lake Games,https://gamemarket.jp/booth/6621,,https://x.com/TWwaterfalls,Formosa Formosa,,"¥4,500",2〜6人,40〜60分,可,https://docs.google.com/forms/d/e/1FAIpQLSfmVX02Z46gznT4DNE_5RrJKvNg3F1buWd75bZFmFej46-mUg/viewform?usp=preview,https://gamemarket.jp/game/187977,,新作,公式サイト,https://img.gamemarket.jp/20260425_020447_front%20cover.png,
一般,両日,F005,くまねこ堂,https://gamemarket.jp/booth/5514,,https://x.com/kumaneko_shop24,VENUS VERSUS -ヴィーナスヴァーサス- 【独立拡張版 アヤカシ異聞録】,"“TCGのようにパックを開封してデッキを強化！""の2-4人用対戦カードゲーム",¥0,2〜4人,15〜30分,可,https://docs.google.com/forms/d/e/1FAIpQLSevwzCuJocbgJRUxwWrF7vuj1fEgM72FzpWL_m5s3ohUQlMKQ/viewform?usp=dialog,https://gamemarket.jp/game/186528,あり,,公式サイト,https://img.gamemarket.jp/20251023_211325_%E3%82%A2%E3%83%A4%E3%82%AB%E3%82%B7%E7%95%B0%E8%81%9E%E9%8C%B2%E3%82%B5%E3%83%A0%E3%83%8D%E3%82%A4%E3%83%AB%E7%94%A81023.jpg,
一般,両日,F005,くまねこ堂,https://gamemarket.jp/booth/5514,,https://x.com/kumaneko_shop24,VENUS VERSUS -ヴィーナスヴァーサス- 【基本セット 光の勇者】,"“TCGのようにパックを開封してデッキを強化！""の2-4人用対戦カードゲーム","¥3,500",2〜4人,15〜30分,可,&lt;iframe%20src=&quot;https://x.com/kumaneko_shop24&quot;%20width=&quot;500&quot;%20height=&quot;300&quot;&gt;&lt;/iframe&gt;,https://gamemarket.jp/game/186527,あり,,公式サイト,https://img.gamemarket.jp/20251111_193941_%E3%82%B2%E3%83%A0%E3%83%9E%E3%83%96%E3%83%AD%E3%82%B0%E3%82%B5%E3%83%A0%E3%83%8D%E3%82%A4%E3%83%AB%E7%94%A8-VENUS-VERSUS-1108.jpg,
一般,両日,F005,くまねこ堂,https://gamemarket.jp/booth/5514,,https://x.com/kumaneko_shop24,百花繚乱クノイチ大戦,美しきクノイチたちを率いて、勝利を掴め！ 2-4人用対戦カードゲーム,"¥2,000",2〜4人,5〜15分,可,https://docs.google.com/forms/d/e/1FAIpQLSevwzCuJocbgJRUxwWrF7vuj1fEgM72FzpWL_m5s3ohUQlMKQ/viewform?usp=dialog,https://gamemarket.jp/game/185199,,,公式サイト,https://img.gamemarket.jp/20250413_124824_%E3%82%B2%E3%83%A0%E3%83%9E%E3%82%B5%E3%83%A0%E3%83%8D%E3%83%AD%E3%82%B4.jpg,
一般,両日,F005,くまねこ堂,https://gamemarket.jp/booth/5514,,https://x.com/kumaneko_shop24,ENGAGE ROYALE -エンゲージロワイアル-,"「“毎ターンが逆転の連続""の2(-4)人用対戦カードゲーム」★4人まで遊べるようにアップデート！","¥3,000",2〜4人,10〜15分,可,https://docs.google.com/forms/d/e/1FAIpQLSevwzCuJocbgJRUxwWrF7vuj1fEgM72FzpWL_m5s3ohUQlMKQ/viewform?usp=dialog,https://gamemarket.jp/game/185196,,,公式サイト,https://img.gamemarket.jp/20250413_121319_%E3%82%B2%E3%83%A0%E3%83%9E%E3%83%96%E3%83%AD%E3%82%B0%E7%94%A8%E3%82%B5%E3%83%A0%E3%83%8D%E3%82%A4%E3%83%AB.jpg,
一般,両日,F005,くまねこ堂,https://gamemarket.jp/booth/5514,,https://x.com/kumaneko_shop24,ぴったんこハム☆ハム,"“カードをすばやく出しながら、お題のハムスターもかぞえよう！""2-5人用のハムスターわちゃわちゃパーティーゲーム","¥2,000",2〜5人,5〜30分,可,https://docs.google.com/forms/d/e/1FAIpQLSevwzCuJocbgJRUxwWrF7vuj1fEgM72FzpWL_m5s3ohUQlMKQ/viewform?usp=dialog,https://gamemarket.jp/game/187497,あり,,公式サイト,https://img.gamemarket.jp/20260306_052734_%E3%82%AB%E3%83%A9%E3%83%BC%E7%89%88ca432030.jpg,
一般,両日,F005,くまねこ堂,https://gamemarket.jp/booth/5514,,https://x.com/kumaneko_shop24,ENGAGE ROYALE -エンゲージロワイアル- 【アナザーパッケージ】,"「“毎ターンが逆転の連続""の2(-4)人用対戦カードゲーム」★4人まで遊べるようにアップデート！","¥3,000",2〜4人,10〜15分,可,https://docs.google.com/forms/d/e/1FAIpQLSevwzCuJocbgJRUxwWrF7vuj1fEgM72FzpWL_m5s3ohUQlMKQ/viewform?usp=dialog,https://gamemarket.jp/game/186530,,,公式サイト,https://img.gamemarket.jp/20251023_170805_%E3%82%B2%E3%83%A0%E3%83%9E%E3%83%96%E3%83%AD%E3%82%B0%E7%94%A8%E3%82%B5%E3%83%A0%E3%83%8D%E3%82%A4%E3%83%AB%E3%83%AD%E3%82%B4ENGAGE-ROYALE%E3%80%90%E3%82%A2%E3%83%8A%E3%82%B6%E3%83%BC%E3%83%91%E3%83%83%E3%82%B1%E3%83%BC%E3%82%B8%E3%80%91.jpg,
一般,両日,F005,くまねこ堂,https://gamemarket.jp/booth/5514,,https://x.com/kumaneko_shop24,いんでぃあん・じゃんがりあん,"“かわいい見た目で、本格的な心理戦！""の2-10人用パーティーゲーム","¥2,000",2〜10人,5〜20分,可,https://docs.google.com/forms/d/e/1FAIpQLSevwzCuJocbgJRUxwWrF7vuj1fEgM72FzpWL_m5s3ohUQlMKQ/viewform?usp=dialog,https://gamemarket.jp/game/186529,,,公式サイト,https://img.gamemarket.jp/20251019_134708_%E3%81%84%E3%82%93%E3%81%A7%E3%81%83%E3%81%82%E3%82%93%E3%83%BB%E3%81%98%E3%82%83%E3%82%93%E3%81%8C%E3%82%8A%E3%81%82%E3%82%93%E3%82%B5%E3%83%A0%E3%83%8D%E3%82%A4%E3%83%AB%E7%94%A8.jpg,
一般,両日,F005,くまねこ堂,https://gamemarket.jp/booth/5514,,https://x.com/kumaneko_shop24,VENUS VERSUS -ヴィーナスヴァーサス- 【基本拡張セット 女神と邪神】,"“TCGのようにパックを開封してデッキを強化！""の2-4人用対戦カードゲーム","¥3,500",2〜4人,15〜30分,可,https://docs.google.com/forms/d/e/1FAIpQLSevwzCuJocbgJRUxwWrF7vuj1fEgM72FzpWL_m5s3ohUQlMKQ/viewform?usp=dialog,https://gamemarket.jp/game/188766,あり,新作,公式サイト,https://img.gamemarket.jp/20260817_131903_%E5%A5%B3%E7%A5%9E%E3%81%A8%E9%82%AA%E7%A5%9E%E3%82%B5%E3%83%A0%E3%83%8D%E3%82%A4%E3%83%AB%E7%94%A8.jpg,
一般,両日,F005,くまねこ堂,https://gamemarket.jp/booth/5514,,https://x.com/kumaneko_shop24,VENUS VERSUS -ヴィーナスヴァーサス- 【基本拡張セット 闇の魔王】,"“TCGのようにパックを開封してデッキを強化！""の2-4人用対戦カードゲーム","¥3,500",2〜4人,15〜30分,可,https://docs.google.com/forms/d/e/1FAIpQLSevwzCuJocbgJRUxwWrF7vuj1fEgM72FzpWL_m5s3ohUQlMKQ/viewform?usp=dialog,https://gamemarket.jp/game/187392,あり,,公式サイト,https://img.gamemarket.jp/20260122_172801_%E9%97%87%E3%81%AE%E9%AD%94%E7%8E%8B%E3%82%B5%E3%83%A0%E3%83%8D%E3%82%A4%E3%83%AB%E7%94%A8.jpg,
一般,両日,F007,いろどる,https://gamemarket.jp/booth/5862,,,シマエナガだんご,,"¥4,000",2人,20〜30分,可,https://forms.gle/TbtS1nA3HLoiVgRV7,https://gamemarket.jp/game/187870,,,公式サイト,https://img.gamemarket.jp/20260420_042446_%E3%82%B5%E3%83%A0%E3%83%8D%E3%82%A4%E3%83%AB%E4%BD%8E%E7%94%BB%E8%B3%AA.png,
一般,両日,F009,百葉箱,https://gamemarket.jp/booth/5433,,https://x.com/ame_arere,Super Save!,ゴールは、読むだけじゃ守れない。,"¥2,500",2人,10〜15分,可,https://forms.gle/1DVyyFnZYZe3jF56A,https://gamemarket.jp/game/188759,あり,新作,公式サイト,https://img.gamemarket.jp/20260927_234850_%E7%99%BE%E8%91%89%E7%AE%B1_SuperSave%E3%83%9C%E3%83%89%E3%82%B2%E3%82%B4%E3%83%BC%E3%82%B5%E3%83%A0%E3%83%8D.png,
一般,両日,F009,百葉箱,https://gamemarket.jp/booth/5433,,https://x.com/ame_arere,ドタバタプランター,野草、増やそう！個性豊かなキャラクターたちとのドタバタな庭づくり、はじまります！,"2,000円",3〜4人,10〜20分,情報なし,,https://gamemarket.jp/game/186991,あり,,ボドゲゴー,https://storage.googleapis.com/bodogego_public/creator_event/game_market_2025_autumn/game/%E7%99%BE%E8%91%89%E7%AE%B1_%E3%83%89%E3%82%BF%E3%83%90%E3%82%BF%E3%83%97%E3%83%A9%E3%83%B3%E3%82%BF%E3%83%BC.png,
一般,両日,F009,百葉箱,https://gamemarket.jp/booth/5433,,https://x.com/ame_arere,カモのまにまに,カモり、カモられ。,"2,000円",2〜6人,5〜10分,情報なし,,https://x.com/ame_arere,あり,,ボドゲゴー,https://storage.googleapis.com/bodogego_public/creator_event/game_market_2025_spring/%E7%99%BE%E8%91%89%E7%AE%B1_%E3%82%AB%E3%83%A2%E3%81%AE%E3%81%BE%E3%81%AB%E3%81%BE%E3%81%AB.png,
一般,両日,F011,York Game Lab,https://gamemarket.jp/booth/5554,,,昆虫バトルかるた,,"¥2,000",2〜6人,5〜15分,不可,,https://gamemarket.jp/game/188847,,新作,公式サイト,https://img.gamemarket.jp/20260917_181416_%E6%98%86%E8%99%AB%20box%20art%20horizontal.png,
一般,両日,F013,ましうgames,https://gamemarket.jp/booth/2719,,,グミっとグループ,手軽に悩める、ほどよい噛みごたえ,"¥1,500",3〜4人,10〜分,可,https://docs.google.com/forms/d/e/1FAIpQLScQvPKyAm7MsAD_LMGDwh9sSYwo3OZZNjKI1uymeISLr9cCeQ/viewform?usp=header,https://gamemarket.jp/game/189325,,新作,公式サイト,https://img.gamemarket.jp/20260922_202405_%E3%82%B0%E3%83%9F%E3%81%A3%E3%81%A8%E3%82%B0%E3%83%AB%E3%83%BC%E3%83%97_01B.jpg,
一般,両日,F015,じゃんげーむ,https://gamemarket.jp/booth/5564,,https://x.com/jan_tablegame,密告者 / INFORMER,この中に密告者がいます。,"¥3,300",4〜8人,20〜分,可,https://forms.gle/ZTnbPmc9YeQ9rE3m7,https://gamemarket.jp/game/188533,,,公式サイト,https://img.gamemarket.jp/20260517_210928_HP%E7%94%A8.jpg,
一般,両日,F015,じゃんげーむ,https://gamemarket.jp/booth/5564,,https://x.com/jan_tablegame,透視家セミナー,1人だけが答えを知る！心理戦略ゲーム,"¥3,000",2〜5人,10〜25分,可,https://forms.gle/ZTnbPmc9YeQ9rE3m7,https://gamemarket.jp/game/187165,,,公式サイト,https://img.gamemarket.jp/20251116_190129_IMG_4034.jpeg,
一般,両日,F018,くすだまゲーム,https://gamemarket.jp/booth/6810,,,サイの河原,誰よりも高く石を積め。だがこの河原にはサイが出る。。,"¥3,500",2〜4人,15〜20分,可,https://docs.google.com/forms/d/e/1FAIpQLScA7w7h9HmayN1yKPvHACuHd1NT8pDjoEeYgVdeHu3mVYSvkA/viewform?usp=header,https://gamemarket.jp/game/188829,,新作,公式サイト,https://img.gamemarket.jp/20260831_182531_visual3%20(1).jpg,
一般,両日,F021,噛まじゅに注文！,https://gamemarket.jp/booth/6812,,,噛まじゅに注文！,どんどん長くなる注文に全員がチャレンジ！集え、注文者！！,"¥2,000",1〜6人,10〜15分,不可,,https://gamemarket.jp/game/189264,,新作,公式サイト,https://img.gamemarket.jp/20260923_011356_sample02_0919_01_sleeve_only9411429.jpg,
一般,両日,F023,第一薬品産業,https://gamemarket.jp/booth/6813,,,アロマッチング,アロマッチングは人それぞれの香りの感じ方に、驚き・笑って、理由を話して、自然と会話が弾むコミュニケーションゲームです。,"¥5,000",2〜8人,10〜20分,不可,,https://gamemarket.jp/game/189438,,新作,公式サイト,https://img.gamemarket.jp/20260930_090537_%E3%82%A2%E3%83%AD%E3%83%9E%E3%83%83%E3%83%81%E3%83%B3%E3%82%B0_%E3%82%B5%E3%83%A0%E3%83%8D%E3%82%A4%E3%83%AB.jpg,
一般,両日,F025,PLAY OUT,https://gamemarket.jp/booth/6646,,,POLYCHROME,色と数字で読み合う、2人対戦カードゲーム,"¥2,500",2人,10〜30分,可,https://forms.gle/RGTTAgU5poPKY6wEA,https://gamemarket.jp/game/189488,,新作,公式サイト,https://img.gamemarket.jp/20260930_131952_%E3%82%B2%E3%83%A0%E3%83%9E%E3%82%B5%E3%83%A0%E3%83%8D.jpg,
一般,両日,F027,Dopamine Table Club,https://gamemarket.jp/booth/6815,,,NO MUSH,少なすぎれば、奪われる。賭けすぎれば、ノームが起きる。,"¥2,000",3〜6人,15〜20分,可,https://docs.google.com/forms/d/e/1FAIpQLSe8z9czUT6S3oQPmcJC7vKWKGivg7FKHOBrTBp7SKdr94q_1A/viewform,https://gamemarket.jp/game/189047,,新作,公式サイト,https://img.gamemarket.jp/20260916_215432_DTC.png,
一般,両日,F029,Shinya Ubukata,https://gamemarket.jp/booth/5628,,,どたばたバリスタ,かわいいトッピングでラテアート作り！ お題を伝える協力ゲーム！,"¥4,000",3〜6人,30〜45分,不可,,https://gamemarket.jp/game/188908,,新作,公式サイト,https://img.gamemarket.jp/20260903_204443_%E3%82%B2%E3%83%A0%E3%83%9E%E3%82%B5%E3%82%A4%E3%83%88%E3%82%B5%E3%83%A0%E3%83%8D%E7%94%A8.png,
一般,両日,F031,COLON ARC,https://gamemarket.jp/booth/1096,,https://x.com/colonarc,みんなの頭の上の数字が「○○の数」だった件,これはどの数字！？,"¥3,000",3〜6人,20〜45分,可,https://forms.gle/DeEYwVzkXJgknP1j6,https://gamemarket.jp/game/189072,あり,新作,公式サイト,https://img.gamemarket.jp/20260915_131529_Num_BOXTop.png,
一般,両日,F031,COLON ARC,https://gamemarket.jp/booth/1096,,https://x.com/colonarc,しゃてきーやプラス,スコアアタックをみんなで（賭けて）見守れ！,"¥1,500",2〜5人,30〜30分,可,https://forms.gle/2UupY7LS1QgK21Lr6,https://gamemarket.jp/game/189474,,新作,公式サイト,https://img.gamemarket.jp/20260929_225921_ShatekiYa_3DBox_110x230x60.png,
一般,両日,F031,COLON ARC,https://gamemarket.jp/booth/1096,,https://x.com/colonarc,モンスロート イン ハロウィン,ＴＣＧデッキビルダー２人が作った、手札が選べる「デッキ構築ゲーム」,"¥2,800",2〜4人,45〜45分,可,https://forms.gle/BosZ7axTdrPgV9B68,https://gamemarket.jp/game/179381,,,公式サイト,https://img.gamemarket.jp/20260924_114349_IMG_3537.jpg,
一般,両日,F031,COLON ARC,https://gamemarket.jp/booth/1096,,https://x.com/colonarc,星猫メジャーアルカナ,猫をテーマにしたタロットです。オリジナル巾着付き。ゲームも遊べます。,"3,000円",2〜6人,15〜15分,情報なし,,https://sites.google.com/site/colonarc/games/2026/MajorArcana_Minaccio,あり,,ボドゲゴー,https://storage.googleapis.com/bodogego_public/creator_event/game_market_2026_autumn/game/COLON_ARC_%E6%98%9F%E7%8C%AB%E3%83%A1%E3%82%B8%E3%83%A3%E3%83%BC%E3%82%A2%E3%83%AB%E3%82%AB%E3%83%8A.jpg,
一般,両日,F032,ゲーム工房ＵＲＡ,https://gamemarket.jp/booth/3071,,,連合艦隊,太平洋戦争の海戦をテーマにした2人対戦のゲームです。,"¥2,000",2人,10〜30分,不可,,https://gamemarket.jp/game/180993,,,公式サイト,https://img.gamemarket.jp/20240705_092637_%E3%81%B5%E3%81%9F%E7%B5%B5.PNG,
一般,両日,F032,ゲーム工房ＵＲＡ,https://gamemarket.jp/booth/3071,,,戦国武将,36人の戦国武将をカードにしてあり、その戦国武将を登用し家臣にして、その家より多くの合戦に勝利したプレイヤーがゲームに勝利する。,"¥2,000",2〜6人,30〜30分,不可,,https://gamemarket.jp/game/180992,,,公式サイト,https://img.gamemarket.jp/20251126_150933_%E6%88%A6%E5%9B%BD%E6%AD%A6%E5%B0%86%E7%AE%B1.JPG,
一般,両日,F032,ゲーム工房ＵＲＡ,https://gamemarket.jp/booth/3071,,,戦車撃破章,「戦車撃破章」は携行可能な武器で戦車を撃破した歩兵に与えられる勲章である。,"¥2,000",3〜6人,20〜40分,不可,,https://gamemarket.jp/game/180991,,,公式サイト,https://img.gamemarket.jp/20240705_092701_%E6%88%A6%E8%BB%8A%E6%92%83%E7%A0%B4%E7%AB%A0_%E3%81%B5%E3%81%9F.jpg,
一般,両日,F032,ゲーム工房ＵＲＡ,https://gamemarket.jp/booth/3071,,,乱戦空域,第2次大戦の戦闘機で空戦を行うゲームです。,"¥2,000",2〜6人,20〜30分,不可,,https://gamemarket.jp/game/180989,,,公式サイト,https://img.gamemarket.jp/20241019_132052_%E4%B9%B1%E6%88%A6%E7%A9%BA%E5%9F%9F%EF%BC%BF%E7%AE%B1%E7%B5%B5.jpg,
一般,両日,F032,ゲーム工房ＵＲＡ,https://gamemarket.jp/booth/3071,,,無音潜航,相手艦の位置を予測して攻撃する潜水艦ゲームです。,"¥2,000",2人,10〜30分,可,https://game-ura.jimdofree.com/,https://gamemarket.jp/game/179139,,,公式サイト,https://img.gamemarket.jp/20240705_092606_%E7%84%A1%E9%9F%B3%E6%BD%9C%E8%88%AA%E3%81%B5%E3%81%9F.jpg,
一般,両日,F033,えん堂々,https://gamemarket.jp/booth/6751,,,5963 ゴクローサン,4枚の数字を並べるだけ。9つの勝負で読み合う、2人用数字対戦ゲーム。,"¥1,500",2人,1〜3分,可,https://forms.gle/P5szPsCC26bPKKju8,https://gamemarket.jp/game/189096,,新作,公式サイト,https://img.gamemarket.jp/20260917_091406_5963-thumbnail.jpg,
一般,両日,F034,「真夜計劃堂」ボードゲーム制作,https://gamemarket.jp/booth/5356,,,1～6人協力のサイコロパズル『テトリダイス』,落ちゲーを適当に学んだ宇宙人が攻めてきた？！,"¥3,500",1〜6人,30〜60分,可,https://forms.gle/39D6Sw2F8Bex3jZZ8,https://gamemarket.jp/game/188904,,新作,公式サイト,https://img.gamemarket.jp/20260903_171939_1000072017.jpg,
一般,両日,F034,「真夜計劃堂」ボードゲーム制作,https://gamemarket.jp/booth/5356,,,二人用 協力型 紙ペンゲーム『天嶺TEN-REI』,天は試し、嶺は問う。二人で挑め、頂はひとりでは届かない。,"¥2,000",1〜2人,30〜60分,可,https://docs.google.com/forms/d/e/1FAIpQLSc5i8M6Ya47iEWUfS5Rr7HQHm2kuswM9sfNgPOsrkAnkqBtMA/viewform?usp=header,https://gamemarket.jp/game/188901,,新作,公式サイト,https://img.gamemarket.jp/20260903_153138_1000071641.jpg,
一般,両日,F034,「真夜計劃堂」ボードゲーム制作,https://gamemarket.jp/booth/5356,,,『SPEC/TRICK』(スペック・トリック),普通のトリックテイキングの得点が、超能力で倍になる！,"¥2,500",3〜5人,20〜30分,可,https://docs.google.com/forms/d/e/1FAIpQLSdVyR97XFRnTw-Pi7yGEV3PZFRCSSVRS9LtYSXIWpiUbgW87g/viewform?usp=publish-editor,https://gamemarket.jp/game/186147,,新作,公式サイト,https://img.gamemarket.jp/20251116_184755_1000058792.jpg,
一般,両日,F034,「真夜計劃堂」ボードゲーム制作,https://gamemarket.jp/booth/5356,,,「DoubleAction ダブルアクション」レディ&ジョーカー,二人用協力型カードゲーム,"¥1,500",1〜2人,15〜45分,可,https://forms.gle/qM9nH2QLViWVE7jK8,https://gamemarket.jp/game/189278,,新作,公式サイト,https://img.gamemarket.jp/20260921_055831_1000072283.jpg,
一般,両日,F035,はたやまかずや,https://gamemarket.jp/booth/5971,,,ヒストリーオブ大正昭和,政界の黒幕となり帝都東京に君臨せよ！,"¥3,000",4〜6人,60〜90分,不可,,https://gamemarket.jp/game/188711,,新作,公式サイト,https://img.gamemarket.jp/20260626_135159_%E3%82%B9%E3%82%AF%E3%83%AA%E3%83%BC%E3%83%B3%E3%82%B7%E3%83%A7%E3%83%83%E3%83%88%202026-05-12%2022.40.35.png,
一般,両日,F035,はたやまかずや,https://gamemarket.jp/booth/5971,,,ド忘れ勇者と導かれし異邦人たち,＊「おお ゆうしゃよ！ド忘れするとは なにごとだ！,"¥2,000",3〜6人,10〜30分,不可,,https://gamemarket.jp/game/186041,,,公式サイト,https://img.gamemarket.jp/20250817_133743_booseCut.jpg,
一般,両日,F037,大日本きぬた連盟,https://gamemarket.jp/booth/4670,,,インプラントポーカー 俺に任せろ！！,,"¥1,200",2〜4人,5〜10分,可,https://gamemarket.jp/game/189080,https://gamemarket.jp/game/189080,,新作,公式サイト,https://img.gamemarket.jp/20260915_203745_PORKER.png,
一般,両日,F037,大日本きぬた連盟,https://gamemarket.jp/booth/4670,,,きぬた歯科神経衰弱 ULTRA HARD TRICOLORE,,"¥1,200",1〜4人,30〜60分,可,https://gamemarket.jp/game/189079,https://gamemarket.jp/game/189079,,新作,公式サイト,https://img.gamemarket.jp/20260915_203316_ULTRA.png,
一般,両日,F038,GGN,https://gamemarket.jp/booth/6152,,,コレクターズトランプvol2 競泳水着1,初日販売で50部突破再び！大人気トランプシリーズ第二弾登場！,"¥1,500",人,〜分,不可,,https://gamemarket.jp/game/188811,,新作,公式サイト,https://img.gamemarket.jp/20260828_013720_%E7%AB%B6%E6%B3%B3%E6%B0%B4%E7%9D%80%E8%A3%8F.jpg,
一般,両日,F039,トタンぼろ屋根,https://gamemarket.jp/booth/6721,,,商店○□,お店屋さんごっこ風シミュレーションボードゲーム,"¥2,500",2〜4人,30〜60分,可,https://forms.gle/KqNFz9e1aMHucRVn6,https://gamemarket.jp/game/189385,,新作,公式サイト,https://img.gamemarket.jp/20260929_183822_%E3%82%BF%E3%82%A4%E3%83%88%E3%83%AB.png,
一般,両日,G005,Atelier Poisson,https://gamemarket.jp/booth/7044,,,愛猫（キミ）にささぐタワー,屋根より高いキャットタワー！,"¥2,000",3〜6人,10〜15分,可,https://forms.gle/hqQySxBSq6vfwXCh8,https://gamemarket.jp/game/189392,,新作,公式サイト,https://img.gamemarket.jp/20260926_220128_%E3%82%B2%E3%83%A0%E3%83%9E_%E3%82%B2%E3%83%BC%E3%83%A0%E3%82%B5%E3%83%A0%E3%83%8D.png,
一般,土曜,G006,404号室,https://gamemarket.jp/booth/7045,,,ヒュードロ few draw,夜の裏側をさまようジュブナイル・ホラー,"¥2,000",3〜4人,15〜30分,可,https://forms.gle/LanFN5e1nSSB6HtH8,https://gamemarket.jp/game/189565,,新作,公式サイト,https://img.gamemarket.jp/20261003_140243_%E3%80%90%E3%83%92%E3%83%A5%E3%83%BC%E3%83%89%E3%83%AD%E3%80%91%E3%83%91%E3%83%83%E3%82%B1%E3%83%BC%E3%82%B8_%E6%B1%BA%E5%AE%9A%E7%A8%BF_%E6%AD%A3%E9%9D%A2%E8%83%8C%E9%9D%A2.jpg,
一般,土曜,G021,ツクサポ＠三恵社ボドゲ部,https://gamemarket.jp/booth/4300,,https://x.com/sankeisha_bdgb,アリスとふしぎな森,サイコロひとつで、ふしぎな森へ迷いこもう！,"¥2,200",2〜4人,10〜20分,不可,,https://gamemarket.jp/game/189692,,新作,公式サイト,https://img.gamemarket.jp/20261007_110948_HCuT-zGaEAAfD81.jpg,
一般,土曜,G021,ツクサポ＠三恵社ボドゲ部,https://gamemarket.jp/booth/4300,,https://x.com/sankeisha_bdgb,返本or実売,最大5つのジャンルから、市場のニーズに応えて本を出版し、売上NO.1の出版社を目指します。,"2,200円",3〜6人,10〜30分,情報なし,,,,,ボドゲゴー,https://storage.googleapis.com/bodogego_public/creator_event/game_market_2026_autumn/game/%E4%B8%89%E6%81%B5%E7%A4%BE%E3%83%9C%E3%83%89%E3%82%B2%E9%83%A8_%E8%BF%94%E6%9C%ACor%E5%AE%9F%E5%A3%B2.jpg,
一般,土曜,G021,ツクサポ＠三恵社ボドゲ部,https://gamemarket.jp/booth/4300,,https://x.com/sankeisha_bdgb,ゾンビラン,「研究所からゾンビが逃げ出した！」救助ヘリ到着まで、ゾンビたちから逃げ続けろ！,"2,200円",2〜4人,15〜30分,情報なし,,,,,ボドゲゴー,https://storage.googleapis.com/bodogego_public/creator_event/game_market_2026_autumn/game/%E4%B8%89%E6%81%B5%E7%A4%BE%E3%83%9C%E3%83%89%E3%82%B2%E9%83%A8_%E3%82%BE%E3%83%B3%E3%83%93%E3%83%A9%E3%83%B3.jpg,
一般,土曜,G021,ツクサポ＠三恵社ボドゲ部,https://gamemarket.jp/booth/4300,,https://x.com/sankeisha_bdgb,Book KOUTEI Battle,必要な工程を組み合わせて書籍を出版！,"2,000円",3〜6人,10〜30分,情報なし,,,,,ボドゲゴー,https://storage.googleapis.com/bodogego_public/creator_event/game_market_2026_autumn/game/%E4%B8%89%E6%81%B5%E7%A4%BE%E3%83%9C%E3%83%89%E3%82%B2%E9%83%A8_Book_KOUTEI_Battle.jpg,
一般,両日,H001,Game Storybook,https://gamemarket.jp/booth/6782,,https://x.com/game_storybook,Bake or Break,ドタバタ協力ゲーム。みんな力を合わせてケーキを完成しましょう！,"2,800円",2〜4人,10〜15分,情報なし,,https://www.kickstarter.com/projects/cafe-storybook/bake-or-break-fun-cooperative-party-game,あり,新作,ボドゲゴー,https://storage.googleapis.com/bodogego_public/creator_event/game_market_2026_autumn/game/Game_Storybook_Bake_or_Break.jpg,
一般,両日,H003,やんはま＠ダイス本店,https://gamemarket.jp/booth/6753,,,タイプクロス,選んで、差し込め。計算（演算）を超えた連鎖が生む、究極のスコア構築バトル。,"¥2,000",2〜4人,15〜20分,不可,,https://gamemarket.jp/game/188877,,新作,公式サイト,https://img.gamemarket.jp/20260901_185351_bodoge_sq08yoko.jpg,
一般,両日,H003,やんはま＠ダイス本店,https://gamemarket.jp/booth/6753,,,君の全部わかるもん,「君のこと、全部わかるもん！」 価値観のズレを暴き出す、12人対応のプロフ作成ゲーム。,"¥2,000",2〜12人,5〜15分,不可,,https://gamemarket.jp/game/188876,,新作,公式サイト,https://img.gamemarket.jp/20260901_185159_bodoge_sq07yoko.jpg,
一般,両日,H003,やんはま＠ダイス本店,https://gamemarket.jp/booth/6753,,,生やけポーカー,お前の育てた肉をいただく。3回ナマで即終了、命懸けのBBQブラフバトル。,"¥2,000",2〜4人,15〜20分,不可,,https://gamemarket.jp/game/188875,,新作,公式サイト,https://img.gamemarket.jp/20260901_185036_bodoge_sq06yoko.jpg,
一般,両日,H006,yunohana,https://gamemarket.jp/booth/5380,,,７５８理科倶楽部,「知っている」が、そのまま「取れる」になる理科カルタ。,"¥1,300",2〜8人,20〜分,可,https://forms.gle/4odWdEtC9C5QFGD18,https://gamemarket.jp/game/189321,,新作,公式サイト,https://img.gamemarket.jp/20260922_163311_ca353015_%E7%90%86%E7%A7%91.jpg,
一般,両日,H006,yunohana,https://gamemarket.jp/booth/5380,,,７５８算数倶楽部,算数のクイズに答えてポイントを貯めよう！,¥800,1〜6人,15〜分,可,https://forms.gle/4odWdEtC9C5QFGD18,https://gamemarket.jp/game/189317,,新作,公式サイト,https://img.gamemarket.jp/20260922_161319_ca353015_3.jpg,
一般,両日,H006,yunohana,https://gamemarket.jp/booth/5380,,,フェチ探偵うさぎちゃん６ キングクリムゾン,性癖食わず嫌い王選手権ができるカードゲームの第6弾,"¥1,800",2〜4人,15〜分,可,https://forms.gle/4odWdEtC9C5QFGD18,https://gamemarket.jp/game/189316,,新作,公式サイト,https://img.gamemarket.jp/20260922_160953_ca353015_USA.jpg,
一般,両日,H006,yunohana,https://gamemarket.jp/booth/5380,,,大富豪刑事 十三,地名をそろえてカードを出し切れ！「大富豪刑事十三」は、1〜10・100・千・万の数字が描かれた地名カードで遊ぶ,"¥1,500",2〜6人,15〜分,可,https://forms.gle/4odWdEtC9C5QFGD18,https://gamemarket.jp/game/189315,,新作,公式サイト,https://img.gamemarket.jp/20260922_160615_13%E7%AE%B1%E7%B5%B5.jpg,
一般,両日,H006,yunohana,https://gamemarket.jp/booth/5380,,,キングオブAV,好きなAV女優でガチタイマンせざるえません！,¥500,2〜6人,10〜分,可,https://forms.gle/4odWdEtC9C5QFGD18,https://gamemarket.jp/game/189314,,新作,公式サイト,https://img.gamemarket.jp/20260922_160040_%E3%82%B9%E3%83%A9%E3%82%A4%E3%83%891.JPG,
一般,両日,H006,yunohana,https://gamemarket.jp/booth/5380,,,モリアーティ教授と３つの数字,質問を重ねながら相手の持つ3枚の数字を推理する論理ゲームです。,"¥1,300",2〜4人,15〜分,可,https://forms.gle/4odWdEtC9C5QFGD18,https://gamemarket.jp/game/189313,,新作,公式サイト,https://img.gamemarket.jp/20260922_155316_ca353015_%E3%82%82%E3%82%8A.jpg,
一般,両日,H006,yunohana,https://gamemarket.jp/booth/5380,,,コケコッコー,1〜15の数字カードが各4枚、全60枚を使った、ちょっと戦略的なババ抜きです。,"¥1,000",2〜6人,15〜分,可,https://forms.gle/4odWdEtC9C5QFGD18,https://gamemarket.jp/game/189312,,新作,公式サイト,https://img.gamemarket.jp/20260922_154908_ca353015_%E3%82%B3%E3%82%B1%E3%82%B3%E3%83%83%E3%82%B3%E3%83%BC.jpg,
一般,両日,H006,yunohana,https://gamemarket.jp/booth/5380,,,2人で作ろうミックスジュース,関西の老舗喫茶店「アメリカン」の名物は、おばあちゃん秘伝のミックスジュース。,"¥1,800",2〜6人,15〜分,可,https://forms.gle/4odWdEtC9C5QFGD18,https://gamemarket.jp/game/189311,,新作,公式サイト,https://img.gamemarket.jp/20260922_154051_ca353015_22.jpg,
一般,両日,H006,yunohana,https://gamemarket.jp/booth/5380,,,フェチタイガー,1から順番に数字を宣言してカードを出していく、フェチ×ダウトゲームです。,"¥1,500",2〜4人,15〜分,可,https://forms.gle/4odWdEtC9C5QFGD18,https://gamemarket.jp/game/189310,,新作,公式サイト,https://img.gamemarket.jp/20260922_153221_ca353015_%E3%83%95%E3%82%A7%E3%83%81%E3%82%BF%E3%82%A4%E3%82%AC.jpg,
一般,両日,H006,yunohana,https://gamemarket.jp/booth/5380,,,必殺技カルタ叫べ！はどーけんっ！,スト２やKOFなど懐かしの格闘ゲームに登場する必殺技を叫びながら遊ぶ、かるた＆バッティングゲーム,"¥1,800",2〜6人,20〜分,可,https://forms.gle/4odWdEtC9C5QFGD18,https://gamemarket.jp/game/189309,,新作,公式サイト,https://img.gamemarket.jp/20260922_152657_ca353015_%E3%81%A3h.jpg,
一般,両日,H006,yunohana,https://gamemarket.jp/booth/5380,,,8月のカレシ,8月に関連したイラストが書かれている数字カードをめくり、合計8を作ってカードを集める神経衰弱。,¥800,2〜4人,15〜分,可,https://forms.gle/4odWdEtC9C5QFGD18,https://gamemarket.jp/game/189308,,新作,公式サイト,https://img.gamemarket.jp/20260922_151311_ca353015_%20(27).jpg,
一般,両日,H009,ツナグヒラク,https://gamemarket.jp/booth/4563,,https://x.com/tsunahira_sally,シネマ映逢,AIの妄想した映画をあてて！,"¥1,500",2〜6人,15〜30分,可,https://www.tsunahira.com/reservation.html,https://gamemarket.jp/game/188956,あり,新作,公式サイト,https://img.gamemarket.jp/20260919_175230_HSgvMWqaEAA5xdZ.jpg,
一般,両日,H009,ツナグヒラク,https://gamemarket.jp/booth/4563,,https://x.com/tsunahira_sally,居酒屋えいあい,奇想天外な謎メニュー名から、どんな料理をAIが考えたのかを楽しむ妄想系ゲーム。,"1,500円",2〜6人,10〜30分,情報なし,,https://www.tsunahira.com/,あり,,ボドゲゴー,https://storage.googleapis.com/bodogego_public/creator_event/game_market_2025_autumn/game/%E3%83%84%E3%83%8A%E3%82%B0%E3%83%92%E3%83%A9%E3%82%AF_%E5%B1%85%E9%85%92%E5%B1%8B%E3%81%88%E3%81%84%E3%81%82%E3%81%84.png,
一般,両日,H009,ツナグヒラク,https://gamemarket.jp/booth/4563,,https://x.com/tsunahira_sally,なにがお？,「がおチャン」の色んな顔の中から、 ヒントをたよりにアタリの顔をあててね。,"1,000円",3〜6人,20〜30分,情報なし,,https://tsunahira.com/nanigao/,,,ボドゲゴー,https://storage.googleapis.com/bodogego_public/creator_event/game_market_2025_spring/%E3%83%84%E3%83%8A%E3%82%B0%E3%83%92%E3%83%A9%E3%82%AF_%E3%81%AA%E3%81%AB%E3%81%8C%E3%81%8A%EF%BC%9F.png,
一般,両日,H009,ツナグヒラク,https://gamemarket.jp/booth/4563,,https://x.com/tsunahira_sally,なにばな？,何気ないエピソードを聞きながら、話し手がどう感じているかを推理する不思議なカルタ,"1,000円",2〜6人,20〜40分,情報なし,,https://tsunahira.com/nanibana/,,,ボドゲゴー,https://storage.googleapis.com/bodogego_public/creator_event/game_market_2025_spring/%E3%83%84%E3%83%8A%E3%82%B0%E3%83%92%E3%83%A9%E3%82%AF_%E3%81%AA%E3%81%AB%E3%81%B0%E3%81%AA%EF%BC%9F.png,
一般,両日,H010,吉川雅彦,https://gamemarket.jp/booth/6583,,,クロスエピソード,,"¥2,000",1〜99人,1〜分,可,https://docs.google.com/forms/d/e/1FAIpQLSdpoEGEc8Ncl6SNeEgGAmGMhIqmwxCMQH2vlsc8rbTCNE0V7A/viewform?usp=dialog,https://gamemarket.jp/game/188767,,新作,公式サイト,https://img.gamemarket.jp/20260927_192536_%E3%83%95%E3%82%99%E3%83%BC%E3%82%B9%E3%82%AB%E3%83%83%E3%83%88.jpg,
一般,両日,H012,しぽまる屋,https://gamemarket.jp/booth/5188,,https://x.com/shipomaruya,宇宙艦隊計画 【両日 H012 しぽまる屋】,宇宙戦艦と制御担当の人工生命体（NC）を組み合わせて探索や勢力拡大を競うゲーム,"¥2,000",2〜4人,15〜30分,不可,,https://gamemarket.jp/game/182819,,,公式サイト,https://img.gamemarket.jp/20240516_230144_%E3%82%AD%E3%83%A3%E3%83%83%E3%83%81%E3%82%A4%E3%83%A9%E3%82%B9%E3%83%88.png,
一般,両日,H012,しぽまる屋,https://gamemarket.jp/booth/5188,,https://x.com/shipomaruya,帰投線 -kitosen- 【両日 H012 しぽまる屋】,崩れていく世界の中で、帰投線をつなごう,"¥2,500",1〜4人,15〜40分,不可,,https://gamemarket.jp/game/188723,,新作,公式サイト,https://img.gamemarket.jp/20260721_224648_%E3%82%B2%E3%83%A0%E3%83%9E%E3%82%B2%E3%83%BC%E3%83%A0%E7%B4%B9%E4%BB%8B%E7%94%A8.png,
一般,両日,H012,しぽまる屋,https://gamemarket.jp/booth/5188,,https://x.com/shipomaruya,宇宙艦隊計画 DEEP DIVE 【両日 H012 しぽまる屋】,仲間とパーティを編成し、パーティの能力＋支援＋時には犠牲 でシナリオの勝利ポイントを競うSF RPG風 対戦ゲーム,"¥2,000",1〜4人,30〜60分,可,https://forms.gle/BaYvPEnNMVNbd5377,https://gamemarket.jp/game/184133,,,公式サイト,https://img.gamemarket.jp/20241019_165139_%E3%83%9C%E3%83%89%E3%82%B2%E3%83%99%E3%82%A2%E7%94%A8.png,
一般,両日,H012,しぽまる屋,https://gamemarket.jp/booth/5188,,https://x.com/shipomaruya,帰投線,崩壊していく世界から、4つのコマを帰投させる1～3人用協力パズルです。,"2,500円",1〜3人,10〜30分,情報なし,,https://gamemarket.jp/game/188723,あり,新作,ボドゲゴー,https://storage.googleapis.com/bodogego_public/creator_event/game_market_2026_autumn/game/%E3%81%97%E3%81%BD%E3%81%BE%E3%82%8B%E5%B1%8B_%E5%B8%B0%E6%8A%95%E7%B7%9A.jpg,
一般,両日,H012,しぽまる屋,https://gamemarket.jp/booth/5188,,https://x.com/shipomaruya,リングバスター,宇宙艦隊司令官になって勝利を目指す、回転する円盤を使った対戦物理ゲームです。,"6,000円",2〜2人,10〜15分,情報なし,,https://gamemarket.jp/game/185154,あり,,ボドゲゴー,https://storage.googleapis.com/bodogego_public/creator_event/game_market_2026_autumn/game/%E3%81%97%E3%81%BD%E3%81%BE%E3%82%8B%E5%B1%8B_%E3%83%AA%E3%83%B3%E3%82%B0%E3%83%90%E3%82%B9%E3%82%BF%E3%83%BC.jpg,
一般,両日,H012,しぽまる屋,https://gamemarket.jp/booth/5188,,https://x.com/shipomaruya,宇宙艦隊計画,宇宙艦隊を編成して勝利点を競うカードゲーム。,"2,000円",2〜4人,15〜25分,情報なし,,https://gamemarket.jp/game/182819,,,ボドゲゴー,https://storage.googleapis.com/bodogego_public/creator_event/game_market_2026_autumn/game/%E3%81%97%E3%81%BD%E3%81%BE%E3%82%8B%E5%B1%8B_%E5%AE%87%E5%AE%99%E8%89%A6%E9%9A%8A%E8%A8%88%E7%94%BB.jpg,
一般,両日,H012,しぽまる屋,https://gamemarket.jp/booth/5188,,https://x.com/shipomaruya,MAGNETIC FLEET　磁力艦隊,積むか、崩すか。制御は奪い合いだ,"3,500円",2〜4人,10〜20分,情報なし,,https://gamemarket.jp/game/187575,あり,,ボドゲゴー,https://storage.googleapis.com/bodogego_public/creator_event/game_market_2026_spring/game/%E3%81%97%E3%81%BD%E3%81%BE%E3%82%8B%E5%B1%8B_MAGNETIC_FLEET_%E7%A3%81%E5%8A%9B%E8%89%A6%E9%9A%8A.jpg,
一般,両日,H013,小石皮,https://gamemarket.jp/booth/6155,,https://x.com/koya_ma_shun%20%20,押印の乱,お辞儀ハンコをテーマにしたネオ室町時代の押印アクションゲーム,"2,000円",2〜5人,15〜20分,情報なし,,https://gamemarket.jp/game/188802,,新作,ボドゲゴー,https://storage.googleapis.com/bodogego_public/creator_event/game_market_2026_autumn/game/%E5%B0%8F%E7%9F%B3%E7%9A%AE_%E6%8A%BC%E5%8D%B0%E3%81%AE%E4%B9%B1.jpg,
一般,両日,H015,TUC GAME,https://gamemarket.jp/booth/1281,,,おしつけ闇鍋パーティー,,"¥1,500",3〜7人,20〜30分,可,https://docs.google.com/forms/d/e/1FAIpQLSdjynvmyqGC6C1q6MsrT3_FgStY6AyJDdpl8WT3FenuyFIaJg/viewform?usp=publish-editor,https://gamemarket.jp/game/188892,,新作,公式サイト,https://img.gamemarket.jp/20260920_102924_pop_yaminabe_hamamastu4_%E3%82%A2%E3%83%BC%E3%83%88%E3%83%9C%E3%83%BC%E3%83%89%201.jpg,
一般,両日,H015,TUC GAME,https://gamemarket.jp/booth/1281,,,30(トレンタ) -THIRTY SHIFT-,,"¥1,500",2〜5人,20〜30分,可,https://docs.google.com/forms/d/e/1FAIpQLSdjynvmyqGC6C1q6MsrT3_FgStY6AyJDdpl8WT3FenuyFIaJg/viewform?usp=publish-editor,https://gamemarket.jp/game/189240,,新作,公式サイト,https://img.gamemarket.jp/20260928_061809_GM2026A3.jpg,
一般,両日,H015,TUC GAME,https://gamemarket.jp/booth/1281,,,三河農園収穫祭,,"¥1,500",1〜4人,20〜30分,可,https://docs.google.com/forms/d/e/1FAIpQLSdjynvmyqGC6C1q6MsrT3_FgStY6AyJDdpl8WT3FenuyFIaJg/viewform?usp=publish-editor,https://gamemarket.jp/game/189239,,新作,公式サイト,https://img.gamemarket.jp/20260921_091858_mikawa.jpg,
一般,両日,H015,TUC GAME,https://gamemarket.jp/booth/1281,,,30 -THIRTY SHIFT-,,"1,500円",2〜5人,20〜30分,情報なし,,https://gamemarket.jp/game/189240,,新作,ボドゲゴー,https://storage.googleapis.com/bodogego_public/creator_event/game_market_2026_autumn/game/TUC%20GAME_30%20-THIRTY%20SHIFT-.jpg,
一般,両日,H016,卓上劇場,https://gamemarket.jp/booth/6755,,,Pass the Passport -欺瞞のババ抜き-,偽造パスポートが静かに手渡される。,"¥2,000",3〜6人,15〜30分,不可,,https://gamemarket.jp/game/189724,,新作,公式サイト,https://img.gamemarket.jp/20261008_091510_49215_0.jpg,
一般,両日,H017,King&#039;s Road,https://gamemarket.jp/booth/6495,,https://x.com/kingsroad_gg,ナポレオン【専用キット】- Specialized expansion kit for Napoléon,トリックテイキングにおける金字塔、再臨。,"¥2,000",4〜5人,20〜分,可,https://forms.gle/7CrZRKbXHrmqi18NA,https://gamemarket.jp/game/187836,,,公式サイト,https://img.gamemarket.jp/20260418_123039_%E3%83%8A%E3%83%9B%E3%82%9A%E3%83%AC%E3%82%AA%E3%83%B3_%E3%82%B5%E3%83%A0%E3%83%8D.png,
一般,両日,H017,King&#039;s Road,https://gamemarket.jp/booth/6495,,https://x.com/kingsroad_gg,召喚士たちの輪舞曲（ロンド）- The Rondo of Summoners,召喚の機を捉えよ、至高の姿へ達すべく──,"¥2,500",3〜4人,30〜分,可,https://forms.gle/7CrZRKbXHrmqi18NA,https://gamemarket.jp/game/187831,,,公式サイト,https://img.gamemarket.jp/20260423_173917_%E5%8F%AC%E5%96%9A%E5%A3%AB_%E3%82%B5%E3%83%A0%E3%83%8D.png,
一般,両日,H017,King&#039;s Road,https://gamemarket.jp/booth/6495,,https://x.com/kingsroad_gg,ラスボスたちの憂鬱（ブルース）- The Final Bosses' Blues,待てど暮らせど、勇者がこない……,"¥2,500",3〜4人,20〜分,可,https://forms.gle/7CrZRKbXHrmqi18NA,https://gamemarket.jp/game/187830,,,公式サイト,https://img.gamemarket.jp/20260418_023856_%E3%83%A9%E3%82%B9%E3%83%9B%E3%82%99%E3%82%B9_%E3%82%B5%E3%83%A0%E3%83%8D.png,
一般,両日,H018,Hammer Works,https://gamemarket.jp/booth/1060,,,エクスプレス ラン,鉄道経営の醍醐味を、約60分のダイスゲームに凝縮,"¥3,000",3〜5人,60〜分,可,https://forms.gle/6aL5JDXBpECsSSsD9,https://gamemarket.jp/game/189667,,新作,公式サイト,https://img.gamemarket.jp/20261006_205414_ExpressRun_Package_Title_Small.png,
一般,両日,H019,ぴよよ屋さん,https://gamemarket.jp/booth/4546,,,働く！うさぎちゃん『回転ずし編』,アブナイ時事ネタトリックテイキング,"1,000円",4〜4人,15〜30分,情報なし,,https://x.com/pitragola2/status/2104873437433135436,,新作,ボドゲゴー,https://firebasestorage.googleapis.com/v0/b/bodogego.appspot.com/o/images%2F17912673903882a.jpg?alt=media&token=e889ffc3-d82d-4ea0-b7d9-3b4f298a9685,
一般,両日,H019,ぴよよ屋さん,https://gamemarket.jp/booth/4546,,,DEAD AREA,YonTuberになって高評価を稼ごう！,"2,000円",3〜5人,15〜30分,情報なし,,https://gamemarket.jp/game/189391,,新作,ボドゲゴー,https://firebasestorage.googleapis.com/v0/b/bodogego.appspot.com/o/images%2F1791265834897ba.jpg?alt=media&token=edcca9e0-454a-405f-b73c-7c4cfae2e084,
一般,両日,H019,ぴよよ屋さん,https://gamemarket.jp/booth/4546,,,うさぎ幼稚園2,,"2,000円",3〜6人,5〜10分,情報なし,,https://x.com/pitragola2/status/2100854112653095108,,新作,ボドゲゴー,https://firebasestorage.googleapis.com/v0/b/bodogego.appspot.com/o/images%2F179126701872118.jpg?alt=media&token=244f8cc2-007c-489c-a6b8-86d0b848d59c,
一般,両日,H024,GamersFamily.jp,https://gamemarket.jp/booth/4678,,,積み過ぎキャメル (Overloaded Camels),積むほど高得点。積み過ぎると荷崩れ！,"¥2,000",3〜4人,20〜40分,可,https://forms.gle/ihUoSp7qs2qJCFaw7,https://gamemarket.jp/game/189098,,新作,公式サイト,https://img.gamemarket.jp/20260917_134119_01-003-topics012_OverloadedCamels_01.png,
一般,両日,H026,猫招キ社,https://gamemarket.jp/booth/6759,,,封印もののけめくり,子供から大人まで一緒に楽しめるゲーム。封印がとけて逃げ出したもののけを陰陽師役のプレイヤーが中心になって間違い探しで封印します。,"¥2,000",2〜4人,5〜15分,不可,,https://gamemarket.jp/game/189112,,新作,公式サイト,https://img.gamemarket.jp/20260918_075053_%E3%83%96%E3%83%BC%E3%82%B9%E3%82%AB%E3%83%83%E3%83%88.jpg,
一般,両日,H030,OLIN STUDIO,https://gamemarket.jp/booth/3289,,,寿司ホリックDX (SushiHolic Deluxe) ,可愛いデザインで楽しめる寿司作りパーティゲーム,"¥3,000",2〜8人,20〜30分,可,https://forms.gle/v1uGzopTicPvVNQN6,https://gamemarket.jp/game/184462,,,公式サイト,https://img.gamemarket.jp/20241101_145418_SH_main.jpg,
一般,両日,H030,OLIN STUDIO,https://gamemarket.jp/booth/3289,,,エージェントブラック (Agent Black),正体を隠した敵を暴け！スパイテーマの推理ゲーム。,"¥2,500",2〜6人,20〜30分,可,https://forms.gle/TkRWNLLgCBfn8Mao7,https://gamemarket.jp/game/187615,,,公式サイト,https://img.gamemarket.jp/20260402_100846_IMG_10042.JPG,
一般,両日,H032,UNDERDOG GAMES,https://gamemarket.jp/booth/4687,,,出口が多すぎる,ここからは出られない。少なくとも誰か一人が死ぬまでは。,"¥3,000",2〜5人,20〜20分,可,https://forms.gle/b4bKBNfG2fNgoFDt6,https://gamemarket.jp/game/189031,,,公式サイト,https://img.gamemarket.jp/20260912_162534_YTDown.com_YouTube_Media_bdubvHxPUxw_001_1080p.mp4_20260912_154827.755.jpg,
一般,両日,H038,レクP,https://gamemarket.jp/booth/6058,,,パン・オ・バディ！,わなげ、フリスビー、石で水切り これ見分けられる？,"¥2,000",3〜6人,〜15分,不可,,https://gamemarket.jp/game/186598,,,公式サイト,https://img.gamemarket.jp/20260402_102347_%E5%9C%A7%E7%B8%AE%E3%82%A4%E3%83%A1%E3%83%BC%E3%82%B7%E3%82%99%E2%91%A0%20%E3%82%B7%E3%82%99%E3%82%A7%E3%83%AA%E3%82%B3%E3%83%B3%E2%91%A1%E3%83%8F%E3%82%9A%E3%83%B3%E3%83%BB%E3%82%AA%E3%83%BB%E3%83%8F%E3%82%99%E3%83%86%E3%82%99%E3%82%A3%EF%BC%81%EF%BC%88%E7%AC%AC%EF%BC%92%E7%89%88%EF%BC%89%20(1).jpg,
一般,両日,H038,レクP,https://gamemarket.jp/booth/6058,,,パン・オ・ドンナ？,赤ちゃんが喜ぶキャラクターは？,"¥2,000",2〜5人,〜20分,不可,,https://gamemarket.jp/game/186597,,,公式サイト,https://img.gamemarket.jp/20260319_174002_%E5%9C%A7%E7%B8%AEIMG_6649%20(1).jpg,
一般,両日,H043,Up and Up,https://gamemarket.jp/booth/6607,,,3DIGIT スリー・ディジット ,2枚以上の透明カードを組み合わせて、目標となる3つの数字をいち早く完成させるゲームです。,"¥3,000",2〜4人,15〜20分,可,https://forms.gle/NZfWKYgPqmBTia4m8,https://gamemarket.jp/game/189086,,新作,公式サイト,https://img.gamemarket.jp/20260916_143321_3digit%201.jpg,
一般,両日,H043,Up and Up,https://gamemarket.jp/booth/6607,,,ビートルレーシング Beetle Racing,逆転があるから面白い 何度でもやりたくなる 「ビートルレース」,"¥3,000",2〜5人,20〜40分,可,https://forms.gle/NZfWKYgPqmBTia4m8,https://gamemarket.jp/game/189298,,新作,公式サイト,https://img.gamemarket.jp/20260921_230924_KakaoTalk_20260902_002542224_26.jpg,
一般,両日,H043,Up and Up,https://gamemarket.jp/booth/6607,,,3DIGIT スリー・ディジット ,2枚以上の透明カードを組み合わせて、目標となる3つの数字をいち早く完成させるゲームです。,"¥3,000",2〜4人,15〜30分,可,https://forms.gle/NZfWKYgPqmBTia4m8,https://gamemarket.jp/game/189053,,新作,公式サイト,https://img.gamemarket.jp/20260913_234353_3%20DIGIT%20AI2ND.png,
一般,両日,H045,Gold Grain,https://gamemarket.jp/booth/5353,,,BEARS BURST ,クマに遭遇した時の対処法を学べるカードゲーム,"¥2,000",2〜5人,15〜30分,可,https://forms.gle/doF1EYr51zQSstyy9,https://gamemarket.jp/game/188753,,新作,公式サイト,https://img.gamemarket.jp/20260920_112615_%E3%81%AF%E3%81%93.png,
一般,両日,H047,Nakagawa Hands,https://gamemarket.jp/booth/2814,,,CMYK,強いは弱い、弱いは強い,"¥2,000",3〜4人,30〜40分,可,https://docs.google.com/forms/d/e/1FAIpQLSfhy0YOS9_uHdVfRfIEyJtRv_8UBkPE09f5yxL-GmmKQl-tXA/viewform?usp=sharing&amp;ouid=106468165238749647405,https://gamemarket.jp/game/186063,,新作,公式サイト,https://img.gamemarket.jp/20260909_211414_sq_key.png,
一般,両日,H050,如月郵便局,https://gamemarket.jp/booth/6766,,,『邪神招来』,クトゥルフ神話の邪教の教祖となり、素材を供えて邪神を招来せよ！異教徒(他プレイヤー)を妨害し誰よりも早く儀式を完遂せよ！👁️,"¥2,000",2〜6人,30〜60分,可,https://forms.gle/C27i7QoNgpvKfi3T8,https://gamemarket.jp/game/189216,,新作,公式サイト,https://img.gamemarket.jp/20260919_131454_%E7%B8%AE%E5%B0%8F.png,
一般,両日,H050,如月郵便局,https://gamemarket.jp/booth/6766,,,『血糖値スパイク！』,食材カードを集めカロリーを摂取し、至れ！！！ カロリーを摂りすぎると血糖値スパイク？ 爆食系カロリーバトル！,"¥3,000",2〜6人,30〜60分,可,https://forms.gle/C27i7QoNgpvKfi3T8,https://gamemarket.jp/game/189198,,新作,公式サイト,https://img.gamemarket.jp/20260919_005024_1000015566.jpg,
一般,両日,H056,ネロ型ロボット,https://gamemarket.jp/booth/6770,,,内緒の絆ワードを伝えたい,待機時間なし！3人から遊べる暗号伝達ゲーム,"¥2,000",3〜24人,10〜15分,可,https://forms.gle/szaNvsXrM9jbS78p7,https://gamemarket.jp/game/189485,,新作,公式サイト,https://img.gamemarket.jp/20260930_044020_ca551945_v2_cut2_lowpixel.jpg,
一般,両日,H057,コタツせかい,https://gamemarket.jp/booth/5249,,,新版「現代東京建築かるた」,写真と言葉で、東京の建築をあそぶ。,"¥2,500",2〜8人,10〜30分,不可,,https://gamemarket.jp/game/189730,,新作,公式サイト,https://img.gamemarket.jp/20261008_125944_%E3%82%A2%E3%83%BC%E3%83%88%E3%83%9C%E3%83%BC%E3%83%89%208.png,
一般,両日,H062,喰産,https://gamemarket.jp/booth/6774,,,DICE DE CHICKEN RACE デイスデチキンレース,トップは俺だけでいい！運なんざ実力でねじ伏せて邪魔な奴全員押し出してしまえ！,"¥5,000",2〜6人,10〜25分,可,https://forms.gle/BCydPSnHtSE6qzGw9,https://gamemarket.jp/game/189230,,新作,公式サイト,https://img.gamemarket.jp/20260919_233426_%E3%82%B2%E3%83%A0%E3%83%9E2026%E7%A7%8B%E3%83%96%E3%83%BC%E3%82%B9%E3%82%AB%E3%83%83%E3%83%88.png,
一般,両日,H063,Jack in the Board,https://gamemarket.jp/booth/6775,,,魔女協会 COVEN,カードの勝負で順番を奪い合い、見習いを働かせて名声を競う,"¥5,000",4人,40〜60分,不可,,https://gamemarket.jp/game/189588,,新作,公式サイト,https://img.gamemarket.jp/20261004_164304_%E3%82%B2%E3%83%BC%E3%83%A0%E7%94%A8_%E3%82%B5%E3%83%A0%E3%83%8D%E3%82%A4%E3%83%AB.jpg,
一般,両日,H064,ゆこる,https://gamemarket.jp/booth/6776,,,からあげ！ゆこる味,カードをめくってからあげを集めるだけ！でも爆発を引くと集めたからあげを全部失っちゃう！？,"¥1,500",2〜4人,〜10分,不可,,https://gamemarket.jp/game/189499,,新作,公式サイト,https://img.gamemarket.jp/20260930_221206_00%E3%81%8B%E3%82%89%E3%81%82%E3%81%92%E3%83%91%E3%83%83%E3%82%B1%E3%83%BC%E3%82%B8.jpeg,
一般,両日,H068,ヒカリマル製作所,https://gamemarket.jp/booth/5842,,https://x.com/hikarimaru5884,ハクスラ陰陽師,共闘と決闘の、式神エンジンビルド×陰陽師能力バトル。倒した妖を式神に、自分だけの型を組む1〜2人用カードゲーム,"¥1,500",1〜2人,10〜20分,可,https://docs.google.com/forms/d/e/1FAIpQLSe2CXl5HvMq94Kusms5GQjJ1PBE43FMad1PovcnGfESnYYuIg/viewform,https://gamemarket.jp/game/189267,あり,新作,公式サイト,https://img.gamemarket.jp/20260921_214253_hakusura_kv13.jpg,
一般,両日,H068,ヒカリマル製作所,https://gamemarket.jp/booth/5842,,https://x.com/hikarimaru5884,ミステリーアートミュージアム「8つのひまわり」,幻の名画が見れる展示にご招待！本物の美術館のようなリアルなコンポーネントで楽しむ謎解き！,"¥1,000",1〜人,20〜60分,可,https://docs.google.com/forms/d/e/1FAIpQLSdcHzo-etJEuLAcpin9993tGD-wNfzqxAiAtRLnX6FYhCdHVA/viewform,https://gamemarket.jp/game/187318,,,公式サイト,https://img.gamemarket.jp/20251121_011042_MAM.jpg,
一般,両日,H068,ヒカリマル製作所,https://gamemarket.jp/booth/5842,,https://x.com/hikarimaru5884,クロスギャラリー-バッティング&オークション-,9枚の名画を一度に競り落とす、バッティング×オークション,"2,000円",2〜4人,10〜30分,情報なし,,https://gamemarket.jp/game/186734,,,ボドゲゴー,https://storage.googleapis.com/bodogego_public/creator_event/game_market_2026_autumn/game/%E3%83%92%E3%82%AB%E3%83%AA%E3%83%9E%E3%83%AB%E8%A3%BD%E4%BD%9C%E6%89%80_%E3%82%AF%E3%83%AD%E3%82%B9%E3%82%AE%E3%83%A3%E3%83%A9%E3%83%AA%E3%83%BC-%E3%83%90%E3%83%83%E3%83%86%E3%82%A3%E3%83%B3%E3%82%B0&%E3%82%AA%E3%83%BC%E3%82%AF%E3%82%B7%E3%83%A7%E3%83%B3-.jpg,
一般,両日,H068,ヒカリマル製作所,https://gamemarket.jp/booth/5842,,https://x.com/hikarimaru5884,アートコレクター-ブラフ&オークション-,裏向きでしか出品出来ない、手軽に遊べる本格ブラフ×オークションゲームです！,"2,000円",2〜6人,10〜30分,情報なし,,https://gamemarket.jp/game/185864,,,ボドゲゴー,https://storage.googleapis.com/bodogego_public/creator_event/game_market_2025_spring/%E3%83%92%E3%82%AB%E3%83%AA%E3%83%9E%E3%83%AB%E8%A3%BD%E4%BD%9C%E6%89%80_%E3%82%A2%E3%83%BC%E3%83%88%E3%82%B3%E3%83%AC%E3%82%AF%E3%82%BF%E3%83%BC-%E3%83%96%E3%83%A9%E3%83%95&%E3%82%AA%E3%83%BC%E3%82%AF%E3%82%B7%E3%83%A7%E3%83%B3-.png,
一般,両日,H069,恐竜定食,https://gamemarket.jp/booth/5498,,,クラッシュ・コンボ・カンフー！,相手の切り札を見抜き 5カウントの読み合いを制し カードをつなげて華麗なコンボを決め 相手をぶっとばそう！,"¥2,500",2人,15〜20分,可,https://forms.gle/TzS6QNnZHTH8WE4H9,https://gamemarket.jp/game/189551,,,公式サイト,https://img.gamemarket.jp/20261002_182604_key.png,
一般,土曜,H072,たこたこ研究所,https://gamemarket.jp/booth/6243,,,CLAY MONSTERS DUEL,"KNEAD, FLIP, SMASH IT !!!","¥3,000",2〜4人,20〜30分,可,https://docs.google.com/forms/d/e/1FAIpQLSfwyXauqibZHs_ZHGKkZrF3jiK4qhSHjg8feVbTge4isORMBg/viewform?usp=header,https://gamemarket.jp/game/189638,,新作,公式サイト,https://img.gamemarket.jp/20261006_001610_onendo_pkg.jpg,
一般,土曜,H072,たこたこ研究所,https://gamemarket.jp/booth/6243,,,おねんどモンスターズ,こねて、めくって、ぶっつぶせ！！！,"¥3,000",2〜3人,20〜30分,可,https://docs.google.com/forms/d/e/1FAIpQLSfwyXauqibZHs_ZHGKkZrF3jiK4qhSHjg8feVbTge4isORMBg/viewform?usp=header,https://gamemarket.jp/game/189637,,新作,公式サイト,https://img.gamemarket.jp/20261006_000807_onendo_pkg.jpg,
一般,土曜,H072,たこたこ研究所,https://gamemarket.jp/booth/6243,,,おねんどモンスターズ,こねて、めくって、ぶっつぶせ！！！,"¥3,000",2〜4人,20〜30分,可,https://docs.google.com/forms/d/e/1FAIpQLSfwyXauqibZHs_ZHGKkZrF3jiK4qhSHjg8feVbTge4isORMBg/viewform?usp=header,https://gamemarket.jp/game/188740,,新作,公式サイト,https://img.gamemarket.jp/20260808_234929_onendo_web_RGB.jpg,
一般,土曜,H072,たこたこ研究所,https://gamemarket.jp/booth/6243,,,ときめき♡食パンダッシュ,曲がり角に待つのは、恋か、先生か、トラックか———ときめきをかけた真剣勝負！,"¥3,000",3〜6人,30〜40分,可,https://docs.google.com/forms/d/e/1FAIpQLSdkvBZH_7XVM5lineSJYGcBY4nAiFtwk5pH-BTTXlGS28uz1Q/viewform?usp=publish-editor,https://gamemarket.jp/game/187801,,,公式サイト,https://img.gamemarket.jp/20260416_023924_tsd_boothcut_color_RGB_resize.jpg,
一般,土曜,H072,たこたこ研究所,https://gamemarket.jp/booth/6243,,,おなら、こかせていただきます (PLEASE ALLOW ME TO FART.),くだらないけど、意外と伝わる。人類史上初！”おならコミュニケーション”カードゲーム！,"¥2,000",2〜6人,10〜15分,可,https://docs.google.com/forms/d/e/1FAIpQLSfwyXauqibZHs_ZHGKkZrF3jiK4qhSHjg8feVbTge4isORMBg/viewform?usp=header,https://gamemarket.jp/game/186095,,新作,公式サイト,https://img.gamemarket.jp/20251109_103050_20251109_103020_Ogame_boothcut_color.jpg,
一般,土曜,H076,OXtA cube,https://gamemarket.jp/booth/3881,,,Number Magic Cube ナンバーマジックキューブ,よりシンプルに数字をつくるパズルキューブ,"¥1,500",1人,〜2分,不可,,https://gamemarket.jp/game/189251,,新作,公式サイト,https://img.gamemarket.jp/20260920_152027_SQ%2012001200%20Image.jpg,
一般,土曜,H076,OXtA cube,https://gamemarket.jp/booth/3881,,,the ONE - ザ・ワン,「ワードパズル三目ならべ」 シンプルながら奥深い頭脳ゲームです,"¥3,850",2〜3人,10〜60分,可,https://forms.gle/tVbnieTHYHd6te3n8,https://gamemarket.jp/game/182877,,,公式サイト,https://img.gamemarket.jp/20240919_182045_ONE%20-%20Keyvisual%20A%201200-1200.jpg,
一般,土曜,H077,R’s Production,https://gamemarket.jp/booth/4522,,,水溶液推理ゲーム２,あの実験が、バージョンアップして帰ってきた！,"¥2,000",3〜4人,5〜10分,不可,,https://gamemarket.jp/game/188944,,新作,公式サイト,https://img.gamemarket.jp/20260906_223601_%E3%83%96%E3%83%BC%E3%82%B9%E3%82%AB%E3%83%83%E3%83%88.jpg,
一般,土曜,H079,さいなげ,https://gamemarket.jp/booth/2152,,https://x.com/saiwonagenai,イニシャルヒント,頭文字の魔法で答えを導け！,"¥2,000",3〜6人,15〜30分,可,https://forms.gle/bvX1izGs3kxMpDNz8,https://gamemarket.jp/game/188743,,新作,公式サイト,https://img.gamemarket.jp/20260810_095006_catalog_1047_631_1m.jpg,
一般,土曜,H082,seed-time,https://gamemarket.jp/booth/4875,,https://x.com/seed_time_do,Spaceship build（宇宙船建造）,限られた時間と求められる性能。 トラブル、アクシデントを乗り越えて宇宙船を完成させろ。,¥500,2人,15〜30分,不可,,https://gamemarket.jp/game/189558,,新作,公式サイト,https://img.gamemarket.jp/20261002_231816_%E3%83%9C%E3%83%89%E3%82%B2%E3%82%B4%E3%83%BC%E7%94%BB%E5%83%8F_20261017_01.jpg,
一般,土曜,H082,seed-time,https://gamemarket.jp/booth/4875,,https://x.com/seed_time_do,Spaceship rescue（宇宙救助）,惑星で作業中の人たちが事故で取り残された。 宇宙には事故でコントロールを失った衛星が飛び交っている。 その間をすり抜け救出艇で作,¥500,2人,15〜30分,不可,,https://gamemarket.jp/game/189557,,新作,公式サイト,https://img.gamemarket.jp/20261002_230002_%E3%83%9C%E3%83%89%E3%82%B2%E3%82%B4%E3%83%BC%E7%94%BB%E5%83%8F_20261017_02.jpg,
一般,土曜,H082,seed-time,https://gamemarket.jp/booth/4875,,https://x.com/seed_time_do,Spaceship travel（宇宙旅行）,宇宙の必需品、W（ウォーター）ボトルを駆使して五つの星のアトラクションを満喫。宇宙旅行を楽しもう。,¥500,2人,15〜30分,不可,,https://gamemarket.jp/game/189556,,新作,公式サイト,https://img.gamemarket.jp/20261002_224653_%E3%83%9C%E3%83%89%E3%82%B2%E3%82%B4%E3%83%BC%E7%94%BB%E5%83%8F_20261017_03.jpg,
一般,土曜,H082,seed-time,https://gamemarket.jp/booth/4875,,https://x.com/seed_time_do,Submarine Battle（サブマリンバトル）,紙一枚に知の大海の広がりと深海の如き戦略が交差する潜水艦シミュレーションゲーム。,500円,2〜2人,15〜30分,情報なし,,https://seedtime.theshop.jp/items/81266133,,,ボドゲゴー,https://storage.googleapis.com/bodogego_public/creator_event/game_market_2025_spring/seed-time_Submarine%20Battle%EF%BC%88%E3%82%B5%E3%83%96%E3%83%9E%E3%83%AA%E3%83%B3%E3%83%90%E3%83%88%E3%83%AB%EF%BC%89.png,
一般,土曜,H082,seed-time,https://gamemarket.jp/booth/4875,,https://x.com/seed_time_do,DOG FIGHT（ドッグファイト）,一対一の空の死闘。スピードとスリルの体感ゲーム。マッハのスピードを制御し闘え！,500円,2〜2人,15〜30分,情報なし,,https://seedtime.theshop.jp/items/93714948,,,ボドゲゴー,https://storage.googleapis.com/bodogego_public/creator_event/game_market_2025_spring/seed-time_DOG%20FIGHT%EF%BC%88%E3%83%89%E3%83%83%E3%82%B0%E3%83%95%E3%82%A1%E3%82%A4%E3%83%88%EF%BC%89.png,
一般,土曜,H082,seed-time,https://gamemarket.jp/booth/4875,,https://x.com/seed_time_do,Tank Battle（タンクバトル）,大地を駆け砂塵の向こうに勝利をつかめ。戦車の性能と地雷と壁の配置が勝負を決める。,500円,2〜2人,20〜30分,情報なし,,https://seedtime.theshop.jp/items/94036974,,,ボドゲゴー,https://storage.googleapis.com/bodogego_public/creator_event/game_market_2025_spring/seed-time_Tank%20Battle%EF%BC%88%E3%82%BF%E3%83%B3%E3%82%AF%E3%83%90%E3%83%88%E3%83%AB%EF%BC%89.png,
一般,土曜,H082,seed-time,https://gamemarket.jp/booth/4875,,https://x.com/seed_time_do,怪獣戦線（Monster battle front）,倒せ。守れ。協力し利用し怪獣から街を守る怪獣シミュレーション紙ペンゲーム。,500円,1〜2人,15〜30分,情報なし,,https://seedtime.theshop.jp/items/105525819,,,ボドゲゴー,https://storage.googleapis.com/bodogego_public/creator_event/game_market_2025_spring/seed-time_%E6%80%AA%E7%8D%A3%E6%88%A6%E7%B7%9A%EF%BC%88Monster%20battle%20front%EF%BC%89.png,
一般,土曜,H082,seed-time,https://gamemarket.jp/booth/4875,,https://x.com/seed_time_do,怪獣決戦（Monster decisive battle）,三種の武器を駆使し四つ首龍を倒せ。攻撃は防がれ熱線に衝撃波が四方へと放たれる。,500円,2〜2人,15〜30分,情報なし,,https://twitter.com/@seed_time_do,,,ボドゲゴー,https://storage.googleapis.com/bodogego_public/creator_event/game_market_2026_autumn/game/seed-time_%E6%80%AA%E7%8D%A3%E6%B1%BA%E6%88%A6%EF%BC%88Monster_decisive_battle%EF%BC%89.jpg,
一般,土曜,H083,霜月文庫,https://gamemarket.jp/booth/3972,,https://x.com/ShimotsukiBunko,タチノキ群島,この島は、開発するには狭すぎる！,"¥2,000",2〜4人,30〜30分,可,https://forms.gle/7cgp8u5tfd9YksaS6,https://gamemarket.jp/game/185132,,,公式サイト,https://img.gamemarket.jp/20250406_203146_top_fix.png,
一般,土曜,H083,霜月文庫,https://gamemarket.jp/booth/3972,,https://x.com/ShimotsukiBunko,ワケアリパーティ,頼れる仲間の目的は？,"¥3,000",3〜4人,30〜60分,可,https://forms.gle/7cgp8u5tfd9YksaS6,https://gamemarket.jp/game/189034,,新作,公式サイト,https://img.gamemarket.jp/20260912_190955_%E3%82%B9%E3%83%A9%E3%82%A4%E3%83%892.PNG,
一般,土曜,H085,バンビーゲームズ＆おるー,https://gamemarket.jp/booth/3828,,,Paranormal(パラノーマル）,世界にまき散らされた厄災を調べるべく、我々オカルト同好会は情報を持ち寄った・・・,"¥2,500",3〜5人,10〜20分,不可,,https://gamemarket.jp/game/189388,,新作,公式サイト,https://img.gamemarket.jp/20260926_150442_HSG3BzjakAEiLhd.jpe,
一般,土曜,H088,KIKI AWESOME STUDIO,https://gamemarket.jp/booth/6872,,,オコスナ,はたしてこれは、協力ゲーなのか？,"¥2,500",2〜5人,10〜15分,可,https://docs.google.com/forms/d/e/1FAIpQLSe3jqd5q9MTkrCsaBhwahFkzT4XkXcGBla6qcW7LZ5Oq0F6Ww/viewform?usp=header,https://gamemarket.jp/game/188994,,新作,公式サイト,https://img.gamemarket.jp/20260911_091829_HL0yOG6aYAAtxoo.jpg,
一般,土曜,H088,KIKI AWESOME STUDIO,https://gamemarket.jp/booth/6872,,,パラドックスダービー,バレないように、ビリをめざせ,"¥2,000",2〜3人,15〜20分,可,https://docs.google.com/forms/d/e/1FAIpQLSe3jqd5q9MTkrCsaBhwahFkzT4XkXcGBla6qcW7LZ5Oq0F6Ww/viewform?usp=header,https://gamemarket.jp/game/188990,,新作,公式サイト,https://img.gamemarket.jp/20260910_232242_paradox-derby-box-front.png,
一般,土曜,H089,Polygonotes,https://gamemarket.jp/booth/2173,,https://x.com/polygonotes,魔族の盟約,デッキの「強化」とカードの「進化」で 目指せ最強の魔王軍！ ,"3,000円",2〜4人,30〜45分,情報なし,,https://gamemarket.jp/game/188846,,新作,ボドゲゴー,https://storage.googleapis.com/bodogego_public/creator_event/game_market_2026_autumn/game/H089_%E9%AD%94%E6%97%8F%E3%81%AE%E7%9B%9F%E7%B4%84.jpg,
一般,土曜,H091,TOMATO-KETCHUP GAMES,https://gamemarket.jp/booth/6272,,,Noble (ノーブル),価値を読み、地位を争う物語,"¥1,000",2〜4人,10〜20分,可,https://docs.google.com/forms/d/e/1FAIpQLSd0j68HpKYnkL4BaAmIjw8h-UvOv8qIIruwtEMPM2Ft8ex_FQ/viewform,https://gamemarket.jp/game/188777,,新作,公式サイト,https://img.gamemarket.jp/20260820_215455_Noble(%E3%83%8E%E3%83%BC%E3%83%96%E3%83%AB)%E5%91%8A%E7%9F%A5%E7%94%BB%E5%83%8F.jpg,
一般,土曜,H091,TOMATO-KETCHUP GAMES,https://gamemarket.jp/booth/6272,,,PROPHET（プロフェット）,心理戦と駆け引きの潰し合い,"¥3,000",2〜4人,20〜30分,可,https://docs.google.com/forms/d/e/1FAIpQLSd0j68HpKYnkL4BaAmIjw8h-UvOv8qIIruwtEMPM2Ft8ex_FQ/viewform,https://gamemarket.jp/game/186083,,,公式サイト,https://img.gamemarket.jp/20260424_000618_%E3%82%B2%E3%83%A0%E3%83%9E%E3%83%9A%E3%83%BC%E3%82%B8%E3%83%88%E3%83%83%E3%83%97%E7%94%BB%E5%83%8F.jpg,
一般,土曜,H092,楠本舗,https://gamemarket.jp/booth/1167,,,ガチャポーカー,“課金”できるポーカー!?,"¥2,000",2〜4人,15〜25分,可,https://docs.google.com/forms/d/e/1FAIpQLSdJHnnaM9zt8A2bFi_KWeEp-eG7DqwikVfhQV2qvw8-y494Rw/viewform,https://gamemarket.jp/game/188739,,新作,公式サイト,https://img.gamemarket.jp/20260808_183515_%E3%82%AC%E3%83%81%E3%83%A3%E5%AE%A3%E4%BC%9Da07.jpg,
一般,土曜,H092,楠本舗,https://gamemarket.jp/booth/1167,,,Gacha Poker,"A Poker Game with ""Microtransactions""!?","¥2,000",2〜4人,15〜25分,不可,,https://gamemarket.jp/game/189570,,新作,公式サイト,https://img.gamemarket.jp/20261003_220243_1000012157.jpg,
一般,土曜,H093,MEBAE LABEL,https://gamemarket.jp/booth/6873,,,爆熱おでん乱舞,おでんを煮込んで食べるまでをゲームにしました！シンプルルールで子供から大人まで、家族で遊べるボードゲームです！,"¥3,000",2〜6人,15〜30分,可,https://forms.gle/5wJvDQYr46orSsjNA,https://gamemarket.jp/game/189349,,新作,公式サイト,https://img.gamemarket.jp/20260925_002400_Oden_CF_Banner_Hwader_01_reduction.png,
一般,土曜,H094,シロゲーム,https://gamemarket.jp/booth/4697,,,STARE,リアクションの連鎖！,"¥2,000",2〜4人,30〜60分,不可,,https://gamemarket.jp/game/189633,,新作,公式サイト,https://img.gamemarket.jp/20261005_222613_moji%20%E3%81%AE%E3%82%B3%E3%83%94%E3%83%BC.jpg,
一般,土曜,H095,シャオキッズ,https://gamemarket.jp/booth/2808,,https://x.com/shaotkidzu,付与魔戦線ふよふよ Fuyo-Fuyo,つなげて、消して、邪魔を付与！,"¥2,500",2〜4人,15〜15分,不可,,https://gamemarket.jp/game/188728,あり,新作,公式サイト,https://img.gamemarket.jp/20260730_222655_%E4%BB%98%E4%B8%8E%E3%82%B2%E3%83%A0%E3%83%9E%E3%82%AB%E3%82%BF%E3%83%AD%E3%82%B0%E5%AE%A3%E4%BC%9D%E7%94%A8.png,
一般,土曜,H098,夜騎士Lin.K,https://gamemarket.jp/booth/5094,,https://x.com/ZILLADE_B4W,ZILLADE -Beat for Winning-,対戦格闘カードゲーム,"3,000円",1〜2人,10〜30分,情報なし,,,あり,,ボドゲゴー,https://firebasestorage.googleapis.com/v0/b/bodogego.appspot.com/o/images%2Fimage_cropper_F9C25D1B-7D59-4A91-8641-7004EC44DCCE-18764-000002CAD2FE314C.jpg1730562470090.jpg1730562470128?alt=media&token=851c6a81-fe24-4b67-b79f-8d48efdc652f,
一般,土曜,H099,Vic Village,https://gamemarket.jp/booth/3692,,https://x.com/Vic_Village5,Chatlat（シャトラ）,勝ってショコラ、負けてカップを獲得！カードの強さが毎トリック変わるトリックテイキングゲーム！,"¥2,500",3〜4人,30〜40分,可,https://forms.gle/e8CDsaDV2DjJX5EZ6,https://gamemarket.jp/game/189258,,,公式サイト,https://img.gamemarket.jp/20260924_021111_Chatlat_boximage.png,
一般,土曜,H099,Vic Village,https://gamemarket.jp/booth/3692,,https://x.com/Vic_Village5,Catte（キャッテ）,魅惑のコーヒーを優雅に獲得しよう！バーストありのトリックテイキングゲーム！,2円,3〜4人,20〜30分,情報なし,,https://gamemarket.jp/game/186229,,,ボドゲゴー,https://storage.googleapis.com/bodogego_public/creator_event/game_market_2025_autumn/game/Vic%20Village_Catte%EF%BC%88%E3%82%AD%E3%83%A3%E3%83%83%E3%83%86%EF%BC%89.png,
一般,土曜,H099,Vic Village,https://gamemarket.jp/booth/3692,,https://x.com/Vic_Village5,Fine Line,おいしい料理を食べたり控えたり消化したり！ちょうど良いラインを目指したいトリックテイキング！,2円,3〜4人,20〜30分,情報なし,,https://gamemarket.jp/booth/3692,,,ボドゲゴー,https://storage.googleapis.com/bodogego_public/creator_event/game_market_2025_spring/Vic%20Village_Fine%20Line.png,
一般,土曜,H100,をしだや,https://gamemarket.jp/booth/1211,,,ババヌキングダム（English manual is available.）,前代未聞のババヌキ国造りゲーム！人材を集めて国（手札）を作ってババヌキだ！,"¥1,000",2〜5人,10〜20分,可,https://docs.google.com/forms/d/e/1FAIpQLSf3MlkV1be5OLjQnhp-GO4bEJwGeIOmwgGWsUCI1ver2dlhpQ/viewform?usp=sharing&amp;ouid=118247861831948357138,https://gamemarket.jp/game/188772,,新作,公式サイト,https://img.gamemarket.jp/20260819_123319_%E3%82%B2%E3%83%A0%E3%83%9E%E3%82%AB%E3%82%BF%E3%83%AD%E3%82%B0web%E7%94%A8.png,
一般,土曜,H101,アゲピテック,https://gamemarket.jp/booth/2958,,,談合アウト（※ニチ個人作品）,手札が多い人がリードになるゴーアウト。同数なら入札だ!! 談合あり裏切りありの腹黒バトル,"¥1,500",3〜5人,30〜45分,不可,,https://gamemarket.jp/game/189719,,新作,公式サイト,https://img.gamemarket.jp/20261007_231538_%E6%A8%AA%E3%83%AD%E3%82%B4.png,
一般,土曜,H101,アゲピテック,https://gamemarket.jp/booth/2958,,,ハジの多い生涯を送って来ました（※ニチ個人作品）,ハジを取っていこう,"¥1,500",3〜5人,15〜30分,不可,,https://gamemarket.jp/game/187378,,,公式サイト,https://img.gamemarket.jp/20251129_221019_G0D-e9GagAAmqTp.jpg,
一般,土曜,H101,アゲピテック,https://gamemarket.jp/booth/2958,,,プログラム言語神経衰弱＋＋,プログラマやITエンジニアなら必ず盛り上がるカードゲーム！,"¥1,500",2〜6人,15〜30分,不可,,https://gamemarket.jp/game/178984,,,公式サイト,https://img.gamemarket.jp/20240815_191234_20220222080720.JPEG,
一般,土曜,H102,まどらーゲームス,https://gamemarket.jp/booth/4611,,,鉄道カルタ 千葉編,千葉のためのお勉強ゲーム,"¥1,500",4〜7人,10〜15分,可,https://gamemarket.jp/game/189108,https://gamemarket.jp/game/189108,,新作,公式サイト,https://img.gamemarket.jp/20260917_222141_%E9%89%84%E9%81%93%E3%82%AB%E3%83%AB%E3%82%BF%20%E5%8D%83%E8%91%89%E7%B7%A8.PNG,
一般,土曜,H102,まどらーゲームス,https://gamemarket.jp/booth/4611,,,鉄道カルタ 奈良編,奈良のためのお勉強ゲーム,¥800,4〜7人,10〜15分,可,https://gamemarket.jp/game/189107,https://gamemarket.jp/game/189107,,新作,公式サイト,https://img.gamemarket.jp/20260917_220627_%E9%89%84%E9%81%93%E3%82%AB%E3%83%AB%E3%82%BF%20%E5%A5%88%E8%89%AF%E7%B7%A8.PNG,
一般,土曜,H103,ワンモアゲーム！,https://gamemarket.jp/booth/1279,,,Break The Heart!,,"¥1,000",3〜4人,15〜30分,不可,,https://gamemarket.jp/game/189420,,新作,公式サイト,https://img.gamemarket.jp/20261003_132011_box-image.png,
一般,土曜,H104,デコクトデザイン,https://gamemarket.jp/booth/2182,,,かぶらない うらないし,予想して かぶらないカードを選ぼう,"¥1,500",3〜5人,10〜20分,可,https://forms.gle/xN4RTzuFwGixWftv6,https://gamemarket.jp/game/189705,,新作,公式サイト,https://img.gamemarket.jp/20261007_173625_%E3%81%8B%E3%81%B5%E3%82%99%E3%82%89%E3%81%AA%E3%81%84%E3%81%86%E3%82%89%E3%81%AA%E3%81%84%E3%81%97-%E3%81%AE%E3%82%B3%E3%83%92%E3%82%9A%E3%83%BC.jpg,
一般,土曜,H104,デコクトデザイン,https://gamemarket.jp/booth/2182,,,もじめに,3文字目に「き」が付く単語は？,"¥1,500",2〜9人,10〜15分,可,https://forms.gle/xN4RTzuFwGixWftv6,https://gamemarket.jp/game/189704,,新作,公式サイト,https://img.gamemarket.jp/20261007_171802_mojimeni.jpg,
一般,土曜,H104,デコクトデザイン,https://gamemarket.jp/booth/2182,,,題名取札Ｚカルタム,「機動戦士」がよまれたら「ガンダム」をとるカルタ第2弾です,"¥1,500",3〜人,15〜20分,可,https://forms.gle/xN4RTzuFwGixWftv6,https://gamemarket.jp/game/189703,,新作,公式サイト,https://img.gamemarket.jp/20261007_171211_karutamuZ.jpg,
一般,土曜,H104,デコクトデザイン,https://gamemarket.jp/booth/2182,,,題名取札カルタム,「機動戦士」がよまれたら「ガンダム」をとるカルタです,"¥1,500",3〜人,15〜20分,可,https://forms.gle/xN4RTzuFwGixWftv6,https://gamemarket.jp/game/189702,,新作,公式サイト,https://img.gamemarket.jp/20261007_170825_karutamu.jpg,
一般,土曜,H105,楠Games,https://gamemarket.jp/booth/4514,,,とおりゃんせ,〜寄り道から始まる、ふたりの怪奇譚。〜,"¥2,600",2人,5〜10分,可,https://forms.gle/pK8eB6s4Y3ZARuCMA,https://gamemarket.jp/game/188788,,,公式サイト,https://img.gamemarket.jp/20260823_195837_toryanse_GMHP.jpg,
一般,土曜,H107,しえすた文具 × Be Catchy Games,https://gamemarket.jp/booth/2700,,,ボードゲーマー／読書家じゃないかもしれない,読書好きボードゲーマー達による、ボードゲーム×文芸ZINE！,"¥1,000",人,〜分,可,https://docs.google.com/forms/d/e/1FAIpQLScdZ_MyxofVG6Emzkk7SPAcBfvNiiPZpxivMo5lGk6l3jg06g/viewform,https://gamemarket.jp/game/189330,,新作,公式サイト,https://img.gamemarket.jp/20260923_001614_%E5%91%B3%E3%82%AD%E3%83%A3%E3%83%81%E5%AE%A3%E4%BC%9D1.png,
一般,土曜,H107,しえすた文具 × Be Catchy Games,https://gamemarket.jp/booth/2700,,,ミライ来たっぽい,公的機関等による「未来予測」を早い順に並べる、協力型トークゲーム！,"¥1,000",2〜6人,10〜10分,可,https://docs.google.com/forms/d/e/1FAIpQLScdZ_MyxofVG6Emzkk7SPAcBfvNiiPZpxivMo5lGk6l3jg06g/viewform,https://gamemarket.jp/game/189328,,新作,公式サイト,https://img.gamemarket.jp/20260922_225713_%E3%83%9F%E3%83%A9%E3%82%A4%E6%9D%A5%E3%81%9F%E3%81%A3%E3%81%BD%E3%81%84%E5%91%8A%E7%9F%A5-100.jpg,
一般,土曜,H109,井上 磨,https://gamemarket.jp/booth/6437,,,キャンディトピア,瓶からキャンディをちょうど良い数ふり出し、先にマジョリティで一番になった人が勝利。ちょっとの正体隠匿要素もあります。,"¥2,500",2〜4人,15〜分,不可,,https://gamemarket.jp/game/189302,,,公式サイト,https://img.gamemarket.jp/20260922_164549_%E3%82%B1%E3%82%99%E3%83%A0%E3%83%9E%E3%82%B5%E3%82%A4%E3%83%88%E7%94%A8%E3%82%B5%E3%83%BC%E3%82%AF%E3%83%AB%E3%82%AB%E3%83%83%E3%83%88.jpg,
一般,土曜,H111,CONBU Games,https://gamemarket.jp/booth/6601,,,Janga,カードを喰らって、生き残れ。,"¥1,000",3〜4人,20〜30分,可,https://forms.gle/pDdDeMeturyZWYEm9,https://gamemarket.jp/game/189335,,新作,公式サイト,https://img.gamemarket.jp/20260929_010435_Janga_thum.jpg,
一般,土曜,J001,Tohf工房,https://gamemarket.jp/booth/6875,,,ルールコーディネーター,ルールを変えるカードゲーム,"¥2,000",2〜6人,15〜45分,可,https://forms.cloud.microsoft/r/PY4XpXG6cz,https://gamemarket.jp/game/189418,,新作,公式サイト,https://img.gamemarket.jp/20260927_182607_%E3%83%9D%E3%82%B9%E3%83%88%E5%BA%83%E5%91%8A_%E3%83%AB%E3%83%BC%E3%83%AB%E3%82%B3%E3%83%BC%E3%83%87%E3%82%A3%E3%83%8D%E3%83%BC%E3%82%BF%E3%83%BC.jpg,
一般,土曜,J002,モグワイ＆HOYGAMES,https://gamemarket.jp/booth/1280,,,グッドファーマー,豆はいい物です（I believe in Beans）,"¥2,500",3〜4人,30〜45分,可,https://docs.google.com/forms/d/e/1FAIpQLSduAFUx9O8ARkFPujKwyxUJsUY9rQtpRdC7ZkTFv28V3jUJtg/viewform,https://gamemarket.jp/game/189057,,新作,公式サイト,https://img.gamemarket.jp/20260914_132956_%E3%82%B2%E3%83%A0%E3%83%9E%E3%83%96%E3%83%AD%E3%82%B0%E7%94%A8.png,
一般,土曜,J003,ましろ屋,https://gamemarket.jp/booth/6436,,,スマートクッキーボックス,サクッと遊べる！クッキー缶作成ゲーム,"¥2,500",2〜4人,20〜30分,可,https://docs.google.com/forms/d/e/1FAIpQLSfprq16_N-y-371KrFG4goCL6_Ae2CbqEnmHgUgyJ5bGiNnaQ/viewform?usp=publish-editor,https://gamemarket.jp/game/188954,,新作,公式サイト,https://img.gamemarket.jp/20260908_014132_%E3%83%96%E3%83%BC%E3%82%B9%E3%82%AB%E3%83%83%E3%83%88.jpg,
一般,土曜,J007,ドンの遊び場,https://gamemarket.jp/booth/6876,,,THink。,考える、並べる、邪魔をする！,"¥2,500",4〜6人,15〜20分,不可,,https://gamemarket.jp/game/188862,,新作,公式サイト,https://img.gamemarket.jp/20260901_124655_%E7%AE%B1%E8%A1%A8.png,
一般,土曜,J007,ドンの遊び場,https://gamemarket.jp/booth/6876,,,メンヘラエスケープ,逃げ切るか追いつくか、非対称型読み合い対戦ゲーム！,"¥2,500",2人,5〜10分,不可,,https://gamemarket.jp/game/188861,,,公式サイト,https://img.gamemarket.jp/20260901_123611_%E3%82%B5%E3%83%A0%E3%83%8D%E7%94%A8_2.png,
一般,土曜,J007,ドンの遊び場,https://gamemarket.jp/booth/6876,,,大人の御ちんちろ,漢字により叫べる幅が広がったけどあくまであれを叫びたいだけのバカゲー！,"¥1,000",2〜人,5〜分,不可,,https://gamemarket.jp/game/188860,,,公式サイト,https://img.gamemarket.jp/20260901_123127_%E3%83%80%E3%82%A4%E3%82%B9%E3%81%AE%E3%81%BF.jpg,
一般,土曜,J007,ドンの遊び場,https://gamemarket.jp/booth/6876,,,御ちんちろ,言葉が揃ったら叫ぶだけのバカゲー！,"¥1,000",2〜人,5〜分,不可,,https://gamemarket.jp/game/188859,,,公式サイト,https://img.gamemarket.jp/20260901_122736_%E4%BA%8C%E7%89%88_%E3%83%80%E3%82%A4%E3%82%B9%E3%81%AE%E3%81%BF_2.jpg,
一般,土曜,J007,ドンの遊び場,https://gamemarket.jp/booth/6876,,,トリックアンドトリートテイキング,手札が増減するタイプのマストフォローのトリテ！？,"¥2,500",3〜5人,20〜30分,不可,,https://gamemarket.jp/game/188858,,,公式サイト,https://img.gamemarket.jp/20260901_122157_omote_sample.png,
一般,土曜,J007,ドンの遊び場,https://gamemarket.jp/booth/6876,,,ガレット・デス・ロワイヤル,読みと運と度胸の指輪探し！,"¥2,000",2〜4人,10〜30分,不可,,https://gamemarket.jp/game/188857,,,公式サイト,https://img.gamemarket.jp/20260901_121145_%E7%AE%B1%E8%A1%A8.png,
一般,土曜,J008,盤上のヒストリー,https://gamemarket.jp/booth/5063,,https://x.com/historyonboard,魔女ボド！～メモリーオブニイル～,魔女たちの個性(スキル)に助けられ、振り回され？ミッションクリアを目指す1人用ゲーム！,"¥1,000",1人,15〜30分,可,https://forms.gle/okwREP91YEexFJH37,https://gamemarket.jp/game/188785,あり,新作,公式サイト,https://img.gamemarket.jp/20260821_204705_%E3%83%91%E3%83%83%E3%82%B1%E3%83%BC%E3%82%B82.jpg,
一般,土曜,J008,盤上のヒストリー,https://gamemarket.jp/booth/5063,,https://x.com/historyonboard,魔女ボド！～調合室大爆発～,アクション同時公開×ビンゴで狙え大量得点！色と並びと順番で相手の手を読み合うハチャメチャバトル！,"¥2,500",2〜4人,30〜45分,可,https://forms.gle/okwREP91YEexFJH37,https://gamemarket.jp/game/183645,あり,,公式サイト,https://img.gamemarket.jp/20240810_204748_%E3%82%BF%E3%83%9A%E3%82%B9%E3%83%88%E3%83%AA%E3%83%BC%E3%82%B2%E3%83%A0%E3%83%9EHP%E7%94%A8.jpg,
一般,土曜,J008,盤上のヒストリー,https://gamemarket.jp/booth/5063,,https://x.com/historyonboard,魔女ボド！～牛追い大実験～,右曲がり、左曲がり、突き飛ばし…。魔法で牛の進路を操作して、自陣ゴールに追い込もう！,"¥1,500",2人,45〜60分,可,https://docs.google.com/forms/d/e/1FAIpQLSdTjDPoNgRwAh58bFNekya6GvrUy96R78whc1BfC3GsYZ4eMg/viewform?usp=sharing&amp;ouid=110652516987287429807,https://gamemarket.jp/game/181668,あり,,公式サイト,https://img.gamemarket.jp/20260925_205908_cf%E3%83%88%E3%83%83%E3%83%97%E6%A1%882.jpg,
一般,土曜,J009,ウサギンガわーくす,https://gamemarket.jp/booth/5885,,https://x.com/shi0n_krbn,魔女見習いのカプリチオ,仁義なき魔王シバきRTAがここに始まる……！！,"2,500円",2〜4人,15〜30分,情報なし,,https://shi0n.booth.pm/items/7604018,,,ボドゲゴー,https://storage.googleapis.com/bodogego_public/creator_event/game_market_2025_autumn/game/%E3%82%A6%E3%82%B5%E3%82%AE%E3%83%B3%E3%82%AC%E3%82%8F%E3%83%BC%E3%81%8F%E3%81%99_%E9%AD%94%E5%A5%B3%E8%A6%8B%E7%BF%92%E3%81%84%E3%81%AE%E3%82%AB%E3%83%97%E3%83%AA%E3%83%81%E3%82%AA.png,
一般,土曜,J009,ウサギンガわーくす,https://gamemarket.jp/booth/5885,,https://x.com/shi0n_krbn,魔女見習いのオペラ,最短10秒⁉︎将棋×妨害の新感覚ゲーム！,"2,500円",2〜2人,1〜20分,情報なし,,https://shi0n.booth.pm/items/6946057,,,ボドゲゴー,https://storage.googleapis.com/bodogego_public/creator_event/game_market_2025_autumn/game/%E3%82%A6%E3%82%B5%E3%82%AE%E3%83%B3%E3%82%AC%E3%82%8F%E3%83%BC%E3%81%8F%E3%81%99_%E9%AD%94%E5%A5%B3%E8%A6%8B%E7%BF%92%E3%81%84%E3%81%AE%E3%82%AA%E3%83%9A%E3%83%A9.png,
一般,土曜,J009,ウサギンガわーくす,https://gamemarket.jp/booth/5885,,https://x.com/shi0n_krbn,メスガキトリックテイキング,0のカードであえて敗北！？巧みに『ざこ』を回避して『つよつよ』を目指す、ありそうでなかったメスガキ型トリテ！！,"2,500円",3〜5人,15〜30分,情報なし,,https://x.com/shi0n_krbn/status/2045064018885570593,,,ボドゲゴー,https://storage.googleapis.com/bodogego_public/creator_event/game_market_2026_spring/game/%E3%82%A6%E3%82%B5%E3%82%AE%E3%83%B3%E3%82%AC%E3%82%8F%E3%83%BC%E3%81%8F%E3%81%99_%E3%83%A1%E3%82%B9%E3%82%AC%E3%82%AD%E3%83%88%E3%83%AA%E3%83%83%E3%82%AF%E3%83%86%E3%82%A4%E3%82%AD%E3%83%B3%E3%82%B0.jpg,
一般,土曜,J011,ベッティP（初星）,https://gamemarket.jp/booth/6319,,,学園コンテストマスター 第1拡張「N.I.A編」,アイドルが成長するカード配置系ゲーム「学園コンテストマスター」の第1拡張、遊ぶには「学園コンテストマスター」本体が必要です,"¥1,500",2〜3人,30〜50分,可,https://docs.google.com/forms/d/e/1FAIpQLScDczyUgIzqq135aNXYu9donO5OMwBumQBWnBa2SgooZvR_8Q/viewform?usp=publish-editor,https://gamemarket.jp/game/189411,,新作,公式サイト,https://img.gamemarket.jp/20260927_075042_%E3%82%AB%E3%83%90%E3%83%BC%E3%82%A4%E3%83%A9%E3%82%B9%E3%83%88_%E3%82%B5%E3%83%A0%E3%83%8D%E7%94%A8.png,
一般,土曜,J011,ベッティP（初星）,https://gamemarket.jp/booth/6319,,,学園コンテストマスター,アイドルが成長するカード配置系ゲーム,"¥2,500",2〜3人,30〜45分,可,https://docs.google.com/forms/d/e/1FAIpQLScDczyUgIzqq135aNXYu9donO5OMwBumQBWnBa2SgooZvR_8Q/viewform?usp=publish-editor,https://gamemarket.jp/game/187280,,,公式サイト,https://img.gamemarket.jp/20251119_210221_IMG_7787.jpg,
一般,土曜,J013,ボードゲーム研究所カクレガ,https://gamemarket.jp/booth/5935,,,Wonder Clad,,"5,000円",2〜4人,45〜60分,情報なし,,,,新作,ボドゲゴー,https://firebasestorage.googleapis.com/v0/b/bodogego.appspot.com/o/images%2F1790647561643f9.jpg?alt=media&token=25505745-d4b2-4d85-9900-f794c4b9d28c,
一般,土曜,J014,AMaRo Project.,https://gamemarket.jp/booth/2521,,,サモンズコール 第11弾 拡張セット 2026Autumn,,"¥1,000",2人,15〜30分,可,https://forms.gle/pp6EpkEiZFjXJJWk9,https://gamemarket.jp/game/189341,,新作,公式サイト,https://img.gamemarket.jp/20260923_173106_%E3%82%B5%E3%83%A2%E3%83%B3%E3%82%BA%E3%82%B3%E3%83%BC%E3%83%AB_%E3%83%AD%E3%82%B4.jpg,
一般,土曜,J014,AMaRo Project.,https://gamemarket.jp/booth/2521,,,星空を望む少女達の夜明け 拡張セット第6弾 - 光照らす聖女と闇招く神官 -,,¥500,2〜4人,45〜60分,可,https://forms.gle/Bjn75eo6TdBxKSC18,https://gamemarket.jp/game/189340,,新作,公式サイト,https://img.gamemarket.jp/20260923_172532_%E3%82%BF%E3%82%A4%E3%83%88%E3%83%AB%E6%8B%A1%E5%BC%B56_%E8%83%8C%E6%99%AF%E7%99%BD%E4%BD%99%E7%99%BD%E3%81%AA%E3%81%97.png,
一般,土曜,J015,reici toybox,https://gamemarket.jp/booth/5848,,,Tear fall,落ちた涙が運命を変える-マイクロタクティカルカードゲーム,"¥2,000",2〜4人,10〜15分,不可,,https://gamemarket.jp/game/188748,,新作,公式サイト,https://img.gamemarket.jp/20261007_230927_TearFall.jpg,
一般,土曜,J015,reici toybox,https://gamemarket.jp/booth/5848,,,GRID RUNNER ,ゴールはない。生き残れ。,"2,000円",2〜4人,10〜20分,情報なし,,https://gamemarket.jp/game/188747,,新作,ボドゲゴー,https://firebasestorage.googleapis.com/v0/b/bodogego.appspot.com/o/images%2F1790256327309b3.jpg?alt=media&token=8254a98c-6b87-4b91-b166-8348b974e6c2,
一般,土曜,J016,SHUNROID,https://gamemarket.jp/booth/2275,,https://x.com/shunroid,トリメモリ,唐揚げとフライドチキン、どっちが多い？言葉の並びで数え方が変わる、早出し記憶ゲーム,"¥1,500",2〜5人,10〜15分,可,https://docs.google.com/forms/d/e/1FAIpQLSf_tNYVz1BJ1660S1el4qLo0xAglv4JGDc1ZMYZdGUD8gNWfA/viewform,https://gamemarket.jp/game/187630,あり,,公式サイト,https://img.gamemarket.jp/20260405_133108_torimemori_kouhouyou.jpg,
一般,土曜,J016,SHUNROID,https://gamemarket.jp/booth/2275,,https://x.com/shunroid,ドンガエシ,その手札、本当に勝てるかな？,"¥1,500",2〜5人,10〜15分,不可,,https://gamemarket.jp/game/183895,あり,,公式サイト,https://img.gamemarket.jp/20240929_221849_x_senden_16_9.jpg,
一般,土曜,J017,浄卓戦線,https://gamemarket.jp/booth/6877,,,撰銭令,西暦20XX年 世界経済は崩壊し、偽札が多数出回るようになった……だが人々の欲望は絶えてはいなかった,"¥2,000",4〜6人,20〜分,不可,,https://gamemarket.jp/game/189291,,新作,公式サイト,https://img.gamemarket.jp/20260921_204156_thumbnail.png,
一般,土曜,J018,イリクンデ,https://gamemarket.jp/booth/1251,,,ハワイﾚッツゴー,登場人物の１人となって協力して生き抜け！,"¥2,000",3〜6人,10〜20分,不可,,https://gamemarket.jp/game/189220,,新作,公式サイト,https://img.gamemarket.jp/20261004_141151_hawaii.png,
一般,土曜,J019,かぁこんず,https://gamemarket.jp/booth/6179,,,お気楽ですゲームcoffee cup,とってもお気楽、デスゲーム入門編。,"¥2,000",3〜8人,15〜45分,可,https://forms.gle/QGdFNP3ynFkSsFze9,https://gamemarket.jp/game/189033,,新作,公式サイト,https://img.gamemarket.jp/20260912_214811_%E3%83%88%E3%83%83%E3%83%97%E7%94%BB.jpg,
一般,土曜,J019,かぁこんず,https://gamemarket.jp/booth/6179,,,いるかね？ばうわうアミーチ,犬目線になって あの手この手で 友達作り！,"¥3,500",2人,45〜70分,可,https://forms.gle/9EsNnSj3tNMaxgoD9,https://gamemarket.jp/game/189062,,新作,公式サイト,https://img.gamemarket.jp/20260914_211150_IMG_1143.png,
一般,土曜,J019,かぁこんず,https://gamemarket.jp/booth/6179,,,コマロボArrival,あの頃の熱が、その手に到着する。,"¥2,000",2人,1〜5分,可,https://forms.gle/QGdFNP3ynFkSsFze9,https://gamemarket.jp/game/189037,,新作,公式サイト,https://img.gamemarket.jp/20260919_000627_%E3%83%88%E3%83%83%E3%83%97%E7%94%BB%EF%BC%92.jpg,
一般,土曜,J020,劇団Question,https://gamemarket.jp/booth/6255,,,シュレディンガーの猫系彼女,観測せよ、彼女の本心を。,"¥2,000",2〜4人,10〜20分,可,https://forms.gle/mZzx9tpR8E5P3ttc9,https://gamemarket.jp/game/186294,,,公式サイト,https://img.gamemarket.jp/20251011_130457_banner2.png,
一般,土曜,J020,劇団Question,https://gamemarket.jp/booth/6255,,,シュレディンガー・デュエル,観測されるまで、定まらない。生死も、勝敗も。,"¥1,500",2人,10〜15分,可,https://forms.gle/PRnm1yYqx8Lsqmw47,https://gamemarket.jp/game/188608,,,公式サイト,https://img.gamemarket.jp/20260519_115047_X%E6%8A%95%E7%A8%BF%E7%94%A8.jpg,
一般,土曜,J021,with Board,https://gamemarket.jp/booth/6878,,,すごろく革命,1本のはしごがすごろくの体験を、概念を、革命する！,"¥1,000",2〜4人,3〜20分,可,https://forms.gle/BtbU177X33jsJ89a9,https://gamemarket.jp/game/189161,,新作,公式サイト,https://img.gamemarket.jp/20260918_223700_%E5%90%8D%E7%A7%B0%E6%9C%AA%E8%A8%AD%E5%AE%9A%E3%81%AE%E3%83%87%E3%82%B6%E3%82%A4%E3%83%B3%20(30).png,
一般,土曜,J021,with Board,https://gamemarket.jp/booth/6878,,,ピザの具、釣れちゃいました,釣って、積んで。童心にかえって遊んで みない？,"¥2,500",1〜4人,2〜2分,可,https://forms.gle/BtbU177X33jsJ89a9,https://gamemarket.jp/game/188884,,新作,公式サイト,https://img.gamemarket.jp/20260915_175812_629KB%20%E3%82%AB%E3%83%83%E3%83%88.jpg,
一般,土曜,J021,with Board,https://gamemarket.jp/booth/6878,,,ぬって！つかんで！ダンジョンビンゴ！,子どもから大人まで さわって狙う、超感覚ビンゴ!!,"¥2,500",2〜5人,5〜15分,可,https://forms.gle/BtbU177X33jsJ89a9,https://gamemarket.jp/game/188883,,新作,公式サイト,https://img.gamemarket.jp/20260901_233310_%E3%82%B5%E3%83%BC%E3%82%AF%E3%83%AB%E3%82%AB%E3%83%83%E3%83%88_1M%E5%88%B6%E9%99%90.png,
一般,土曜,J022,植民地戦争＋α,https://gamemarket.jp/booth/1090,,,アキノコ,落ち葉めくればキノコが育つ 加速するキノコ狩りゲーム,"¥3,500",2〜4人,30〜40分,可,https://forms.gle/FVjzU9YmHoWJpm479,https://gamemarket.jp/game/188926,,新作,公式サイト,https://img.gamemarket.jp/20260905_091718_%E3%83%9C%E3%83%89%E3%82%B2%E3%83%99%E3%82%A2WEB%E7%94%A82026a_%E3%83%9F%E3%83%8B.png,
一般,土曜,J022,植民地戦争＋α,https://gamemarket.jp/booth/1090,,,梅色あわせ,たいる合わせていとをかし － 平安時代前期、花見と言えば梅でした。鳥が舞い、香り漂う梅を愛でながら、流行りの庭園を作りましょう。,"¥3,500",1〜4人,15〜20分,可,https://forms.gle/FVjzU9YmHoWJpm479,https://gamemarket.jp/game/183764,,,公式サイト,https://img.gamemarket.jp/20250413_165230_%E3%83%95%E3%82%A9%E3%82%A2%E3%82%B7%E3%83%A5%E3%83%94PR%E6%A2%851.jpg,
一般,土曜,J022,植民地戦争＋α,https://gamemarket.jp/booth/1090,,,ジョスーシ,犬の匹どこ行った？サンマが取っていったよ。な～に～,"¥1,500",2〜6人,20〜20分,可,https://forms.gle/FVjzU9YmHoWJpm479,https://gamemarket.jp/game/185074,,,公式サイト,https://img.gamemarket.jp/20250329_074636_%E3%82%B8%E3%83%A7%E3%82%B9%E3%83%BC%E3%82%B7%E3%82%BF%E3%82%A4%E3%83%88%E3%83%AB2.png,
一般,土曜,J023,Fukunohi Studio,https://gamemarket.jp/booth/6879,,,MASQUERADE（マスカレード）,2人用で３種遊べる「インテリア」,"¥7,000",2人,15〜25分,不可,,https://gamemarket.jp/game/189534,,新作,公式サイト,https://img.gamemarket.jp/20261001_231511_%E3%83%8F%E3%82%9A%E3%83%8D%E3%83%AB1001-02%E8%BB%BD%E9%87%8F.jpg,
一般,土曜,J023,Fukunohi Studio,https://gamemarket.jp/booth/6879,,,XSH（クロッシュ）,美しく勝つ。思考のオブジェ,"¥3,000",2〜0人,10〜29分,不可,,https://gamemarket.jp/game/189532,,新作,公式サイト,https://img.gamemarket.jp/20261001_230645_%E3%83%8F%E3%82%9A%E3%83%8D%E3%83%AB1001_%E3%82%A2%E3%83%BC%E3%83%88%E3%83%9B%E3%82%99%E3%83%BC%E3%83%88%E3%82%99%201%E8%BB%BD%E9%87%8F.jpg,
一般,土曜,J024,ミラーハウス,https://gamemarket.jp/booth/3502,,,ティア・キング,ひらめきでお題を当てる、パーティ推理ゲーム！,"¥3,000",3〜6人,30〜60分,可,https://forms.gle/nsQHmhE8wkbs3hgb9,https://gamemarket.jp/game/186131,,,公式サイト,https://img.gamemarket.jp/20250929_173128_SNSa.png,
一般,土曜,J024,ミラーハウス,https://gamemarket.jp/booth/3502,,,スカイトーテム拡張 大亀の顕現,立体箱庭戦略ゲーム スカイトーテムをさらに楽しめる拡張！,"¥2,000",1〜4人,40〜80分,可,https://forms.gle/nsQHmhE8wkbs3hgb9,https://gamemarket.jp/game/187719,,,公式サイト,https://img.gamemarket.jp/20260410_213555_%E3%82%B9%E3%82%AB%E3%82%A4%E3%83%88%E3%83%BC%E3%83%86%E3%83%A0%E6%8B%A1%E5%BC%B5_small.png,
一般,土曜,J024,ミラーハウス,https://gamemarket.jp/booth/3502,,,ホシヅクリ拡張 一等星,デッキ構築型ゲーム ホシヅクリをさらに楽しめる拡張がついに発売！,"¥4,000",1〜4人,40〜60分,可,https://forms.gle/nsQHmhE8wkbs3hgb9,https://gamemarket.jp/game/187717,,,公式サイト,https://img.gamemarket.jp/20260410_211201_%E3%83%9B%E3%82%B7%E3%83%85%E3%82%AF%E3%83%AA%E6%8B%A1%E5%BC%B5.png,
一般,土曜,J024,ミラーハウス,https://gamemarket.jp/booth/3502,,,スカイトーテム,豪華なコンポーネントの立体箱庭戦略ゲーム！,"¥8,000",1〜4人,40〜80分,可,https://forms.gle/nsQHmhE8wkbs3hgb9,https://gamemarket.jp/game/185018,,,公式サイト,https://img.gamemarket.jp/20250302_180405_%E3%82%B2%E3%83%A0%E3%83%9E%E3%83%9A%E3%83%BC%E3%82%B8%E3%82%B5%E3%83%A0%E3%83%8D.png,
一般,土曜,J024,ミラーハウス,https://gamemarket.jp/booth/3502,,,ホシヅクリ,天体を集め、星を作るデッキ構築型ゲーム。,"¥6,000",1〜4人,40〜60分,可,https://forms.gle/nsQHmhE8wkbs3hgb9,https://gamemarket.jp/game/180600,,,公式サイト,https://img.gamemarket.jp/20241009_141035_IMG_4127sm.jpg,
一般,土曜,J025,アスダムゲームスタジオ,https://gamemarket.jp/booth/5614,,,ねこねこにゃー!にゃー!ねこにゃーにゃー!!,重ゲー合間のリフレッシュに！みんなで「にゃー！にゃー！」サクッと簡単！猫系早出しカードゲーム,"¥1,500",2〜5人,5〜5分,可,https://docs.google.com/forms/d/e/1FAIpQLSfdWARl4Y3ZptEuCxsVInLT4pOUX9YNuYLLxBUofoO1i0bYUg/viewform?usp=publish-editor,https://gamemarket.jp/game/189300,,新作,公式サイト,https://img.gamemarket.jp/20261001_000830_%E3%82%B5%E3%83%A0%E3%83%8D%E3%82%A4%E3%83%AB%E7%94%BB%E5%83%8F.png,
一般,土曜,J025,アスダムゲームスタジオ,https://gamemarket.jp/booth/5614,,,唄え♪ キジバトさん！,,"¥1,500",2人,3〜5分,不可,,https://gamemarket.jp/game/189424,,新作,公式サイト,https://img.gamemarket.jp/20260929_203515_%E3%82%AD%E3%82%B8%E3%83%90%E3%83%88.jpg,
一般,土曜,J025,アスダムゲームスタジオ,https://gamemarket.jp/booth/5614,,,ねこ様のごきげんは？,全員でねこ様のごきげんを伺う、協力型パーティーゲーム！,"¥2,000",2〜4人,10〜15分,不可,,https://gamemarket.jp/game/186297,,,公式サイト,https://img.gamemarket.jp/20260929_203644_%E3%81%AD%E3%81%93%E3%81%95%E3%81%BE.jpg,
一般,土曜,J025,アスダムゲームスタジオ,https://gamemarket.jp/booth/5614,,,ダイサリースクエア,狙って、弾いて、最高ランクへ！,"¥2,000",4〜9人,5〜5分,不可,,https://gamemarket.jp/game/189345,あり,新作,公式サイト,https://img.gamemarket.jp/20261001_235053_%E3%82%B1%E3%82%99%E3%83%A0%E3%83%9E%E3%82%B5%E3%82%A4%E3%83%88%E7%89%883.jpg,
一般,土曜,J025,アスダムゲームスタジオ,https://gamemarket.jp/booth/5614,,,携帯用ダイスフレーム,転がりすぎるダイスに、軽くて持ち運べる「枠」を。,"¥1,000",人,〜分,不可,,https://gamemarket.jp/game/189432,,,公式サイト,https://img.gamemarket.jp/20260928_005900_game_05.jpg,
一般,土曜,J025,アスダムゲームスタジオ,https://gamemarket.jp/booth/5614,,,Start Player Spinyaer（スタートプレイヤー決めスピニャー）,,¥500,人,〜分,不可,,https://gamemarket.jp/game/189427,,新作,公式サイト,https://img.gamemarket.jp/20260929_203622_%E3%82%B5%E3%83%A0%E3%83%8D%E3%82%A4%E3%83%AB%E7%94%BB%E5%83%8F.jpg,
一般,土曜,J025,アスダムゲームスタジオ,https://gamemarket.jp/booth/5614,,,さんすうのうえん,サイコロの目を計算して畑を育てる、新感覚紙ペンゲーム！,"¥2,000",1〜9人,10〜90分,不可,,https://gamemarket.jp/game/186031,,,公式サイト,https://img.gamemarket.jp/20250903_185234_P14%E8%A8%AD%E8%A8%88%EF%BC%88%E3%82%B1%E3%82%99%E3%83%A0%E3%83%9E%E3%82%B5%E3%82%A4%E3%83%88%E3%82%B5%E3%83%A0%E3%83%8D%EF%BC%891200x900px.png,
一般,土曜,J026,アソビツクース,https://gamemarket.jp/booth/2741,,https://x.com/asobytukoos,ルール・オン・ザ・リール,撮るか？撮られるか？,"¥3,000",2〜4人,20〜30分,可,https://docs.google.com/forms/d/e/1FAIpQLSepA057fXUBIu3f0BYsjI6bUeGG4LvAB4JMI7CRHjWk_rheKQ/viewform?usp=header,https://gamemarket.jp/game/187456,,,公式サイト,https://img.gamemarket.jp/20261001_214506_rules_on_the_reel_comic_A4.jpg,
一般,土曜,J027,きつねうどんチャーハン定食,https://gamemarket.jp/booth/2946,,,おもしれー女トリテ,トリックに勝たずに、親と親父数字を出すとは…フッ、おもしれー女,"¥1,500",3〜4人,15〜30分,可,https://docs.google.com/forms/d/e/1FAIpQLSeHBYC7LW6QQ2ZBc8lZYy8YrXRCCOYIo5rK0NoY06Bf7h0bVQ/viewform?usp=header,https://gamemarket.jp/game/189041,,新作,公式サイト,https://img.gamemarket.jp/20261003_162212_%E3%81%8A%E3%82%82%E3%81%97%E3%82%8C%E3%83%BC%E5%A5%B3%E3%83%91%E3%83%83%E3%82%B1%E3%83%BC%E3%82%B8%E7%B5%B54a.jpg,
一般,土曜,J027,きつねうどんチャーハン定食,https://gamemarket.jp/booth/2946,,,リンパ流しますね,これ、本当にボードゲームなんですか…？,"¥1,500",2〜5人,10〜20分,可,https://docs.google.com/forms/d/e/1FAIpQLSeHBYC7LW6QQ2ZBc8lZYy8YrXRCCOYIo5rK0NoY06Bf7h0bVQ/viewform?usp=header,https://gamemarket.jp/game/189040,,新作,公式サイト,https://img.gamemarket.jp/20260913_095910_%E3%83%91%E3%83%83%E3%82%B1%E3%83%BC%E3%82%B8%E7%B5%B5w.jpg,
一般,土曜,J028,よぐゲーム,https://gamemarket.jp/booth/1958,,https://x.com/YOG_GAME,I・O・O Island Of One hundred choices 百択島サバイバルクラフト,100択のワーカープレイスメントで無人島サバイバルクラフト,"2,000円",3〜6人,50〜60分,情報なし,,https://x.com/YOG_GAME/status/2098695453374287940,,新作,ボドゲゴー,https://storage.googleapis.com/bodogego_public/creator_event/game_market_2026_autumn/game/%E3%82%88%E3%81%90%E3%82%B2%E3%83%BC%E3%83%A0_I%E3%83%BBO%E3%83%BBO_Island_Of_One_hundred_choices_%E7%99%BE%E6%8A%9E%E5%B3%B6%E3%82%B5%E3%83%90%E3%82%A4%E3%83%90%E3%83%AB%E3%82%AF%E3%83%A9%E3%83%95%E3%83%88.jpg,
一般,土曜,J029,ベルズゲームズ,https://gamemarket.jp/booth/6880,,,モジモンダイスバトル,相手のお題を見極めろ！,"¥2,000",2〜6人,20〜30分,可,https://ws.formzu.net/dist/S968609321/,https://gamemarket.jp/game/189075,,新作,公式サイト,https://img.gamemarket.jp/20260915_180758_IMG_9238.jpeg,
一般,土曜,J029,ベルズゲームズ,https://gamemarket.jp/booth/6880,,,カンフートリテ,師匠を超えるな！,"¥3,500",3〜5人,30〜40分,可,https://ws.formzu.net/dist/S968609321/,https://gamemarket.jp/game/188962,,新作,公式サイト,https://img.gamemarket.jp/20260908_223929_IMG_9257.jpeg,
一般,土曜,J032,あんきろわーくす,https://gamemarket.jp/booth/4504,,,Dungeon Dice Online ～ダンジョンダイスオンライン～ 拡張第3弾『付与術の刻印』,ダンジョンダイスオンラインの拡張第3弾『付与術の刻印』!!,"¥1,500",1〜4人,20〜30分,可,https://forms.gle/gvgpDy85wADQbAyC9,https://gamemarket.jp/game/186515,,,公式サイト,https://img.gamemarket.jp/20251018_175653_%E3%83%96%E3%83%BC%E3%82%B9%E3%82%AB%E3%83%83%E3%83%88%E6%A1%88.jpg,
一般,土曜,J032,あんきろわーくす,https://gamemarket.jp/booth/4504,,,Dungeon Dice Online ～ダンジョンダイスオンライン～ 拡張第1弾『暗黒の儀式』,ダンジョンダイスオンラインの拡張第1弾『暗黒の儀式』!!,"¥1,000",1〜4人,20〜30分,可,https://forms.gle/gvgpDy85wADQbAyC9,https://gamemarket.jp/game/180627,,,公式サイト,https://img.gamemarket.jp/20240517_202624_DDO%E6%8B%A1%E5%BC%B5.png,
一般,土曜,J032,あんきろわーくす,https://gamemarket.jp/booth/4504,,,Dungeon Dice Online ～ダンジョンダイスオンライン～,サイコロを振ってスキルを発動!! 目指せギルドNo１!!,"¥2,500",1〜4人,20〜30分,可,https://forms.gle/gvgpDy85wADQbAyC9,https://gamemarket.jp/game/179707,,,公式サイト,https://img.gamemarket.jp/20240517_202654_DDO%E7%AC%AC2%E7%89%88.png,
一般,土曜,J032,あんきろわーくす,https://gamemarket.jp/booth/4504,,,ディノスクラフト,恐竜と拡大再生産,"¥3,500",2〜4人,60〜90分,可,https://forms.gle/gvgpDy85wADQbAyC9,https://gamemarket.jp/game/180604,,,公式サイト,https://img.gamemarket.jp/20240517_202537_Apex%20Legends%202022.01.30%20-%2022.43.12.17.DVR.00_02_01_53.%E9%9D%99%E6%AD%A2%E7%94%BB032.png,
一般,土曜,J032,あんきろわーくす,https://gamemarket.jp/booth/4504,,,ディノスクラフト 拡張『Blue Ocean』,恐竜と拡大再生産『ディノスクラフト』の拡張『Blue Ocean』!!,¥500,2〜4人,60〜90分,可,https://forms.gle/gvgpDy85wADQbAyC9,https://gamemarket.jp/game/185427,,,公式サイト,https://img.gamemarket.jp/20250417_191649_%E3%82%A2%E3%83%BC%E3%83%88%E3%83%9C%E3%83%BC%E3%83%89%201.png,
一般,土曜,J032,あんきろわーくす,https://gamemarket.jp/booth/4504,,,サモンレジェンズ,これはトリテではない、決闘(デュエル)だ,"¥2,000",2〜4人,20〜30分,可,https://forms.gle/gvgpDy85wADQbAyC9,https://gamemarket.jp/game/181753,,,公式サイト,https://img.gamemarket.jp/20240517_202603_h20%E2%80%97k.png,
一般,土曜,J032,あんきろわーくす,https://gamemarket.jp/booth/4504,,,Dungeon Dice Online ～ダンジョンダイスオンライン～ 拡張第2弾『百鬼夜行』,ダンジョンダイスオンラインの拡張第2弾『百鬼夜行』!!,"¥1,000",1〜4人,20〜30分,可,https://forms.gle/gvgpDy85wADQbAyC9,https://gamemarket.jp/game/183970,,,公式サイト,https://img.gamemarket.jp/20241011_001020_%E3%82%AD%E3%83%A3%E3%83%A9%E7%AE%B1%E3%83%9D%E3%83%BC%E3%82%AB%E3%83%BC%E3%82%B5%E3%82%A4%E3%82%BA65x90x14_%E6%8B%A1%E5%BC%B52.jpg,
一般,土曜,J034,片岸GAMEs,https://gamemarket.jp/booth/6430,,,逆富豪拡張版【最弱のジョーカー】,自分の手札がなくなったら負けの ”勝利条件が逆”の大富豪”【逆富豪】に拡張版が登場！！！,¥500,3〜5人,10〜20分,可,https://forms.gle/1TDgJef5LYkJzX9P7,https://gamemarket.jp/game/189093,,新作,公式サイト,https://img.gamemarket.jp/20260916_211817_%E6%8B%A1%E5%BC%B5%E7%89%88%E3%83%96%E3%83%BC%E3%82%B9%E3%82%AB%E3%83%83%E3%83%88.png,
一般,土曜,J034,片岸GAMEs,https://gamemarket.jp/booth/6430,,,新感覚大富豪【逆富豪】,【手札がなくなったら負け】新感覚大富豪系ゲームです。,"¥2,500",3〜5人,10〜20分,可,https://forms.gle/1TDgJef5LYkJzX9P7,https://gamemarket.jp/game/187492,,新作,公式サイト,https://img.gamemarket.jp/20260303_205222_%E3%82%B5%E3%83%BC%E3%82%AF%E3%83%AB%E3%82%AB%E3%83%83%E3%83%88%E3%82%AB%E3%83%A9%E3%83%BC_2.png,
一般,土曜,J034,片岸GAMEs,https://gamemarket.jp/booth/6430,,,逆富豪,自分の手札がなくなったら負けの 【勝利条件が逆】の大富豪 手札を出さずパスをしたいが、 勝つために出さないといけないジレンマ。新感覚の大富豪ゲームです！！,"2,500円",3〜5人,10〜20分,情報なし,,https://x.com/katagishi_house,あり,,ボドゲゴー,https://storage.googleapis.com/bodogego_public/creator_event/game_market_2026_spring/game/%E7%89%87%E5%B2%B8%E3%83%8F%E3%82%A6%E3%82%B9_%E9%80%86%E5%AF%8C%E8%B1%AA.jpg,
一般,土曜,J035,8oz Games,https://gamemarket.jp/booth/5039,,https://x.com/8oz_Games,Direct Company（ディレクトカンパニー）,そのコンテンツ、いつまで最強？,"¥2,500",2〜4人,〜20分,可,https://forms.gle/QLuqGJYgzC2Wd9dT8,https://gamemarket.jp/game/189387,,新作,公式サイト,https://img.gamemarket.jp/20260926_121418_direct_company_sns-16_mini.png,
一般,土曜,J037,ピコラゲームズ,https://gamemarket.jp/booth/6881,,,WITCHLING ACADEMIA - 見習い魔女のゴーアウト -,属性相性と得意魔法が展開を左右する、見習魔女たちの大富豪系カードゲーム！,"¥3,000",3〜7人,20〜30分,可,https://t.co/OL8PDLJk2r,https://gamemarket.jp/game/189048,,新作,公式サイト,https://img.gamemarket.jp/20260913_180051_%E4%BD%8E%E7%94%BB%E8%B3%AA%E7%89%88.png,
一般,土曜,J038,6doors games,https://gamemarket.jp/booth/6400,,,AIに聞きました,AIも人も読め！,"¥1,200",3〜5人,30〜40分,可,https://forms.gle/TjjnFWxEmVJw1UrZ8,https://gamemarket.jp/game/188913,,新作,公式サイト,https://img.gamemarket.jp/20260906_081628_1000016293.jpg,
一般,土曜,J040,シュレディンガーゲームズ,https://gamemarket.jp/booth/1292,,https://x.com/schrodingergame,宝石相場トリックテイキングゲーム サイトホルダー,最後までヒリつく駆け引きが楽しめる、宝石取引かテーマのトリックテイキングゲーム,"¥3,000",3〜5人,20〜40分,可,https://docs.google.com/forms/d/e/1FAIpQLSflxit1zROLFWjxz51Jqhc70MnwJ09-CKsdjkiBAbF6FFpxcA/viewform?usp=header,https://gamemarket.jp/game/189327,,新作,公式サイト,https://img.gamemarket.jp/20260922_223535_%E3%82%B2%E3%83%A0%E3%83%9E%E3%83%96%E3%83%AD%E3%82%B0%E3%82%B5%E3%83%A0%E3%83%8D%E3%82%A4%E3%83%AB%E7%94%A81240_625_20260818.jpg,
一般,土曜,J040,シュレディンガーゲームズ,https://gamemarket.jp/booth/1292,,https://x.com/schrodingergame, サイトホルダー,宝石取引をテーマにしたディール型トリックテイキングゲーム,"3,000円",3〜5人,20〜30分,情報なし,,https://schrodingergames.com/%e3%80%8e%e3%82%b5%e3%82%a4%e3%83%88%e3%83%9b%e3%83%ab%e3%83%80%e3%83%bc%e3%80%8f%e3%81%a3%e3%81%a6%e3%81%93%e3%82%93%e3%81%aa%e3%82%b2%e3%83%bc%e3%83%a0%ef%bc%81/,,新作,ボドゲゴー,https://storage.googleapis.com/bodogego_public/creator_event/game_market_2026_autumn/game/%E3%82%B7%E3%83%A5%E3%83%AC%E3%83%87%E3%82%A3%E3%83%B3%E3%82%AC%E3%83%BC%E3%82%B2%E3%83%BC%E3%83%A0%E3%82%BA__%E3%82%B5%E3%82%A4%E3%83%88%E3%83%9B%E3%83%AB%E3%83%80%E3%83%BC.jpg,
一般,土曜,J041,うちポケ屋,https://gamemarket.jp/booth/5283,,https://x.com/uchipokeya,ぞうの大工さん,ぞうの鼻で一緒に積み木をするゲーム,"¥2,000",2〜4人,1〜20分,可,https://gamemarket.jp/game/188776,https://gamemarket.jp/game/188776,あり,新作,公式サイト,https://img.gamemarket.jp/20260820_175616_2026%E3%82%B2%E3%83%A0%E3%83%9E%E7%A7%8B%E3%83%96%E3%83%BC%E3%82%B9%E3%82%AB%E3%83%83%E3%83%88.jpg,
一般,土曜,J041,うちポケ屋,https://gamemarket.jp/booth/5283,,https://x.com/uchipokeya,THE WORKOUT MACHO (ザ・ワークアウトマッチョ) ,筋肉（きぼう）は、失われていない,"¥1,000",2〜6人,10〜15分,不可,,https://gamemarket.jp/game/185431,,,公式サイト,https://img.gamemarket.jp/20250427_003346_2025%E3%82%B2%E3%83%A0%E3%83%9E-%EF%BE%9C%EF%BD%B0%EF%BD%B8%EF%BD%B1%EF%BD%B3%EF%BE%84%EF%BE%8F%EF%BD%AF%EF%BE%81%EF%BD%AE.jpg,
一般,土曜,J043,野うさぎ～ず,https://gamemarket.jp/booth/6882,,https://x.com/yakunitatanaigm,焼けたアスファルトのようなゴリラ,選ぶだけ大喜利ゲーム,"¥2,000",3〜6人,20〜40分,可,https://docs.google.com/forms/d/e/1FAIpQLSeoMAOg-kx0r580UK0-c8mSvXkx9h_-bI01xLgHpFOCNG1QkA/viewform,https://gamemarket.jp/game/188886,あり,新作,公式サイト,https://img.gamemarket.jp/20260921_221012_IMG_0227.jpeg,
一般,土曜,J043,野うさぎ～ず,https://gamemarket.jp/booth/6882,,https://x.com/yakunitatanaigm,牡蠣あわせ,牡蠣好きが作った、牡蠣の神経衰弱,"¥1,500",1〜6人,10〜20分,可,https://oyster-hub.com/yoyaku?s=gamemarket,https://gamemarket.jp/game/189244,,新作,公式サイト,https://img.gamemarket.jp/20260920_150148_oyster-flyer.jpg,
一般,土曜,J044,(ゆ)野ウサギ,https://gamemarket.jp/booth/6883,,,名刺交換革命 CardEvo[カードエボ,名刺って、何か実ったこと、ある？じゃあ、どうする？「面白いことをしようぜ。助け合おうぜ。」,¥500,2〜人,2〜分,不可,,https://gamemarket.jp/game/189160,,新作,公式サイト,https://img.gamemarket.jp/20260918_214556_CardEvo_524x634_RGB.png,
一般,土曜,J044,(ゆ)野ウサギ,https://gamemarket.jp/booth/6883,,,積読は正義 トライアル版,積読の罪悪感を吹き飛ばせ！読書会のアイスブレイクに！ スピーディな展開が魅力の「ババ抜き」型カードゲーム！,"¥1,000",3〜5人,3〜10分,可,https://docs.google.com/forms/d/e/1FAIpQLSc_nQoKkevOg2eIaz5CSfWHI-VN9CDG50aPo4gajLZjEi2yOg/viewform?usp=preview,https://gamemarket.jp/game/189263,,新作,公式サイト,https://img.gamemarket.jp/20260928_075013_%E3%81%95%E3%81%97%E3%81%8B%E3%81%88.png,
一般,土曜,J045,サイシュピール,https://gamemarket.jp/booth/4214,,,ヒットライン,甘い×黒×危ない＝闇バイト！？,"¥1,500",2〜8人,10〜20分,不可,,https://gamemarket.jp/game/189182,,新作,公式サイト,https://img.gamemarket.jp/20260919_000205_%E3%83%92%E3%83%83%E3%83%88%E3%83%A9%E3%82%A4%E3%83%B3%E4%B8%A6%E5%88%9772.jpg,
一般,土曜,J045,サイシュピール,https://gamemarket.jp/booth/4214,,,ワードダンジョン,「キーワード」を閃き、ダンジョンを駆け巡れ！,"¥1,500",2〜5人,15〜20分,不可,,https://gamemarket.jp/game/189456,,新作,公式サイト,https://img.gamemarket.jp/20260929_124752_IMG_3786.jpeg,
一般,土曜,J047,SOLABO,https://gamemarket.jp/booth/6198,,,ジェネラルヒーロー,王道RPGをボードゲームで！,"¥2,000",1〜4人,45〜60分,不可,,https://gamemarket.jp/game/189028,,新作,公式サイト,https://img.gamemarket.jp/20260911_222704_HPSBSb4bIAAMs1k.jpg,
一般,土曜,J048,あそぼうや,https://gamemarket.jp/booth/2599,,,茶の間のきまぐれねこさま第二版,ねこさまの行動を予想し、好感度をあげよう！ねこさま尽くしのパーティーゲームです！,"3,000円",2〜4人,40〜60分,情報なし,,https://asobouya.com/chanomano-kimagurenekosama/index.html,,,ボドゲゴー,https://storage.googleapis.com/bodogego_public/creator_event/game_market_2025_spring/%E3%81%82%E3%81%9D%E3%81%BC%E3%81%86%E3%82%84_%E8%8C%B6%E3%81%AE%E9%96%93%E3%81%AE%E3%81%8D%E3%81%BE%E3%81%90%E3%82%8C%E3%81%AD%E3%81%93%E3%81%95%E3%81%BE%E7%AC%AC%E4%BA%8C%E7%89%88.png,
一般,土曜,J048,あそぼうや,https://gamemarket.jp/booth/2599,,,冒険者達のびしゅかこう,異世界の酒と飯から、最高の組み合わせを提案するパーティゲームです！,"2,000円",2〜6人,15〜30分,情報なし,,https://gamemarket.jp/game/183835,,,ボドゲゴー,https://storage.googleapis.com/bodogego_public/creator_event/game_market_2024_autumn/%E3%81%82%E3%81%9D%E3%81%BC%E3%81%86%E3%82%84_%E5%86%92%E9%99%BA%E8%80%85%E9%81%94%E3%81%AE%E3%81%B3%E3%81%97%E3%82%85%E3%81%8B%E3%81%93%E3%81%86.png,
一般,土曜,J048,あそぼうや,https://gamemarket.jp/booth/2599,,,TORI TORI TREND,,"2,500円",2〜5人,30〜30分,情報なし,,,あり,,ボドゲゴー,,
一般,土曜,J048,あそぼうや,https://gamemarket.jp/booth/2599,,,猫駒あきら1周年記念グッズ「スタートプレイヤーアクリルスタンド」,スタートプレイヤーマーカーにも使えるアクリルスタンドです。,500円,0〜0人,0〜0分,情報なし,,,,,ボドゲゴー,https://storage.googleapis.com/bodogego_public/creator_event/game_market_2026_spring/game/%E3%81%82%E3%81%9D%E3%81%BC%E3%81%86%E3%82%84_%E7%8C%AB%E9%A7%92%E3%81%82%E3%81%8D%E3%82%891%E5%91%A8%E5%B9%B4%E8%A8%98%E5%BF%B5%E3%82%B0%E3%83%83%E3%82%BA%E3%80%8C%E3%82%B9%E3%82%BF%E3%83%BC%E3%83%88%E3%83%97%E3%83%AC%E3%82%A4%E3%83%A4%E3%83%BC%E3%82%A2%E3%82%AF%E3%83%AA%E3%83%AB%E3%82%B9%E3%82%BF%E3%83%B3%E3%83%89%E3%80%8D.jpg,
一般,土曜,J049,OKAZU brand,https://gamemarket.jp/booth/1059,,https://x.com/okazu_900jaku,ピザオッター ダブルビンゴ！,めざせピザ王！ダブルシート ロール＆ライト,"¥2,500",1〜5人,25〜25分,可,https://docs.google.com/forms/d/e/1FAIpQLSeMQqYWzYk2o4Ls8k8gQTk92Rpft3e6RsnhoxGRSlNQMlUtQQ/viewform,https://gamemarket.jp/game/187841,,,公式サイト,https://img.gamemarket.jp/20260418_170709_pizza-3D.png,
一般,土曜,J049,OKAZU brand,https://gamemarket.jp/booth/1059,,https://x.com/okazu_900jaku,12シーカーズ,冒険者を雇ってダンジョン探索！ 1列に並べた宝石を取り合う2人用対戦ゲーム『12シーカーズ』,"¥3,000",2人,15〜15分,不可,,https://gamemarket.jp/game/180827,,,公式サイト,https://img.gamemarket.jp/20240516_153952_12seakers.jpg,
一般,土曜,J049,OKAZU brand,https://gamemarket.jp/booth/1059,,https://x.com/okazu_900jaku,コンコード,相談できない状況の中、皆で5枚のカードを出してミッション解決を目指す協力ゲーム『コンコード』,"¥1,700",2〜5人,30〜30分,不可,,https://gamemarket.jp/game/180826,,,公式サイト,https://img.gamemarket.jp/20240516_153802_concord3D.png,
一般,土曜,J049,OKAZU brand,https://gamemarket.jp/booth/1059,,https://x.com/okazu_900jaku,イグゾースト,魔法を限界まで唱え、生き残れ。魔法耐久カードゲーム『イグゾースト』,¥0,1〜5人,15〜30分,不可,,https://gamemarket.jp/game/179310,,,公式サイト,https://img.gamemarket.jp/20240516_154210_exhaust_01.png,
一般,土曜,J049,OKAZU brand,https://gamemarket.jp/booth/1059,,https://x.com/okazu_900jaku,カピ原,子ザルになって飛び回りカピバラの列を整理するカードゲーム『カピ原』,"¥1,500",2〜4人,30〜30分,可,https://docs.google.com/forms/d/e/1FAIpQLSfgRyE8HtHFJR71_yAxVYp9uEjtBE1vZGKfMzBnMv6PzwZvgw/viewform?usp=header,https://gamemarket.jp/game/178707,,,公式サイト,https://img.gamemarket.jp/20240516_154717_3D-capy.png,
一般,土曜,J049,OKAZU brand,https://gamemarket.jp/booth/1059,,https://x.com/okazu_900jaku,横濱紳商伝ロール＆ライト,明治時代の横濱で数多の商人が対決！様々な勝ち筋で相手より儲けよう！ 多人数に進化しロール＆ライト版となった3つ目の横濱紳商伝,"¥3,000",1〜99人,45〜分,不可,,https://gamemarket.jp/game/178178,,,公式サイト,https://img.gamemarket.jp/20240516_154601_YRWbox3D.png,
一般,土曜,J049,OKAZU brand,https://gamemarket.jp/booth/1059,,https://x.com/okazu_900jaku,さらサーチ,動物たちの足りないお皿を探してあげよう！,"¥1,700",2〜5人,10〜10分,不可,,https://gamemarket.jp/game/181900,,,公式サイト,https://img.gamemarket.jp/20240516_154027_sara_box.png,
一般,土曜,J049,OKAZU brand,https://gamemarket.jp/booth/1059,,https://x.com/okazu_900jaku,妄想グッズDEハウマッチ,様々な価格の様々な商品を皆で妄想して、どの妄想グッズがどの値段なのかを想像し、ダミーの値段を除外していく協力ゲーム,¥500,3〜8人,30〜30分,可,https://docs.google.com/forms/d/e/1FAIpQLSeMQqYWzYk2o4Ls8k8gQTk92Rpft3e6RsnhoxGRSlNQMlUtQQ/viewform,https://gamemarket.jp/game/189470,,新作,公式サイト,https://img.gamemarket.jp/20260929_221628_mousou_title.png,
一般,土曜,J049,OKAZU brand,https://gamemarket.jp/booth/1059,,https://x.com/okazu_900jaku,金魚の商人,プレイヤーに配る手札の他に市場として場にもカードを配り、その市場と手札で「両替」できる大富豪系のゲーム,"¥1,700",2〜6人,20〜20分,可,https://docs.google.com/forms/d/e/1FAIpQLSeMQqYWzYk2o4Ls8k8gQTk92Rpft3e6RsnhoxGRSlNQMlUtQQ/viewform,https://gamemarket.jp/game/184174,,,公式サイト,https://img.gamemarket.jp/20241021_103345_%E9%87%91%E9%AD%9A%E3%81%AE%E5%95%86%E4%BA%BA.png,
一般,土曜,J049,OKAZU brand,https://gamemarket.jp/booth/1059,,https://x.com/okazu_900jaku,ファンタジーランクマスター,ファンタジー世界に全くランダムに召喚されたモンスターや様々な職業の人たちに、お題に沿ってランキングするゲーム！,"¥3,500",2〜8人,20〜20分,可,https://docs.google.com/forms/d/e/1FAIpQLSeMQqYWzYk2o4Ls8k8gQTk92Rpft3e6RsnhoxGRSlNQMlUtQQ/viewform,https://gamemarket.jp/game/185414,,,公式サイト,https://img.gamemarket.jp/20250417_123301_box01-%E3%82%AB%E3%83%A1%E3%83%A9.png,
一般,土曜,J049,OKAZU brand,https://gamemarket.jp/booth/1059,,https://x.com/okazu_900jaku,エクストリームミッション,無茶すぎるミッション遂行のカギは協力者（オールマイティカード）！,"¥2,500",2〜5人,30〜30分,可,https://docs.google.com/forms/d/e/1FAIpQLSeMQqYWzYk2o4Ls8k8gQTk92Rpft3e6RsnhoxGRSlNQMlUtQQ/viewform,https://gamemarket.jp/game/185413,,,公式サイト,https://img.gamemarket.jp/20250417_125234_box02-%E3%82%AB%E3%83%A1%E3%83%A9.png,
一般,土曜,J049,OKAZU brand,https://gamemarket.jp/booth/1059,,https://x.com/okazu_900jaku,すしオッター,目指せ世界一の職人カワウソ！超コンボインフレポーカーゲーム,"¥3,500",2〜5人,30〜45分,可,https://docs.google.com/forms/d/e/1FAIpQLSeMQqYWzYk2o4Ls8k8gQTk92Rpft3e6RsnhoxGRSlNQMlUtQQ/viewform,https://gamemarket.jp/game/186335,,,公式サイト,https://img.gamemarket.jp/20251015_170459_%E3%81%99%E3%81%97%E3%82%AA%E3%83%83%E3%82%BF%E3%83%BC3D.png,
一般,土曜,J049,OKAZU brand,https://gamemarket.jp/booth/1059,,https://x.com/okazu_900jaku,クイズ100人に聞いたつもり?!,100人にアンケートを取ったフリをして、アンケート結果の担当順位の回答をでっちあげ、その回答から順位を当てる協力ゲーム,500円,2〜8人,30〜30分,情報なし,,https://gamemarket.jp/game/188365,,,ボドゲゴー,https://storage.googleapis.com/bodogego_public/creator_event/game_market_2026_spring/game/OKAZU_brand_%E3%82%AF%E3%82%A4%E3%82%BA100%E4%BA%BA%E3%81%AB%E8%81%9E%E3%81%84%E3%81%9F%E3%81%A4%E3%82%82%E3%82%8A_!.jpg,
一般,土曜,J050,一緒にゲームズ,https://gamemarket.jp/booth/3915,,https://x.com/nama_nekoyanagi,アワセール美術館 -名画泥棒と2つの証言-,盗まれた名画を取り戻せ！ 証言は、いつも二つ！,"¥2,500",2〜5人,15〜30分,可,https://docs.google.com/forms/d/e/1FAIpQLSdTQYP_tu5T1N7WtTHpEcWdM7dmnW-hmCbc5-CxYWt7tPctPw/viewform,https://gamemarket.jp/game/189094,あり,新作,公式サイト,https://img.gamemarket.jp/20260917_150127_%E3%82%B5%E3%83%A0%E3%83%8D%E3%82%A4%E3%83%AB%E5%B0%8F.jpg,
一般,土曜,J051,くじらだま,https://gamemarket.jp/booth/2681,,,アルケミクス,そのカード、素材にするか？レシピにするか？錬金セットコレクション,"¥2,300",2〜4人,15〜30分,可,https://forms.gle/b9tAFRZafoGf2EdN7,https://gamemarket.jp/game/188959,,新作,公式サイト,https://img.gamemarket.jp/20260908_153936_Alchemix.jpg,
一般,土曜,J053,ロブジャゲームズ,https://gamemarket.jp/booth/3288,,https://x.com/ROBUJAGAME,calapp カラップ,全て同じ色にしたら勝ち。全て違う色にしても勝ち。,"¥2,000",2人,10〜30分,可,https://forms.gle/qSFjBd38y9PSTWkZ7,https://gamemarket.jp/game/179742,,,公式サイト,https://img.gamemarket.jp/20250913_145945_%E3%83%A2%E3%83%83%E3%82%AF%E3%82%A2%E3%83%83%E3%83%97calapp.jpg,
一般,土曜,J053,ロブジャゲームズ,https://gamemarket.jp/booth/3288,,https://x.com/ROBUJAGAME,SQUARE・4,「あっ」とおどろく4目並べ。,"¥1,500",2〜4人,5〜20分,可,https://forms.gle/qSFjBd38y9PSTWkZ7,https://gamemarket.jp/game/186156,あり,,公式サイト,https://img.gamemarket.jp/20250913_150440_%E3%83%A2%E3%83%83%E3%82%AF%E3%82%A2%E3%83%83%E3%83%97%E3%82%B9%E3%82%AF%E3%82%A8%E3%82%A2%EF%BC%94.jpg,
一般,土曜,J053,ロブジャゲームズ,https://gamemarket.jp/booth/3288,,https://x.com/ROBUJAGAME,イチゲキ,ためて。ためて。きめるはイチゲキ。,"¥2,000",2〜5人,10〜20分,可,https://forms.gle/qSFjBd38y9PSTWkZ7,https://gamemarket.jp/game/186154,あり,,公式サイト,https://img.gamemarket.jp/20250914_144122_%E3%83%A2%E3%83%83%E3%82%AF%E3%82%A2%E3%83%83%E3%83%97%E3%82%A4%E3%83%81%E3%82%B2%E3%82%AD.jpg,
一般,土曜,J053,ロブジャゲームズ,https://gamemarket.jp/booth/3288,,https://x.com/ROBUJAGAME,ゴルゴンの目,その目を見てはいけない,"¥2,000",3〜5人,20〜30分,可,https://forms.gle/dZWwZx2kXXZyfdM98,https://gamemarket.jp/game/188768,あり,新作,公式サイト,https://img.gamemarket.jp/20260818_074021_%E3%83%A2%E3%83%83%E3%82%AF%E3%82%A2%E3%83%83%E3%83%97_%E3%82%B4%E3%83%AB%E3%82%B4%E3%83%B3%E3%81%AE%E7%9B%AE%EF%BC%92.jpg,
一般,土曜,J053,ロブジャゲームズ,https://gamemarket.jp/booth/3288,,https://x.com/ROBUJAGAME,スウライド,カードをスライド。判る数。,"¥2,000",3〜5人,10〜30分,可,https://forms.gle/qSFjBd38y9PSTWkZ7,https://gamemarket.jp/game/181830,あり,,公式サイト,https://img.gamemarket.jp/20250914_144136_%E3%83%A2%E3%83%83%E3%82%AF%E3%82%A2%E3%83%83%E3%83%97%E3%82%B9%E3%82%A6%E3%83%A9%E3%82%A4%E3%83%89.jpg,
一般,土曜,J053,ロブジャゲームズ,https://gamemarket.jp/booth/3288,,https://x.com/ROBUJAGAME,calapp,全て同じ色にしたら勝ち。全て違う色にしても勝ち。,"2,000円",2〜2人,10〜30分,情報なし,,https://gamemarket.jp/game/179742,あり,,ボドゲゴー,https://firebasestorage.googleapis.com/v0/b/bodogego.appspot.com/o/images%2F176324909871900.jpg?alt=media&token=87d65f5b-af82-42c5-a3fd-be5ca824eb54,
一般,土曜,J054,モーモーゲームズ&teamOJyO,https://gamemarket.jp/booth/6551,,,妖怪ふわふわ,頭の中がふわふわになるトリテ,"¥2,200",3〜4人,20〜30分,不可,,https://gamemarket.jp/game/189416,,新作,公式サイト,https://img.gamemarket.jp/20260927_153143_%E3%81%B5%E3%82%8F%E3%81%B5%E3%82%8F%E7%AE%B1%E7%B5%B5_%E5%88%87%E3%82%8A%E6%8A%9C%E3%81%8D.jpg,
一般,土曜,J054,モーモーゲームズ&teamOJyO,https://gamemarket.jp/booth/6551,,,Ghost Shrimp Beer,2人専用3人トリテ!?,"¥1,200",2人,5〜10分,可,https://docs.google.com/forms/d/e/1FAIpQLSejn49tHZkrc28ncF4xkU51p194cDpTX7f_MNZPPRvIB9Nnyg/viewform?usp=header,https://gamemarket.jp/game/189413,,新作,公式サイト,https://img.gamemarket.jp/20260927_105329_GSB%E7%AE%B1%E3%82%A4%E3%83%A1%E3%83%BC%E3%82%B7%E3%82%99.png,
一般,土曜,J055,ぽてきゃっ党,https://gamemarket.jp/booth/4433,,https://x.com/potecat_games,空猫の冒険記,"阿吽の呼吸で猫を導く""半""協力型カードゲーム！","2,000円",3〜4人,30〜40分,情報なし,,https://gamemarket.jp/game/182602,あり,,ボドゲゴー,https://firebasestorage.googleapis.com/v0/b/bodogego.appspot.com/o/images%2F1701963584577?alt=media&token=3a3ff1e3-560b-475d-8f39-f64fd5210be8,
一般,土曜,J055,ぽてきゃっ党,https://gamemarket.jp/booth/4433,,https://x.com/potecat_games,カリルCARリース,競り×セットコレクション！好きな車でレンタカー屋を経営、借りるかはお客様次第♪,"3,000円",3〜4人,60〜90分,情報なし,,https://www.gamemarket.jp/game/183989,あり,,ボドゲゴー,https://storage.googleapis.com/bodogego_public/creator_event/game_market_2024_autumn/%E3%81%BD%E3%81%A6%E3%81%8D%E3%82%83%E3%81%A3%E5%85%9A_%E3%82%AB%E3%83%AA%E3%83%ABCAR%E3%83%AA%E3%83%BC%E3%82%B9.png,
一般,土曜,J055,ぽてきゃっ党,https://gamemarket.jp/booth/4433,,https://x.com/potecat_games,バッティング・パンセット,バッティング×運！限られたメニューでパンセットを作ろう♪勝負は最後までわからない！,"1,500円",3〜4人,15〜30分,情報なし,,https://www.gamemarket.jp/game/183991/,あり,,ボドゲゴー,https://storage.googleapis.com/bodogego_public/creator_event/game_market_2024_autumn/%E3%81%BD%E3%81%A6%E3%81%8D%E3%82%83%E3%81%A3%E5%85%9A_%E3%83%90%E3%83%83%E3%83%86%E3%82%A3%E3%83%B3%E3%82%B0%E3%83%BB%E3%83%91%E3%83%B3%E3%82%BB%E3%83%83%E3%83%88.png,
一般,土曜,J056,Qrostar,https://gamemarket.jp/booth/4745,,,Mystic Creatures (English Ver.),,"¥2,500",2〜6人,15〜20分,可,https://qrostar.net/creatures,https://gamemarket.jp/game/189261,,新作,公式サイト,https://img.gamemarket.jp/20260929_153500_GMPageEnB.jpg,
一般,土曜,J056,Qrostar,https://gamemarket.jp/booth/4745,,,ミスティッククリーチャーズ,,"¥1,500",2〜6人,15〜20分,可,https://qrostar.jp/creatures,https://gamemarket.jp/game/188982,,新作,公式サイト,https://img.gamemarket.jp/20260929_154849_GMPage.jpg,
一般,土曜,J056,Qrostar,https://gamemarket.jp/booth/4745,,,ライトマーダーミステリー,短い時間でプレイできる３つのストーリー。密談なし・ロールプレイなしの遊びやすいライトなマダミス,"¥2,500",4〜5人,50〜150分,不可,,https://gamemarket.jp/game/188374,,,公式サイト,https://img.gamemarket.jp/20260511_161354_PackageVisual2Thumbnail.jpg,
一般,土曜,J058,Studio Citrine,https://gamemarket.jp/booth/5011,,https://x.com/akko_0506,アイスクリード-よくばりトッピング-,「いまの流行りは〇〇だよね〜」,"¥2,500",3〜7人,20〜40分,可,https://docs.google.com/forms/d/1RIMqUqyhFjaWbm9EVGAcExI2WSBk5sFc10_Ju1DAtts/viewform?edit_requested=true,https://gamemarket.jp/game/189334,あり,新作,公式サイト,https://img.gamemarket.jp/20260923_080330_693E2E41-7126-4211-BDBE-C9E6BCC2BF30.jpeg,
一般,土曜,J061,ルディワークス,https://gamemarket.jp/booth/6435,,,メイウンリンネ,巡る輪を読み、運命を駆け抜けろ。,"¥2,000",3〜5人,10〜20分,可,https://forms.gle/T9YCzEFsq45YYbJ2A,https://gamemarket.jp/game/188795,,新作,公式サイト,https://img.gamemarket.jp/20260826_000028_%E3%83%AB%E3%83%87%E3%82%A3%E3%83%AF%E3%83%BC%E3%82%AF%E3%82%B9%E3%83%96%E3%83%BC%E3%82%B9%E3%81%8B%E3%81%A3%E3%81%A82026%E7%A7%8B.png,
一般,土曜,J061,ルディワークス,https://gamemarket.jp/booth/6435,,,テンバランス,その勝利を”節制”せよ。,"¥1,500",3〜5人,20〜50分,可,https://forms.gle/BWBBPCQhm5tdM5oR7,https://gamemarket.jp/game/187489,,,公式サイト,https://img.gamemarket.jp/20260302_212859_GM_Templateteest.png,
一般,土曜,J063,アルカジノ,https://gamemarket.jp/booth/1808,,,人魚を食べたのはだぁれ？,人魚が食べられた!? 犯人はこの中にいる!?,"¥2,500",3〜6人,10〜20分,可,https://gamemarket.jp/game/189457,https://gamemarket.jp/game/189457,,新作,公式サイト,https://img.gamemarket.jp/20260929_133259__KV_top.png,
一般,土曜,J064,はゃての工房,https://gamemarket.jp/booth/6205,,https://x.com/haxyatenokobo,Astra Line,星を生み、星座を描く,"¥1,500",2人,10〜15分,可,https://forms.gle/1d6T37LV9gnq7i7d8,https://gamemarket.jp/game/187755,あり,,公式サイト,https://img.gamemarket.jp/20260412_194210_%E3%83%95%E3%82%99%E3%83%AD%E3%82%AF%E3%82%99%E7%94%A8.jpg,
一般,土曜,J064,はゃての工房,https://gamemarket.jp/booth/6205,,https://x.com/haxyatenokobo,MYSTIC ROLL （ミスティック・ロール）,ダイスが運命を左右する！？マジックカードバトル！,"¥1,500",2〜人,10〜分,可,https://forms.gle/1d6T37LV9gnq7i7d8,https://gamemarket.jp/game/186753,,,公式サイト,https://img.gamemarket.jp/20260421_110239_MYSTICROLL%E3%83%95%E3%82%99%E3%83%BC%E3%82%B9%E3%82%AB%E3%83%83%E3%83%88.jpg,
一般,土曜,J064,はゃての工房,https://gamemarket.jp/booth/6205,,https://x.com/haxyatenokobo,ふわふわクラゲのきまぐれレース！,きまぐれに振り回される!? 一風変わったすごろくゲーム！,"¥2,500",2〜4人,5〜10分,可,https://forms.gle/1d6T37LV9gnq7i7d8,https://gamemarket.jp/game/186222,,,公式サイト,https://img.gamemarket.jp/20251021_102628_%E3%82%B5%E3%83%A0%E3%83%8D.jpg,
一般,土曜,J065,ヤマノノ,https://gamemarket.jp/booth/6066,,,月刊アレ ビュー,見慣れたあの景色に、ひとつだけ嘘がまぎれている。,"¥1,500",2〜6人,15〜25分,可,https://docs.google.com/forms/d/e/1FAIpQLScFmQz-hgvFscMbMD8eyIuCxx4piHErPlgX6vXUc0frNhQF9A/viewform?usp=dialog,https://gamemarket.jp/game/189282,,新作,公式サイト,https://img.gamemarket.jp/20260928_105655_IMG_3397.png,
一般,土曜,J065,ヤマノノ,https://gamemarket.jp/booth/6066,,,逆襲の牛,UFOよ。その牛は爆弾だ。,"¥2,500",2〜4人,20〜30分,可,https://docs.google.com/forms/d/e/1FAIpQLScFmQz-hgvFscMbMD8eyIuCxx4piHErPlgX6vXUc0frNhQF9A/viewform?usp=dialog,https://gamemarket.jp/game/189469,,新作,公式サイト,https://img.gamemarket.jp/20260929_222036_%E9%80%86%E8%A5%B2%E3%81%AE%E7%89%9B_%E5%AE%A3%E4%BC%9D%E7%B4%A0%E6%9D%90_%E3%82%B2%E3%83%A0%E3%83%9E2026%E7%A7%8B.png,
一般,土曜,K001,六角えんぴつ,https://gamemarket.jp/booth/1989,,,迷宮酒場へようこそ！,魔物料理のカードとお酒チップを配置して、大繁盛の迷宮酒場を目指そう！,"¥2,500",1〜4人,15〜20分,可,https://forms.gle/5CXsxwyovbcifbBd6,https://gamemarket.jp/game/189440,,新作,公式サイト,https://img.gamemarket.jp/20260928_170925_%E7%AE%B1%E8%A1%A8%E8%A3%8Fs.jpg,
一般,土曜,K001,六角えんぴつ,https://gamemarket.jp/booth/1989,,,異世界ギルドマスターズ総集編,超本格的なアッパー系ファンタジー開拓ゲームの総集編！,"¥14,000",1〜5人,120〜180分,可,https://forms.gle/5CXsxwyovbcifbBd6,https://gamemarket.jp/game/189439,,新作,公式サイト,https://img.gamemarket.jp/20260928_165638_%E7%AE%B1%E8%A1%A8s.jpg,
一般,土曜,K003,FR@ games,https://gamemarket.jp/booth/1413,,,セドラーズ,情報を読むか、相手を読むか,"¥2,000",3〜5人,15〜20分,不可,,https://gamemarket.jp/game/189604,,新作,公式サイト,https://img.gamemarket.jp/20261005_024218_Mock_up.jpg,
一般,土曜,K004,ホタルシステム,https://gamemarket.jp/booth/3073,,,サメラニアン,B級サメ映画風チキンレース,"¥1,000",2〜5人,5〜12分,可,https://forms.gle/dR3HDizHndPFX5APA,https://gamemarket.jp/game/188086,,,公式サイト,https://img.gamemarket.jp/20260429_154300_%E7%94%BB%E5%83%8F1.png,
一般,土曜,K004,ホタルシステム,https://gamemarket.jp/booth/3073,,,頭蓋骨かるた３,頭蓋骨から動物を予想して早取りするかるたゲーム第三弾,"¥2,000",2〜6人,10〜10分,可,https://forms.gle/dR3HDizHndPFX5APA,https://gamemarket.jp/game/189269,,新作,公式サイト,https://img.gamemarket.jp/20260920_205859_unnamed%20-%20%E3%82%B3%E3%83%94%E3%83%BC.jpg,
一般,土曜,K004,ホタルシステム,https://gamemarket.jp/booth/3073,,,拡張セット【パックトリックス3人拡張＆アナフィラキシー５人拡張】,パックトリックスを３人でも、アナフィラキシーを５人でも,¥800,人,〜分,可,https://forms.gle/dR3HDizHndPFX5APA,https://gamemarket.jp/game/189065,,新作,公式サイト,https://img.gamemarket.jp/20260918_022737_%E7%94%BB%E5%83%8F%EF%BC%90.png,
一般,土曜,K004,ホタルシステム,https://gamemarket.jp/booth/3073,,,パックトリックス,変則チーム戦トリックテイキング,"¥1,200",4人,15〜25分,可,https://forms.gle/dR3HDizHndPFX5APA,https://gamemarket.jp/game/189064,,新作,公式サイト,https://img.gamemarket.jp/20260914_212409_ca540198%20-%20%E3%82%B3%E3%83%94%E3%83%BC.jpg,
一般,土曜,K005,EVOQ!,https://gamemarket.jp/booth/5884,,https://x.com/StudioEVOQ,EVOQ!（イボーク）豪華版,ゲームボードがMDF（木材繊維板）製になったEVOQ!（イボーク）のアップグレードバージョンです。,"¥5,000",2人,5〜60分,可,https://t.co/7FfryfI1wr,https://gamemarket.jp/game/189318,,新作,公式サイト,https://img.gamemarket.jp/20260922_172648_%E8%B1%AA%E8%8F%AF%E7%89%88%E3%82%B5%E3%83%A0%E3%83%8D1280x670.jpg,
一般,土曜,K005,EVOQ!,https://gamemarket.jp/booth/5884,,https://x.com/StudioEVOQ,EVOQ!（イボーク）,ボードと駒だけで手軽に遊べる召喚X合体X魔法バトル！,"¥3,000",2人,5〜60分,可,https://forms.gle/pRmYuACcMa8c9W2E6,https://gamemarket.jp/game/184942,,,公式サイト,https://img.gamemarket.jp/20260505_012929_EVOQ!%E3%82%B5%E3%83%A0%E3%83%8D%E3%82%A4%E3%83%AB1280x670.jpg,
一般,土曜,K005,EVOQ!,https://gamemarket.jp/booth/5884,,https://x.com/StudioEVOQ,詰めEVOQ!（イボーク）ミニ読本,詰めEVOQ!（イボーク）の問題＆回答＆解説をまとめたミニ冊子です。,¥0,1人,10〜600分,不可,,https://gamemarket.jp/game/189027,,新作,公式サイト,https://img.gamemarket.jp/20260911_220734_%E8%A9%B0%E3%82%81%E3%83%9F%E3%83%8B%E8%AA%AD%E6%9C%AC%E3%82%B5%E3%83%A0%E3%83%8D1280x670.jpg,
一般,土曜,K005,EVOQ!,https://gamemarket.jp/booth/5884,,https://x.com/StudioEVOQ,じゃんけんすうじ,じゃんけんと数字のカードセットでお手軽楽しい3つのゲームが遊べます。,"¥1,000",1〜12人,5〜10分,可,https://forms.gle/pRmYuACcMa8c9W2E6,https://gamemarket.jp/game/187726,,,公式サイト,https://img.gamemarket.jp/20260517_191300_%E3%80%90%E5%80%A4%E6%AE%B5%E5%85%A5%E3%82%8A%E3%80%91%E3%82%B5%E3%83%A0%E3%83%8D%E3%82%A4%E3%83%AB.jpg,
一般,土曜,K005,EVOQ!,https://gamemarket.jp/booth/5884,,https://x.com/StudioEVOQ,EVOQ!,EVOQ!は、ファンタジーをモチーフにした対戦型ボードゲームです。 ,"3,000円",2〜2人,5〜60分,情報なし,,https://gamemarket.jp/game/184942,あり,,ボドゲゴー,https://storage.googleapis.com/bodogego_public/creator_event/game_market_2025_autumn/game/EVOQ!_EVOQ!.png,
一般,土曜,K005,EVOQ!,https://gamemarket.jp/booth/5884,,https://x.com/StudioEVOQ,EVOQ! 豪華版,MDF（合成木材）製ボードのアップグレード版EVOQ! です。,"5,000円",2〜2人,5〜60分,情報なし,,https://gamemarket.jp/game/189318,あり,,ボドゲゴー,https://storage.googleapis.com/bodogego_public/creator_event/game_market_2026_autumn/game/EVOQ!_EVOQ!_%E8%B1%AA%E8%8F%AF%E7%89%88.jpg,
一般,土曜,K008,かがりび&3RD Games,https://gamemarket.jp/booth/2685,,,Hopscotch(ホップスコッチ),思い通りには跳べません！ 小石が先に入ったマスは使用禁止,"¥1,000",3〜4人,20〜30分,可,https://forms.gle/1KMqbXc3WPcgohtR8,https://gamemarket.jp/game/189507,,新作,公式サイト,https://img.gamemarket.jp/20261001_105239_HOPSCOTCH.gif,
一般,土曜,K010,RoundTableCommunications,https://gamemarket.jp/booth/1928,,,参考人 FinalCase,,"¥2,500",3〜6人,20〜40分,不可,,https://gamemarket.jp/game/185495,,,公式サイト,https://img.gamemarket.jp/20250508_204349_1000010498.png,
一般,土曜,K011,アニマルウィップ,https://gamemarket.jp/booth/3983,,https://x.com/gakugamekari,Insel Seeker(インゼルシーカー),リソース管理 x ブースタードラフト = 発展！？海を渡り島を拓こう,"5,000円",1〜5人,90〜120分,情報なし,,https://note.com/animal_wip/n/nf7c3b628512b?app_launch=false,,,ボドゲゴー,https://storage.googleapis.com/bodogego_public/creator_event/game_market_2025_autumn/game/%E3%82%A2%E3%83%8B%E3%83%9E%E3%83%AB%E3%82%A6%E3%82%A3%E3%83%83%E3%83%97_Insel%20Seeker(%E3%82%A4%E3%83%B3%E3%82%BC%E3%83%AB%E3%82%B7%E3%83%BC%E3%82%AB%E3%83%BC).png,
一般,土曜,K011,アニマルウィップ,https://gamemarket.jp/booth/3983,,https://x.com/gakugamekari,それはオレのおニクだ！,焼けてるおニクはどこにある？混乱必至のアクションゲーム！,"2,000円",2〜6人,10〜20分,情報なし,,https://note.com/animal_wip/n/na71bf9bcbe70,,,ボドゲゴー,https://storage.googleapis.com/bodogego_public/creator_event/game_market_2024_autumn/%E3%82%A2%E3%83%8B%E3%83%9E%E3%83%AB%E3%82%A6%E3%82%A3%E3%83%83%E3%83%97_%E3%81%9D%E3%82%8C%E3%81%AF%E3%82%AA%E3%83%AC%E3%81%AE%E3%81%8A%E3%83%8B%E3%82%AF%E3%81%A0%EF%BC%81.png,
一般,土曜,K011,アニマルウィップ,https://gamemarket.jp/booth/3983,,https://x.com/gakugamekari,Wald Builder(ヴァルトビルダー),森の案内人の協力を借りて道を切り拓き街を創り上げろ！,"4,500円",1〜5人,90〜120分,情報なし,,https://note.com/animal_wip/n/n47feefa8ba79,,,ボドゲゴー,https://storage.googleapis.com/bodogego_public/creator_event/game_market_2024_autumn/%E3%82%A2%E3%83%8B%E3%83%9E%E3%83%AB%E3%82%A6%E3%82%A3%E3%83%83%E3%83%97_Wald%20Builder(%E3%83%B4%E3%82%A1%E3%83%AB%E3%83%88%E3%83%93%E3%83%AB%E3%83%80%E3%83%BC).png,
一般,土曜,K011,アニマルウィップ,https://gamemarket.jp/booth/3983,,https://x.com/gakugamekari,ビッドライツ,2人でも遊べる競りゲーム！？ 入札金額を払わない変わった競りシステム,"2,000円",2〜4人,45〜60分,情報なし,,https://note.com/animal_wip/n/n3b73d1753290,,,ボドゲゴー,https://storage.googleapis.com/bodogego_public/creator_event/game_market_2026_spring/game/%E3%82%A2%E3%83%8B%E3%83%9E%E3%83%AB%E3%82%A6%E3%82%A3%E3%83%83%E3%83%97_%E3%83%93%E3%83%83%E3%83%89%E3%83%A9%E3%82%A4%E3%83%84.jpg,
一般,土曜,K011,アニマルウィップ,https://gamemarket.jp/booth/3983,,https://x.com/gakugamekari,ドッペルハンド,両手は別のプレイヤー!?1人2役ペア戦トリテ,"1,500円",2〜2人,30〜30分,情報なし,,https://note.com/animal_wip/n/n57c59e3d9b00,,新作,ボドゲゴー,https://storage.googleapis.com/bodogego_public/creator_event/game_market_2026_autumn/game/%E3%82%A2%E3%83%8B%E3%83%9E%E3%83%AB%E3%82%A6%E3%82%A3%E3%83%83%E3%83%97_%E3%83%89%E3%83%83%E3%83%9A%E3%83%AB%E3%83%8F%E3%83%B3%E3%83%89.jpg,
一般,土曜,K012,永田,https://gamemarket.jp/booth/6165,,https://x.com/NagataGames_,酒場トル〜１個余ってまんがな！〜,遠慮の塊をめぐる３マスのすごろくゲーム,"¥2,000",3〜6人,15〜45分,可,https://forms.gle/5Ko7X7XxiAi1qbU98,https://gamemarket.jp/game/189369,,新作,公式サイト,https://img.gamemarket.jp/20260925_034418_%E3%82%B1%E3%82%99%E3%83%A0%E3%83%9E.png,
一般,土曜,K012,永田,https://gamemarket.jp/booth/6165,,https://x.com/NagataGames_,ニャニャ,ダウト × 七並べの心理戦カードゲーム！指摘をするときは「ニャンだって！？」,0円,3〜6人,15〜60分,情報なし,,https://www.gamemarket.jp/game/186158,,,ボドゲゴー,https://storage.googleapis.com/bodogego_public/creator_event/game_market_2026_autumn/game/%E6%B0%B8%E7%94%B0_%E3%83%8B%E3%83%A3%E3%83%8B%E3%83%A3.jpg,
一般,土曜,K014,kamiasobi,https://gamemarket.jp/booth/5046,,https://x.com/kamiasobi2,岐阜あるあるカルタ YAONE-やおね-,ユニーク過ぎる「岐阜あるある」に挑め！カルタ＆地図パズルで岐阜マニアになろう☆,"1,760円",3〜6人,15〜30分,情報なし,,https://kamiasobi-cardgame.com/original-games/yaone/,,,ボドゲゴー,https://storage.googleapis.com/bodogego_public/creator_event/game_market_2026_autumn/game/kamiasobi_%E5%B2%90%E9%98%9C%E3%81%82%E3%82%8B%E3%81%82%E3%82%8B%E3%82%AB%E3%83%AB%E3%82%BF_YAONE-%E3%82%84%E3%81%8A%E3%81%AD-.jpg,
一般,土曜,K014,kamiasobi,https://gamemarket.jp/booth/5046,,https://x.com/kamiasobi2,シロブシン,前代未聞、全国のお城で築城マージャン。強運と手腕で、野望の城を掴もう！,"2,970円",3〜4人,20〜30分,情報なし,,https://kamiasobi-cardgame.com/original-games/shirobushin/,,,ボドゲゴー,https://storage.googleapis.com/bodogego_public/creator_event/game_market_2026_autumn/game/kamiasobi_%E3%82%B7%E3%83%AD%E3%83%96%E3%82%B7%E3%83%B3.jpg,
一般,土曜,K014,kamiasobi,https://gamemarket.jp/booth/5046,,https://x.com/kamiasobi2,うっかり酒屋の徳兵衛さん,実在の銘酒が迷い惑わす神経酔酌。うっかり屋の店主を助けて、至高の日本酒3本セットを提案しよう。,"2,970円",2〜6人,15〜30分,情報なし,,https://kamiasobi-cardgame.com/original-games/unosan/,,,ボドゲゴー,https://storage.googleapis.com/bodogego_public/creator_event/game_market_2026_autumn/game/kamiasobi_%E3%81%86%E3%81%A3%E3%81%8B%E3%82%8A%E9%85%92%E5%B1%8B%E3%81%AE%E5%BE%B3%E5%85%B5%E8%A1%9B%E3%81%95%E3%82%93.jpg,
一般,土曜,K014,kamiasobi,https://gamemarket.jp/booth/5046,,https://x.com/kamiasobi2,ワードコンセプ塔,２つのワードを当てる、ありそうでなかったワード系推理ゲーム,"1,980円",3〜6人,15〜30分,情報なし,,https://kamiasobi-cardgame.com/original-games/word-conceptower/,,,ボドゲゴー,https://storage.googleapis.com/bodogego_public/creator_event/game_market_2026_autumn/game/kamiasobi_%E3%83%AF%E3%83%BC%E3%83%89%E3%82%B3%E3%83%B3%E3%82%BB%E3%83%97%E5%A1%94.jpg,
一般,土曜,K016,King&#039;s Court,https://gamemarket.jp/booth/6887,,,マッスルダイス,超人チームを編成し、相手チームに立ち向かえ！ 友情パワーで奇跡を起こし、放て、なんとかドライバー！,"¥3,000",2〜4人,30〜60分,不可,,https://gamemarket.jp/game/189464,,新作,公式サイト,https://img.gamemarket.jp/20261006_105354_%E3%83%9E%E3%83%83%E3%82%B9%E3%83%AB%E3%83%80%E3%82%A4%E3%82%B9%E3%82%B5%E3%83%A0%E3%83%8D%E3%82%A4%E3%83%AB3.jpg,
一般,土曜,K017,DOYA GAMES,https://gamemarket.jp/booth/4083,,,ダムバト！,"ダムの建設で""流れ""を変えろ！人間vsビーバーの非対称戦略ゲーム！","¥3,000",2〜4人,45〜60分,可,https://docs.google.com/forms/d/e/1FAIpQLSdsJK_rWjYDoNc8BeU0eCinz4RUY1qCtFC-2f08CMeXMv8c3A/viewform?usp=header,https://gamemarket.jp/game/189099,,新作,公式サイト,https://img.gamemarket.jp/20260917_141413_%E3%82%B2%E3%83%A0%E3%83%9E%E7%A7%8B%E3%82%B5%E3%83%BC%E3%82%AF%E3%83%AB%E3%82%AB%E3%83%83%E3%83%88%20(1).png,
一般,土曜,K018,Yubune games,https://gamemarket.jp/booth/5529,,,ドコナノココナノ,トモダチのこと、ドコまで知ってる？,"¥2,000",3〜8人,10〜30分,可,https://forms.gle/MkzPbyQYM5yfiEVD8,https://gamemarket.jp/game/188966,,新作,公式サイト,https://img.gamemarket.jp/20260909_000544_IMG_9129.JPG,
一般,土曜,K018,Yubune games,https://gamemarket.jp/booth/5529,,,MeePull×3(ミープルプルプル),"""タワー×カード""ワイワイ遊べるアクションゲーム！","¥3,000",2〜4人,15〜20分,可,https://docs.google.com/forms/d/1qWO_8w73L4YjhECvREK26TCTT8yTfCnfs4HFygjPKF4/edit,https://gamemarket.jp/game/186583,,,公式サイト,https://img.gamemarket.jp/20251021_222407_b3b855f9-c802-499b-a5e3-4a008efad0d8.jpg,
一般,土曜,K020,30MinutesGames(TMG),https://gamemarket.jp/booth/6438,,,2026秋新作【目利キング✧】,新(真)作、お持ちしました！,"¥1,000",2〜6人,20〜40分,可,https://forms.gle/xzbWLMfFtheMc9uc9,https://gamemarket.jp/game/189393,,新作,公式サイト,https://img.gamemarket.jp/20260926_173940_%E7%9B%AE%E5%88%A9%E3%82%AD%E3%83%B3%E3%82%B0%E3%83%91%E3%82%B1.jpg,
一般,土曜,K023,WarmNightBooks,https://gamemarket.jp/booth/6051,,https://x.com/WarmNightBooks,どうぶつシャッター,どうぶつたちは自由きまま。走ったり、寝転んだり、おおいそがし！あの手、この手でどうぶつたちをきちんと座らせ、ベストショットを撮ろう！,"2,500円",1〜6人,1〜5分,情報なし,,https://gamemarket.jp/game/188761,あり,新作,ボドゲゴー,https://storage.googleapis.com/bodogego_public/creator_event/game_market_2026_autumn/game/WarmNightBooks_%E3%81%A9%E3%81%86%E3%81%B6%E3%81%A4%E3%82%B7%E3%83%A3%E3%83%83%E3%82%BF%E3%83%BC.jpg,
一般,土曜,K024,はねのけぶとん,https://gamemarket.jp/booth/6533,,,ソレソコ,これは、育てるボドゲ。,"¥2,500",3〜8人,5〜60分,可,https://forms.gle/MHEwjFDTD56DdxNz9,https://gamemarket.jp/game/188935,,新作,公式サイト,https://img.gamemarket.jp/20260925_213959_%E3%82%BD%E3%83%AC%E3%82%BD%E3%82%B3%E5%AE%A3%E4%BC%9D-07%E3%81%AE%E3%82%B3%E3%83%92%E3%82%9A%E3%83%BC.png,
一般,土曜,K024,はねのけぶとん,https://gamemarket.jp/booth/6533,,,１to６,神経衰弱×チキンレース,"¥1,300",2〜4人,5〜15分,可,https://forms.gle/MHEwjFDTD56DdxNz9,https://gamemarket.jp/game/189383,,新作,公式サイト,https://img.gamemarket.jp/20260925_213609_1to6%E7%99%BB%E9%8C%B2%E7%94%BB%E5%83%8F-08.png,
一般,土曜,K024,はねのけぶとん,https://gamemarket.jp/booth/6533,,,アタッシュ!!,「欲しいなら、対価を支払え。隠したいなら、跪け。」,"¥2,500",3〜6人,15〜45分,可,https://forms.gle/MHEwjFDTD56DdxNz9,https://gamemarket.jp/game/188152,,,公式サイト,https://img.gamemarket.jp/20260925_214631_%E3%81%AF%E3%81%AD%E3%81%AE%E3%81%91%E3%82%B1%E3%82%99%E3%83%BC%E3%83%A0%E7%99%BB%E9%8C%B2%E7%94%BB%E5%83%8F_%E3%82%A2%E3%83%BC%E3%83%88%E3%83%9B%E3%82%99%E3%83%BC%E3%83%88%E3%82%99%201.png,
一般,土曜,K024,はねのけぶとん,https://gamemarket.jp/booth/6533,,,HEAD ERROR,好きな『頭』と『体』を自由に組み合わせ、異形を完成させるババ抜き系カードゲームです！体と組み合わせられない『エラー頭』には注意！,"¥2,000",3〜7人,5〜15分,不可,,https://gamemarket.jp/game/188151,,,公式サイト,https://img.gamemarket.jp/20260501_154403_HEAD%E6%8A%95%E7%A8%BF%E7%94%BB%E5%83%8F-06.jpeg,
一般,土曜,K027,二度あることはサンドボックス,https://gamemarket.jp/booth/6183,,,リョウリノトリデ,美食バトルは後攻有利！数字のない料理バトルトリックテイキング！,"¥3,500",3〜5人,30〜60分,可,https://docs.google.com/forms/d/e/1FAIpQLSf7m1SZgAM8LIabSfvnGuWkE8SL1Vvu0Sc6ka4U-pA6KSbKSg/viewform?usp=dialog,https://gamemarket.jp/game/189326,,新作,公式サイト,https://img.gamemarket.jp/20260922_205113_99f9d6c1586a8b2c.jpg,
一般,土曜,K028,アンシャンゲームズ,https://gamemarket.jp/booth/5260,,https://x.com/anciengames,ポンコン～ダマして、そろえて、化かし合い～,相手を騙して、3枚組を目指そう タヌキとキツネの化かし合いゲーム！,"¥1,000",3〜5人,10〜15分,可,https://forms.gle/PEJDZboUci4kUyGB7,https://gamemarket.jp/game/188965,あり,新作,公式サイト,https://img.gamemarket.jp/20260908_225759_0dd0062302f45f24_senden.jpg,
一般,土曜,K028,アンシャンゲームズ,https://gamemarket.jp/booth/5260,,https://x.com/anciengames,童話人狼～赤ずきんとハロウィンの夜～,自分の正体がわからない超お手軽な人狼風ゲーム第二弾,"¥1,000",3〜6人,5〜10分,可,https://forms.gle/PEJDZboUci4kUyGB7,https://gamemarket.jp/game/189025,あり,新作,公式サイト,https://img.gamemarket.jp/20260911_200124_%E8%B5%A4%E3%81%9A%E3%81%8D%E3%82%93%E5%AE%A3%E4%BC%9D%E7%94%A8%E7%94%BB%E5%83%8F.jpg,
一般,土曜,K028,アンシャンゲームズ,https://gamemarket.jp/booth/5260,,https://x.com/anciengames,メレベイユ,お宝を奪い合うセットコレクション系ゲーム！駆け引きや読み合いがお好きな方にオススメです。,"1,000円",3〜6人,15〜60分,情報なし,,https://gamemarket.jp/game/184131,あり,,ボドゲゴー,https://storage.googleapis.com/bodogego_public/creator_event/game_market_2024_autumn/%E3%83%88%E3%83%A9%E3%83%B3%E3%83%97%E9%83%A8_%E3%83%A1%E3%83%AC%E3%83%99%E3%82%A4%E3%83%A6.png,
一般,土曜,K028,アンシャンゲームズ,https://gamemarket.jp/booth/5260,,https://x.com/anciengames,リフレクトルタ,敵も味方も入れ替わる!?裏切りと騙し合いの正体隠匿系ゲーム!!,"2,000円",4〜6人,40〜60分,情報なし,,https://gamemarket.jp/game/182765,あり,,ボドゲゴー,https://storage.googleapis.com/bodogego_public/creator_event/game_market_2024_autumn/%E3%83%88%E3%83%A9%E3%83%B3%E3%83%97%E9%83%A8_%E3%83%AA%E3%83%95%E3%83%AC%E3%82%AF%E3%83%88%E3%83%AB%E3%82%BF.png,
一般,土曜,K028,アンシャンゲームズ,https://gamemarket.jp/booth/5260,,https://x.com/anciengames,童話人狼〜アリス探しの一夜裁判〜,「私は誰？」から始まる偽物探しの人狼風ゲーム,"1,000円",3〜8人,4〜8分,情報なし,,https://gamemarket.jp/game/186137,あり,,ボドゲゴー,https://firebasestorage.googleapis.com/v0/b/bodogego.appspot.com/o/images%2F17615781052092c.jpg?alt=media&token=2c32b4ec-e9f0-4a83-8c28-ce1185ee1450,
一般,土曜,K032,アヂサワゲーム,https://gamemarket.jp/booth/1503,,,ウィンドリーダー,風を読め！熱気球レースのボードゲーム,"¥2,000",2〜5人,20〜50分,不可,,https://gamemarket.jp/game/189711,,新作,公式サイト,https://img.gamemarket.jp/20261007_210230_%E7%AE%B1.jpg,
一般,土曜,K033,じゅごんゲームズ,https://gamemarket.jp/booth/4863,,,インスタントシンジケート,シンプルなルールでヒリつく蹴落とし合い！かっこかわいい動物キャラが終結だ。,"¥2,000",3〜5人,15〜30分,可,https://docs.google.com/forms/d/e/1FAIpQLSdi9Fc_k9WnDSfmjjUYfx6mfSK_yq99xW2ybEM0-anGUdiTYQ/viewform?usp=header,https://gamemarket.jp/game/188173,,,公式サイト,https://img.gamemarket.jp/20260518_013310_istop.png,
一般,土曜,K033,じゅごんゲームズ,https://gamemarket.jp/booth/4863,,,農協ラブストーリー（26秋カタログでは「大根ラブストーリー」と記載）,どこから突っ込めば良いのか、分からないままボケは流れて,¥500,2〜8人,5〜15分,不可,,https://gamemarket.jp/game/189346,,新作,公式サイト,https://img.gamemarket.jp/20260930_011936_%E3%82%B9%E3%82%AF%E3%83%AA%E3%83%BC%E3%83%B3%E3%82%B7%E3%83%A7%E3%83%83%E3%83%88%202026-09-30%20011615%20(%E5%B0%8F).png,
一般,土曜,K033,じゅごんゲームズ,https://gamemarket.jp/booth/4863,,,ゴーアウトふぉーざむーん（ゴーアウト For the moon）,誰でも一回は主役になりたい！ かわいくおしゃれなダイフゴー系カードゲーム,"¥1,800",3〜6人,5〜15分,不可,,https://gamemarket.jp/game/186568,,,公式サイト,https://img.gamemarket.jp/20251020_225424_gfm.jpg,
一般,土曜,K034,愉快班,https://gamemarket.jp/booth/4133,,,パラパラパラノーマル,パラパラマンガ×異常探し,"¥2,500",2〜4人,15〜60分,可,https://t.co/YhCAhN9v10,https://gamemarket.jp/game/188752,,新作,公式サイト,https://img.gamemarket.jp/20261003_092509_%E3%83%91%E3%83%A9%E3%83%91%E3%83%A9%E3%83%91%E3%83%A9%E3%83%8E%E3%83%BC%E3%83%9E%E3%83%AB_KV%E8%AA%AC%E6%98%8E%E3%81%82%E3%82%8A.jpg,
一般,土曜,K035,いかるが図録,https://gamemarket.jp/booth/6889,,,ぶつぞうポーカー仏カード,個性豊かな仏像で役を作り、徳点を集めよう！,"¥1,800",2〜4人,5〜10分,不可,,https://gamemarket.jp/game/188893,,新作,公式サイト,https://img.gamemarket.jp/20260902_132019_ca543564.jpeg,
一般,土曜,K036,Dusk Games,https://gamemarket.jp/booth/6612,,,THRUSTER CREW - スラスター クルー -,力を合わせて基地へと帰還せよ！ 4人の絆が試される協力(ときどき人狼)ゲーム,"¥4,000",4人,30〜45分,可,https://forms.gle/Va6BDSP6vF9ApTob7,https://gamemarket.jp/game/189320,,新作,公式サイト,https://img.gamemarket.jp/20261006_101319_%E3%82%B2%E3%83%BC%E3%83%A0%E3%83%9E%E3%83%BC%E3%82%B1%E3%83%83%E3%83%88%E3%80%80%E5%85%AC%E5%BC%8F%202.png,
一般,土曜,K036,Dusk Games,https://gamemarket.jp/booth/6612,,,patron's puppets -パトロンズ パペッツ-,莫大な資産と悪知恵で『世界』という名の傀儡を操れ,"¥2,500",2〜4人,15〜30分,可,https://forms.gle/sUXP2QsSPpN3K1tZ6,https://gamemarket.jp/game/187523,,,公式サイト,https://img.gamemarket.jp/20260926_180519_gm%20%E5%85%AC%E5%BC%8F%202026%E7%A7%8B%202.png,
一般,土曜,K038,POLAR POND GAMES,https://gamemarket.jp/booth/1901,,,眠らない探検隊,全員共通のアンデッド駒を動かしながら、遺跡探索をする軽めのボードゲーム,"¥3,800",2〜4人,20〜20分,可,https://forms.gle/AEHKd4SGTLaAv82S9,https://gamemarket.jp/game/189227,,新作,公式サイト,https://img.gamemarket.jp/20260919_230956_nmtkt_main_s.jpg,
一般,土曜,K038,POLAR POND GAMES,https://gamemarket.jp/booth/1901,,,階段の街,街並みのカードを配置して、自分の散歩ルートをつくる軽めのカードゲーム。,"¥2,500",2〜4人,20〜20分,不可,,https://gamemarket.jp/game/188035,,,公式サイト,https://img.gamemarket.jp/20260919_230605_kdm_main_s.jpg,
一般,土曜,K039,オマエんチ,https://gamemarket.jp/booth/5943,,,かまへん,同じ言葉でも、イントネーションが変われば意味が変わる！みんなで声を出して遊ぶ発声パーティゲーム！,"¥1,500",2〜6人,10〜2分,可,https://forms.gle/fpYF4yKm7Bh1rU198,https://gamemarket.jp/game/189480,,新作,公式サイト,https://img.gamemarket.jp/20260930_000425_1.png,
一般,土曜,K041,ずんだボードゲーム会,https://gamemarket.jp/booth/6890,,,Zunmomon,Connect 5 to Win!! But watch out for a little mischief!,"¥1,500",2人,5〜15分,可,https://forms.gle/DrSMvcbhF9nNP8E38,https://gamemarket.jp/game/188952,,,公式サイト,https://img.gamemarket.jp/20260922_152407_%E3%82%B9%E3%82%AF%E3%83%AA%E3%83%BC%E3%83%B3%E3%82%B7%E3%83%A7%E3%83%83%E3%83%88%202026-09-22%20152320.png,
一般,土曜,K041,ずんだボードゲーム会,https://gamemarket.jp/booth/6890,,,コール！コール！コール！日本全国コール選手権,誰よりも早く叫ぶか？誰よりも熱くコールするか？それは君次第だ！,"¥1,500",3〜6人,5〜15分,可,https://forms.gle/C9RWDw9wnanirptr7,https://gamemarket.jp/game/188882,,新作,公式サイト,https://img.gamemarket.jp/20260901_220953_1000005500.jpg,
一般,土曜,K041,ずんだボードゲーム会,https://gamemarket.jp/booth/6890,,,ZUNDA energy,ずんだ×サイバーパンク,"¥2,000",4人,20〜30分,可,https://forms.gle/DrSMvcbhF9nNP8E38,https://gamemarket.jp/game/189433,,新作,公式サイト,https://img.gamemarket.jp/20260928_040813_%E3%82%B9%E3%82%AF%E3%83%AA%E3%83%BC%E3%83%B3%E3%82%B7%E3%83%A7%E3%83%83%E3%83%88%202026-09-28%20034220.png,
一般,土曜,K041,ずんだボードゲーム会,https://gamemarket.jp/booth/6890,,,ずんももん,５つつなげて勝利！！時にはイタズラしちゃうかも？？,"¥1,500",2人,5〜15分,可,https://forms.gle/DrSMvcbhF9nNP8E38,https://gamemarket.jp/game/188840,,新作,公式サイト,https://img.gamemarket.jp/20260922_152200_%E3%82%B9%E3%82%AF%E3%83%AA%E3%83%BC%E3%83%B3%E3%82%B7%E3%83%A7%E3%83%83%E3%83%88%202026-09-22%20152032.png,
一般,土曜,K042,鳴海製作所娯楽部,https://gamemarket.jp/booth/2118,,,抵抗カラーコード神経衰弱,知っていますか？ 茶黒茶金は100Ω（±5%）だということを。,"¥1,500",1〜6人,10〜20分,可,https://docs.google.com/forms/d/1F8LO--bmFnE7vs7mfGER58toFoomhoVllNi9Ka8DyC8/preview,https://gamemarket.jp/game/189183,,新作,公式サイト,https://img.gamemarket.jp/20260919_000056_resistor-color-code-memory.png,
一般,土曜,K045,茄子工房,https://gamemarket.jp/booth/6720,,https://x.com/nasukobo,手抜き謎,手抜き謎,¥200,1〜2人,10〜44分,不可,,https://gamemarket.jp/game/188472,,,公式サイト,https://img.gamemarket.jp/20260516_003342_%E3%82%B9%E3%82%AF%E3%83%AA%E3%83%BC%E3%83%B3%E3%82%B7%E3%83%A7%E3%83%83%E3%83%88%202026-05-14%20123930.png,
一般,土曜,K045,茄子工房,https://gamemarket.jp/booth/6720,,https://x.com/nasukobo,とよとみみ,全部聞こえたら、聖徳太子,"¥2,000",3〜10人,10〜20分,可,https://forms.gle/d6sVFRapS8zy6dEM7,https://gamemarket.jp/game/189405,,新作,公式サイト,https://img.gamemarket.jp/20260926_234325_X%E5%BA%83%E5%A0%B1%E7%94%A8%E7%94%BB%E5%83%8F%EF%BC%91.png,
一般,土曜,K045,茄子工房,https://gamemarket.jp/booth/6720,,https://x.com/nasukobo,バらばラ,【持ち帰り謎】繋いで、合わせて、見方を変えて,¥500,1〜2人,15〜60分,不可,,https://gamemarket.jp/game/188672,,,公式サイト,https://img.gamemarket.jp/20260522_111903_%E3%82%B9%E3%83%A9%E3%82%A4%E3%83%891.PNG,
一般,土曜,K045,茄子工房,https://gamemarket.jp/booth/6720,,https://x.com/nasukobo,星降る村の生贄,GMレスの本格派マーダーミステリー！,"¥3,000",6人,100〜150分,可,https://forms.gle/La7sEt2NR3wj9uLS7,https://gamemarket.jp/game/188429,,,公式サイト,https://img.gamemarket.jp/20260514_165345_%E3%82%B9%E3%82%AF%E3%83%AA%E3%83%BC%E3%83%B3%E3%82%B7%E3%83%A7%E3%83%83%E3%83%88%202026-05-14%20165318.png,
一般,土曜,K045,茄子工房,https://gamemarket.jp/booth/6720,,https://x.com/nasukobo,兵站戦線-Logistics Front-,国家を導き、欧州の覇者を目指せ！,"¥4,500",2〜5人,120〜180分,可,https://forms.gle/La7sEt2NR3wj9uLS7,https://gamemarket.jp/game/188421,,,公式サイト,https://img.gamemarket.jp/20260514_005122_%E3%82%B9%E3%82%AF%E3%83%AA%E3%83%BC%E3%83%B3%E3%82%B7%E3%83%A7%E3%83%83%E3%83%88%202026-05-14%20001220.jpg,
一般,土曜,K045,茄子工房,https://gamemarket.jp/booth/6720,,https://x.com/nasukobo,FLAG POKER,ポーカーベースの旗取り合戦！,"¥1,500",2〜5人,10〜20分,可,https://docs.google.com/forms/d/e/1FAIpQLScDNjcHyi-m2jiZROaC3Aflbtz5nTVK-xm5ic3gE4wDCMYB2w/viewform,https://gamemarket.jp/game/189723,,新作,公式サイト,https://img.gamemarket.jp/20261008_045708_%E3%82%B9%E3%82%AF%E3%83%AA%E3%83%BC%E3%83%B3%E3%82%B7%E3%83%A7%E3%83%83%E3%83%88%202026-10-08%20045646.png,
一般,土曜,K045,茄子工房,https://gamemarket.jp/booth/6720,,https://x.com/nasukobo,ゲーミングナズナ,ゲーミングナズナ,"¥1,500",2〜4人,10〜20分,可,https://forms.gle/La7sEt2NR3wj9uLS7,https://gamemarket.jp/game/188123,,,公式サイト,https://img.gamemarket.jp/20260430_111541_%E3%83%91%E3%83%83%E3%82%B1%E3%83%BC%E3%82%B8%E6%AD%A3%E9%9D%A2.png,
一般,土曜,K045,茄子工房,https://gamemarket.jp/booth/6720,,https://x.com/nasukobo,鐘の音響くよ戦犯探し,【マダミス】軍事基地で起きた事件の謎を解き明かせ,"¥3,000",5〜7人,150〜180分,可,https://forms.gle/La7sEt2NR3wj9uLS7,https://gamemarket.jp/game/189377,,新作,公式サイト,https://img.gamemarket.jp/20260925_163545_%E3%82%B9%E3%82%AF%E3%83%AA%E3%83%BC%E3%83%B3%E3%82%B7%E3%83%A7%E3%83%83%E3%83%88%202026-09-25%20162651.png,
一般,土曜,K045,茄子工房,https://gamemarket.jp/booth/6720,,https://x.com/nasukobo,ARCANA DOUBT,ダウト×特殊効果 心理戦パーティーゲーム,"¥1,500",2〜4人,15〜30分,可,https://forms.gle/La7sEt2NR3wj9uLS7,https://gamemarket.jp/game/188431,,,公式サイト,https://img.gamemarket.jp/20260514_172230_ARCANA%20DOUBT%E3%82%B5%E3%83%A0%E3%83%8D%E6%A8%AA.jpg,
一般,土曜,K047,ヴェルフェル@大宮ボドゲ会,https://gamemarket.jp/booth/1423,,,埼玉発見！Rank×Linkさいたま,埼玉のランキングで５目並べ！,"¥3,000",2〜12人,15〜30分,不可,,https://gamemarket.jp/game/189063,,新作,公式サイト,https://img.gamemarket.jp/20260924_013945_rls.jpg,
一般,土曜,K052,ワサビゲームズ,https://gamemarket.jp/booth/6141,,,手抜きマンション ババババーン,建てて、壊して、育てて、奪う！,"¥2,500",2〜4人,15〜20分,可,https://forms.gle/4eNdFgTArmqzV1be6,https://gamemarket.jp/game/189653,,新作,公式サイト,https://img.gamemarket.jp/20261006_181424_1000019344.jpg,
一般,土曜,K053,Seeker Games,https://gamemarket.jp/booth/4605,,https://x.com/DnSeekers,フリップパイレーツ,コインを弾いて宝島を目指せ。海賊達のお宝争奪戦！,"¥2,000",2〜4人,10〜15分,不可,,https://gamemarket.jp/game/188843,あり,新作,公式サイト,https://img.gamemarket.jp/20260908_220004_%E3%83%95%E3%83%AA%E3%83%83%E3%83%97%E3%83%91%E3%82%A4%E3%83%AC%E3%83%BC%E3%83%84%E8%A1%A8.jpg,
一般,土曜,K053,Seeker Games,https://gamemarket.jp/booth/4605,,https://x.com/DnSeekers,マンドラピッカー,マンドラゴラ農家×チキンレース！,"2,000円",2〜4人,10〜15分,情報なし,,https://gamemarket.jp/game/186877,あり,,ボドゲゴー,https://storage.googleapis.com/bodogego_public/creator_event/game_market_2026_autumn/game/Seeker_Games_%E3%83%9E%E3%83%B3%E3%83%89%E3%83%A9%E3%83%94%E3%83%83%E3%82%AB%E3%83%BC.jpg,
一般,土曜,K054,Avignon Games,https://gamemarket.jp/booth/4431,,,ぴたぴた,うるさすぎるペア探しゲーム！,"¥1,500",3〜6人,2〜2分,可,https://forms.gle/fbKDLYL7tK33saFc9,https://gamemarket.jp/game/189207,,新作,公式サイト,https://img.gamemarket.jp/20260919_011120_%E3%81%B4%E3%81%9F%E3%81%B4%E3%81%9F%E8%A1%A8%E7%B4%99%E7%94%BB%E5%83%8F.png,
一般,土曜,K057,十月十日+十人十色,https://gamemarket.jp/booth/5089,,https://x.com/navi_luna,かめとジェリー,疑似時間制限ボードゲーム,"¥4,000",5〜7人,10〜20分,不可,,https://gamemarket.jp/game/189255,あり,新作,公式サイト,https://img.gamemarket.jp/20260927_015918_%E3%82%B5%E3%83%A0%E3%83%8D%E7%94%A8.jpg,
一般,土曜,K061,くろねこループ,https://gamemarket.jp/booth/5071,,,【K-061/2026秋】カケルカケルカ,マイナス×マイナスで大逆転！たった2枚の手札で戦う対戦カードゲーム！,"¥2,500",2〜6人,10〜30分,可,https://docs.google.com/forms/d/e/1FAIpQLSfAtYalloVYVXjMzQ1hus1ZMFAGbnqcnu4P4MATNM_KVjyL7A/viewform?usp=dialog,https://gamemarket.jp/game/189577,,,公式サイト,https://img.gamemarket.jp/20261004_085425_2025_10_25.jpg,
一般,土曜,K061,くろねこループ,https://gamemarket.jp/booth/5071,,,【K-061/2026秋】ステラステラス,光の魔法石をお客さんに届けて明かりを灯すブラフゲーム！,"¥2,500",2〜6人,10〜40分,可,https://docs.google.com/forms/d/e/1FAIpQLSfAtYalloVYVXjMzQ1hus1ZMFAGbnqcnu4P4MATNM_KVjyL7A/viewform?usp=dialog,https://gamemarket.jp/game/189576,,,公式サイト,https://img.gamemarket.jp/20261004_084236_2025_10_25_10.jpg,
一般,土曜,K063,空葉堂(KUYODO),https://gamemarket.jp/booth/4042,,,ボ哲の紙＋術語スケルトンパズル,AI時代にボードゲームをもっと楽しむための読む遊び「ボードゲーム哲学」コラム集に、術語を用いたスケルトンパズルを収録しました。,"¥2,200",1人,〜分,不可,,https://gamemarket.jp/game/186365,,新作,公式サイト,https://img.gamemarket.jp/20251017_180521_botetsu_no_kami_hyoshi%E3%81%AE%E3%82%B3%E3%83%92%E3%82%9A%E3%83%BC2_blur%20(1).jpeg,
一般,土曜,K063,空葉堂(KUYODO),https://gamemarket.jp/booth/4042,,,雅々（がが）,「みやび！」と高らかに言い放ち勝利を手にするか、「みやび重ね」を返されて敗北を喫するか。布製ボードも美しい和風ボードゲームです。,"¥7,700",2〜5人,10〜30分,不可,,https://gamemarket.jp/game/183550,,新作,公式サイト,https://img.gamemarket.jp/20240516_131239_03775c24ec95f954c1a71e6ca85d714c-s.png,
一般,土曜,K063,空葉堂(KUYODO),https://gamemarket.jp/booth/4042,,,黙談 -Silentalk-,すれちがうって楽しー！ 新感覚すぎる協力パーティゲーム,"¥8,800",2〜5人,5〜30分,可,https://forms.gle/FtFKfuU1RmZfYc4P8,https://gamemarket.jp/game/188503,,新作,公式サイト,https://img.gamemarket.jp/20260517_005945_5f7a23f1ce5bc1320e0793fe41316d3c.jpeg,
一般,土曜,K064,JUGAME STUDIO,https://gamemarket.jp/booth/1801,,https://x.com/JUGAME_STUDIO,POCKET MUSEUM （ポケットミュージアム）,ポケットサイズ、カード32枚で展覧会！,"¥1,500",2〜3人,20〜20分,可,https://docs.google.com/forms/d/e/1FAIpQLSd-FCSqeiuc6FDZBYKXGqB_uwdgC0Vy266cbanQ7s-VlTdTZw/viewform?usp=header,https://gamemarket.jp/game/189097,,新作,公式サイト,https://img.gamemarket.jp/20260917_105923_Museum_PR_img_1_MUSEUM_web_TGM.png,
一般,土曜,K064,JUGAME STUDIO,https://gamemarket.jp/booth/1801,,https://x.com/JUGAME_STUDIO,ポケットミュージアム拡張：エジプトの秘宝,ポケットサイズのミュージアム。拡張でソロから4人プレイに対応！,"¥1,000",1〜4人,20〜20分,可,https://docs.google.com/forms/d/e/1FAIpQLSd-FCSqeiuc6FDZBYKXGqB_uwdgC0Vy266cbanQ7s-VlTdTZw/viewform?usp=header,https://gamemarket.jp/game/189375,,新作,公式サイト,https://img.gamemarket.jp/20260925_155727_Museum_PR_img_1_MUSEUM%E6%8B%A1%E5%BC%B5_web_TGM.png,
一般,土曜,K064,JUGAME STUDIO,https://gamemarket.jp/booth/1801,,https://x.com/JUGAME_STUDIO,真打POCKET【TRPG落語編】,落語カードゲーム「真打ポケット」に落語家とのコラボバージョンが登場,"¥2,000",1〜2人,15〜20分,可,https://forms.gle/Gfo4nxpnJxPCXpJd8,https://gamemarket.jp/game/187796,,,公式サイト,https://img.gamemarket.jp/20260415_235024_Shinuchi-TRPG_PR_img_1-web_169s.jpg,
一般,土曜,K064,JUGAME STUDIO,https://gamemarket.jp/booth/1801,,https://x.com/JUGAME_STUDIO,DAIMYO PARADE／大名パレード,家臣を並べて大名行列。あなたの采配で、最も美しい大名行列を完成させよう！,"¥2,000",1〜2人,15〜20分,可,https://forms.gle/2Y8stECY3DJyVmdD7,https://gamemarket.jp/game/186636,,,公式サイト,https://img.gamemarket.jp/20251023_210548_daimyo_PR_img_1_web.png,
一般,土曜,K065,てねずっとGames,https://gamemarket.jp/booth/5891,,,すすめ！コーギー！GP,コーギーレースカードゲーム！,"¥2,500",2〜4人,20〜30分,可,https://forms.gle/HPWvDc7qECtQzkVt8,https://gamemarket.jp/game/187981,,,公式サイト,https://img.gamemarket.jp/20260425_105811_%E3%81%99%E3%81%99%E3%82%81%EF%BC%81%E3%82%B3%E3%83%BC%E3%82%AE%E3%83%BC%EF%BC%81GP_001.jpg,
一般,土曜,K065,てねずっとGames,https://gamemarket.jp/booth/5891,,,スキあり！ぜんしんけん,相手の技のスキを突き、連撃で先に技を出し切れ！,"¥2,000",2〜4人,10〜20分,可,https://forms.gle/HPWvDc7qECtQzkVt8,https://gamemarket.jp/game/188999,,新作,公式サイト,https://img.gamemarket.jp/20260911_054826_%E5%85%AC%E5%BC%8F%E3%82%B5%E3%82%A4%E3%83%88%E7%94%A81920%C3%971080.jpg,
一般,土曜,K068,Dimidium木星文庫,https://gamemarket.jp/booth/4797,,,CookPot! 『クックポット!』,競争では実力だけでなく真の「幸運」も求められます···,"¥3,000",2〜5人,15〜30分,可,https://forms.gle/YAZ8o9ctzzY53CLM7,https://gamemarket.jp/game/182089,,,公式サイト,https://img.gamemarket.jp/20241021_194958_sd.JPG,
一般,土曜,K068,Dimidium木星文庫,https://gamemarket.jp/booth/4797,,,何曜日だった者,闇に包まれた都市を舞台に繰り広げられる、陣取りと正体隠匿,"¥3,000",2〜4人,20〜40分,可,https://forms.gle/zLrNKgCNR2ueBNgK7,https://gamemarket.jp/game/188773,,新作,公式サイト,https://img.gamemarket.jp/20260827_140020_game_title3.jpg,
一般,土曜,K068,Dimidium木星文庫,https://gamemarket.jp/booth/4797,,,ECLIPSE TRICKS,トリックテイキングの境界に立つ、2人専用のアブストラクト・トリックテイキング！,"¥3,000",2人,10〜20分,可,https://forms.gle/9Hx3pRFmc64SFudZA,https://gamemarket.jp/game/189529,,新作,公式サイト,https://img.gamemarket.jp/20261006_140438_ET_%20(1).jpg,
一般,土曜,K069,Dice-Knot(PR),https://gamemarket.jp/booth/2269,,,【準新作】ムチャブリ金言～青春のお言葉・ベテランのお言葉・夜のお言葉～,金言(イイコト)を言いたい皆様に朗報!?新たな金言を作り出す大喜利ゲーム,"¥1,500",3〜6人,5〜15分,可,https://forms.gle/RNEF6XL9RVwLuN2S7,https://gamemarket.jp/game/189024,,,公式サイト,https://img.gamemarket.jp/20260911_182028_202501107-16_1.jpg,
一般,土曜,K069,Dice-Knot(PR),https://gamemarket.jp/booth/2269,,,【再販】もふなべ -通常版-,SNSで話題のみんな大好き”ねこ鍋”・・・ねこ様達を集めて自分だけの”ねこ鍋”を完成させよう!!,"¥4,000",3〜5人,30〜60分,可,https://forms.gle/RNEF6XL9RVwLuN2S7,https://gamemarket.jp/game/189023,,,公式サイト,https://img.gamemarket.jp/20260911_181000_167_20240311_Dice-Knot(PR)%E6%A7%98_%E3%82%82%E3%81%B5%E3%81%AA%E3%81%B9_04211.jpg,
一般,土曜,K069,Dice-Knot(PR),https://gamemarket.jp/booth/2269,,,【新作】砕破忍 -Cipher Nin-,かつて戦国の世に暗号を武器として戦った忍の一団が存在した。人は彼らを砕破忍と呼んだ・・・,"¥4,000",3〜6人,30〜60分,可,https://forms.gle/RNEF6XL9RVwLuN2S7,https://gamemarket.jp/game/188973,,新作,公式サイト,https://img.gamemarket.jp/20260910_231938_20260901_165738_1.jpg,
一般,土曜,K074,教授のここだけのゲーム,https://gamemarket.jp/booth/1121,,,ちーずぱーりー,ねずみとねこの、ばかしあい。,"¥3,500",2人,10〜15分,可,https://docs.google.com/forms/d/e/1FAIpQLSdGfJNqybQMJfnvuAds_hb2XbsT6owpa4o3JQXEA8zTbs0JEQ/viewform,https://gamemarket.jp/game/189225,,新作,公式サイト,https://img.gamemarket.jp/20260919_215953_S__74489859.jpg,
一般,土曜,K076,ヤマヤタケシと203GAMES,https://gamemarket.jp/booth/3183,,,僕たちは放課後森へ行ったら、神と出会ってしまった。,秋の夕暮れ、森の中で始まる、負けられない競争。,"¥2,000",3〜4人,10〜13分,不可,,https://gamemarket.jp/game/189344,,新作,公式サイト,https://img.gamemarket.jp/20260923_211009_thumbnail-box.jpg,
一般,土曜,L001,ルドルフゲームズ,https://gamemarket.jp/booth/5073,,https://x.com/MrandMrs_Games,よえたこ！,さかさまの言葉を聞いて、ひらめいたら答えよう！,"¥2,000",3〜6人,10〜15分,不可,,https://gamemarket.jp/game/189083,,新作,公式サイト,https://img.gamemarket.jp/20260915_214957_4fd7e0107f414549.jpg,
一般,土曜,L001,ルドルフゲームズ,https://gamemarket.jp/booth/5073,,https://x.com/MrandMrs_Games,きまぐれにゃんこめくり,"ごろごろ❤orしゃー！💢？ねこのきまぐれに振り回される""ねこなで""チキンレース！","1,500円",2〜4人,5〜15分,情報なし,,https://gamemarket.jp/game/188784,あり,新作,ボドゲゴー,https://storage.googleapis.com/bodogego_public/creator_event/game_market_2026_autumn/game/%E3%81%BF%E3%81%99%E3%81%9F%E3%83%BC%E3%81%82%E3%82%93%E3%81%A9%E3%81%BF%E3%81%9B%E3%81%99%E3%81%92%E3%83%BC%E3%82%80%E3%81%9A_%E3%81%8D%E3%81%BE%E3%81%90%E3%82%8C%E3%81%AB%E3%82%83%E3%82%93%E3%81%93%E3%82%81%E3%81%8F%E3%82%8A.jpg,
一般,土曜,L003,酔いどれ趣造,https://gamemarket.jp/booth/3731,,,BlendersTricks,原酒カードをバランスよく獲得し、最高の美酒を生み出すトリックテイキングゲーム,"¥3,000",3〜5人,30〜45分,可,https://forms.gle/4LshbnBFEwNkpiEa6,https://gamemarket.jp/game/188746,,新作,公式サイト,https://img.gamemarket.jp/20260811_124846_box-omote.jpg,
一般,土曜,L004,みすたーあんどみせすげーむず,https://gamemarket.jp/booth/4754,,,SAUNNER'S PRIDE ~「整い」じゃねえ、「闘い」だ！~,"サウナ×ブラフ×チキンレース！ SP ""サウナーズプライド"" を高めて勝利を目指せ！","¥2,500",2〜4人,20〜40分,可,https://docs.google.com/forms/d/e/1FAIpQLScGEbSWQOaUiiUUz4KzPt-PWfJdlzX2Fu5X0DGNGy8-2oV3tQ/viewform?usp=dialog,https://gamemarket.jp/game/180555,,,公式サイト,https://img.gamemarket.jp/20240811_130700_%E3%82%B5%E3%83%A0%E3%83%8D%E3%83%87%E3%82%B6%E3%82%A4%E3%83%B32_%E3%82%A2%E3%83%BC%E3%83%88%E3%83%9C%E3%83%BC%E3%83%89%201.jpg,
一般,土曜,L004,みすたーあんどみせすげーむず,https://gamemarket.jp/booth/4754,,,ステップシーカーズ,「どこから音が聞こえたか」を聞き分けられるか！？”立体聴覚”を駆使して戦う新感覚ボードゲーム！,"¥3,000",2〜4人,5〜15分,可,https://docs.google.com/forms/d/e/1FAIpQLScGEbSWQOaUiiUUz4KzPt-PWfJdlzX2Fu5X0DGNGy8-2oV3tQ/viewform?usp=dialog,https://gamemarket.jp/game/187494,,,公式サイト,https://img.gamemarket.jp/20260304_161038_%E3%82%B9%E3%83%86%E3%83%83%E3%83%97%E3%82%B7%E3%83%BC%E3%82%AB%E3%83%BC%E3%82%BA_%E3%82%B5%E3%83%A0%E3%83%8D%E3%82%A4%E3%83%AB%EF%BC%88%E3%82%BF%E3%82%A4%E3%83%88%E3%83%AB%EF%BC%89.png,
一般,土曜,L004,みすたーあんどみせすげーむず,https://gamemarket.jp/booth/4754,,,ドッターコネクター,"点""ドット""をつなげば…なんだコレ？？ お題を点だけで伝えるお絵かき協力ゲーム！","¥3,000",4〜6人,15〜30分,可,https://docs.google.com/forms/d/e/1FAIpQLScGEbSWQOaUiiUUz4KzPt-PWfJdlzX2Fu5X0DGNGy8-2oV3tQ/viewform?usp=dialog,https://gamemarket.jp/game/186270,,,公式サイト,https://img.gamemarket.jp/20251008_200535_%E3%83%89%E3%83%83%E3%82%BF%E3%83%BC%E3%82%B3%E3%83%8D%E3%82%AF%E3%82%BF%E3%83%BC_%E3%82%B5%E3%83%A0%E3%83%8D%E3%82%A4%E3%83%AB_%E3%82%B5%E3%82%A4%E3%82%BA%E8%AA%BF%E6%95%B4.jpg,
一般,土曜,L005,On bOARｄ,https://gamemarket.jp/booth/6898,,,ぼくをあててね,この中にとんでもない「まぎれもの」がいる。,"¥1,500",3〜6人,5〜10分,不可,,https://gamemarket.jp/game/189052,,新作,公式サイト,https://img.gamemarket.jp/20261004_224719_%E8%B2%A9%E4%BF%83%E7%94%A8%E7%94%BB%E5%83%8F%E4%BB%AE.jpg,
一般,土曜,L006,カクテル,https://gamemarket.jp/booth/5683,,,Royal Royale (ロイヤル ロワイヤル),ポーカー×麻雀×カード能力バトル,"¥2,500",3〜4人,30〜60分,可,https://forms.gle/sBFs2zPhrDpkjjaj6,https://gamemarket.jp/game/184751,,,公式サイト,https://img.gamemarket.jp/20241111_123000_IMG_2570.jpeg,
一般,土曜,L006,カクテル,https://gamemarket.jp/booth/5683,,,オボクエ【おぼえてクエストを始める】,【体験版】遊べます！記憶×モンスター討伐,"¥2,500",2〜6人,15〜30分,可,https://forms.gle/sBFs2zPhrDpkjjaj6,https://gamemarket.jp/game/186580,,,公式サイト,https://img.gamemarket.jp/20251105_165420_%E3%82%AA%E3%83%9C%E3%82%AF%E3%82%A8_%E3%83%93%E3%82%B8%E3%83%A5%E3%82%A2%E3%83%AB.png,
一般,土曜,L006,カクテル,https://gamemarket.jp/booth/5683,,,ターミネート大富豪,,"¥1,600",2〜4人,15〜30分,可,https://forms.gle/sBFs2zPhrDpkjjaj6,https://gamemarket.jp/game/187934,,,公式サイト,https://img.gamemarket.jp/20260425_170554_%E7%94%BB%E5%83%8F%E4%BD%9C%E6%88%90_%E4%BD%9C%E6%A5%AD%E3%82%B9%E3%83%9A%E3%83%BC%E3%82%B9.png,
一般,土曜,L006,カクテル,https://gamemarket.jp/booth/5683,,,タイムポーカー,時を超えて手札を育てるポーカー！今に賭けるか、未来に賭けるか。,"¥1,800",2〜5人,15〜30分,可,https://forms.gle/sBFs2zPhrDpkjjaj6,https://gamemarket.jp/game/189569,,新作,公式サイト,https://img.gamemarket.jp/20261003_175804_%E3%82%B5%E3%83%A0%E3%83%8D.png,
一般,土曜,L006,カクテル,https://gamemarket.jp/booth/5683,,,バーストキングダム,爆弾ゲーム×すごろく,"¥1,600",2〜4人,15〜30分,可,https://forms.gle/sBFs2zPhrDpkjjaj6,https://gamemarket.jp/game/185077,,,公式サイト,https://img.gamemarket.jp/20250331_171334_%E3%83%90%E3%83%BC%E3%82%B9%E3%83%88%E3%82%AD%E3%83%B3%E3%82%B0%E3%83%80%E3%83%A0_%E3%83%96%E3%83%BC%E3%82%B9%E3%82%AB%E3%83%83%E3%83%88_%E3%83%95%E3%82%A9%E3%82%A2%E3%82%B7%E3%83%A5%E3%83%942025%E6%98%A5.jpg,
一般,土曜,L011,はまじゅり亭,https://gamemarket.jp/booth/6900,,,結論から言うね。それ、めっちゃ『正解』,みんなで繋ぐ、カオスな「AI構文」！？,"¥2,000",2〜6人,5〜15分,可,forms.gle/gXdYPVcuTw8uDZFL9,https://gamemarket.jp/game/188841,,新作,公式サイト,https://img.gamemarket.jp/20260831_233932_%E3%82%B9%E3%82%AF%E3%83%AA%E3%83%BC%E3%83%B3%E3%82%B7%E3%83%A7%E3%83%83%E3%83%88%202026-08-31%2023.28.35.png,
一般,土曜,L013,KYO-DO GAMES,https://gamemarket.jp/booth/5898,,https://x.com/KYODO_GAMES,FlashFish フラッシュフィッシュ,速すぎる魚たちのレース🏁 速すぎると未来に行ってしまい レースから脱落！？ 1位になる魚を予想し、魚券🎫集める バーストレ,"¥3,500",2〜5人,20〜30分,可,https://forms.gle/kccKK9Rfns76j5Q29,https://gamemarket.jp/game/189446,あり,新作,公式サイト,https://img.gamemarket.jp/20260928_212544_HTIrBombEAAs0-g.jpg,
一般,土曜,L016,篠原遊戯重工,https://gamemarket.jp/booth/1113,,https://x.com/yshino271,ダスクライン（DUSKLINE）,出し切れば勝ち、出せなくなれば負けのゴーアウト。,"2,500円",3〜5人,20〜30分,情報なし,,https://gamemarket.jp/game/188760,,新作,ボドゲゴー,https://storage.googleapis.com/bodogego_public/creator_event/game_market_2026_autumn/game/%E7%AF%A0%E5%8E%9F%E9%81%8A%E6%88%AF%E9%87%8D%E5%B7%A5_%E3%83%80%E3%82%B9%E3%82%AF%E3%83%A9%E3%82%A4%E3%83%B3%EF%BC%88DUSKLINE%EF%BC%89.jpg,
一般,土曜,L017,CALUX GAMES,https://gamemarket.jp/booth/6477,,https://x.com/caluxgames,それはない,ゲームだからズバッと言っちゃえ！,"¥1,000",3〜8人,15〜30分,可,https://docs.google.com/forms/d/e/1FAIpQLSfqwNLq-MdazikZE5DK9lChTnz9KEsAeiuQ9pXMtRBj8lt2UA/viewform,https://gamemarket.jp/game/188780,,新作,公式サイト,https://img.gamemarket.jp/20260821_143918_%E3%81%9D%E3%82%8C%E3%81%AF%E3%81%AA%E3%81%84%E3%83%90%E3%83%8A%E3%83%BC02.jpg,
一般,土曜,L017,CALUX GAMES,https://gamemarket.jp/booth/6477,,https://x.com/caluxgames,FOREST＆FORTUNE 第二弾 氷晶の深淵,森は再び呼んでいる――財を求める者たちを。,"¥3,240",2〜人,20〜40分,可,https://forms.gle/8eZP6WHaB5V5ETwJ8,https://gamemarket.jp/game/187455,,,公式サイト,https://img.gamemarket.jp/20260215_213539_251101.jpg,
一般,土曜,L017,CALUX GAMES,https://gamemarket.jp/booth/6477,,https://x.com/caluxgames,FOREST＆FORTUNE 第一弾,魔法の森には、まだ誰も見たことのない宝が眠っている,"¥3,240",2〜人,20〜40分,可,https://forms.gle/8eZP6WHaB5V5ETwJ8,https://gamemarket.jp/game/187454,,,公式サイト,https://img.gamemarket.jp/20260215_213554_251102.jpg,
一般,土曜,L024,ボドゲパーク調布フォックス,https://gamemarket.jp/booth/4989,,,ハシビロペンギン,逆ピラミッド上に出していくゴーアウトゲーム,"¥2,500",2〜4人,15〜20分,可,https://docs.google.com/forms/d/e/1FAIpQLSeGgIRBTkVFOL-Tve2qZ45VbYCN7ftyftGFKbWitOGlJSJc2Q/viewform?usp=header,https://gamemarket.jp/game/189583,,新作,公式サイト,https://img.gamemarket.jp/20261004_130410_IMG_7414.jpg,
一般,土曜,L027,おすしファクトリー,https://gamemarket.jp/booth/6903,,,カクテルパーティー,みんなの声を聞き分けて、乾杯！,"¥2,000",3〜26人,10〜20分,可,https://forms.gle/6RsKtvMt1xtKWJx2A,https://gamemarket.jp/game/188866,,新作,公式サイト,https://img.gamemarket.jp/20260903_123330_%E3%82%AB%E3%82%AF%E3%83%86%E3%83%AB%E3%83%91%E3%83%BC%E3%83%86%E3%82%A3%E3%83%BC%E3%80%80%E8%A3%BD%E5%93%81%E3%82%B5%E3%83%A0%E3%83%8D03.jpg,
一般,土曜,L028,ラムゲームズ / ランビーフィッシュ,https://gamemarket.jp/booth/5636,,https://x.com/LambGamesJP,カバー・ユア・クッキーズ,クッキーのセット集めたり、奪ったり,"¥3,000",3〜6人,20〜20分,不可,,https://gamemarket.jp/game/189628,,新作,公式サイト,https://img.gamemarket.jp/20261005_174437_LM0024_%E3%82%AB%E3%83%90%E3%83%BC%E3%83%BB%E3%83%A6%E3%82%A2%E3%83%BB%E3%82%AF%E3%83%83%E3%82%AD%E3%83%BC%E3%82%BA_1.jpg,
一般,土曜,L028,ラムゲームズ / ランビーフィッシュ,https://gamemarket.jp/booth/5636,,https://x.com/LambGamesJP,チケットブース,数字カードを集めてマジョリティ勝負,"¥3,000",2〜5人,20〜30分,不可,,https://gamemarket.jp/game/189627,,新作,公式サイト,https://img.gamemarket.jp/20261005_174220_LM0023_%E3%83%81%E3%82%B1%E3%83%83%E3%83%88%E3%83%96%E3%83%BC%E3%82%B9_1.jpg,
一般,土曜,L028,ラムゲームズ / ランビーフィッシュ,https://gamemarket.jp/booth/5636,,https://x.com/LambGamesJP,ノーミング・ア・ラウンド,ゴルフのように数字を低く抑えよう！,"¥3,000",2〜7人,20〜20分,不可,,https://gamemarket.jp/game/189626,,新作,公式サイト,https://img.gamemarket.jp/20261005_174002_LM0022_%E3%83%8E%E3%83%BC%E3%83%9F%E3%83%B3%E3%82%B0%E3%83%BB%E3%82%A2%E3%83%BB%E3%83%A9%E3%82%A6%E3%83%B3%E3%83%89_1.jpg,
一般,土曜,L028,ラムゲームズ / ランビーフィッシュ,https://gamemarket.jp/booth/5636,,https://x.com/LambGamesJP,スリー・ツー・ワン・カウントダウン,手札の合計を少なく抑えて、「カウントダウン」チャレンジ！,"¥3,000",2〜8人,20〜20分,不可,,https://gamemarket.jp/game/189625,,新作,公式サイト,https://img.gamemarket.jp/20261005_173707_LM0021_%E3%82%B9%E3%83%AA%E3%83%BC%E3%83%BB%E3%83%84%E3%83%BC%E3%83%BB%E3%83%AF%E3%83%B3%E3%83%BB%E3%82%AB%E3%82%A6%E3%83%B3%E3%83%88%E3%83%80%E3%82%A6%E3%83%B3_1.jpg,
一般,土曜,L028,ラムゲームズ / ランビーフィッシュ,https://gamemarket.jp/booth/5636,,https://x.com/LambGamesJP,ベアーズ・アンド・ビー,六角形のタイルを、色を合わせてうまく配置しよう！,"¥3,000",2〜5人,30〜30分,不可,,https://gamemarket.jp/game/189624,,新作,公式サイト,https://img.gamemarket.jp/20261005_173452_LM0020_%E3%83%99%E3%82%A2%E3%83%BC%E3%82%BA%E3%83%BB%E3%82%A2%E3%83%B3%E3%83%89%E3%83%BB%E3%83%93%E3%83%BC_1.jpg,
一般,土曜,L028,ラムゲームズ / ランビーフィッシュ,https://gamemarket.jp/booth/5636,,https://x.com/LambGamesJP,ワースト・イン・ショー,純粋な変則トリックテイキング,"¥3,500",3〜5人,30〜40分,不可,,https://gamemarket.jp/game/189623,,新作,公式サイト,https://img.gamemarket.jp/20261005_173134_LM0006_%E3%83%AF%E3%83%BC%E3%82%B9%E3%83%88%E3%83%BB%E3%82%A4%E3%83%B3%E3%83%BB%E3%82%B7%E3%83%A7%E3%83%BC_1.jpg,
一般,土曜,L028,ラムゲームズ / ランビーフィッシュ,https://gamemarket.jp/booth/5636,,https://x.com/LambGamesJP,ディッコリーと魔女の時計,最強の数を切り替えて手札を強化する大富豪系ゲーム,"¥3,500",2人,15〜20分,不可,,https://gamemarket.jp/game/189622,,新作,公式サイト,https://img.gamemarket.jp/20261005_172930_LM0005_%E3%83%87%E3%82%A3%E3%83%83%E3%82%B3%E3%83%AA%E3%83%BC%E3%81%A8%E9%AD%94%E5%A5%B3%E3%81%AE%E6%99%82%E8%A8%88_1.jpg,
一般,土曜,L028,ラムゲームズ / ランビーフィッシュ,https://gamemarket.jp/booth/5636,,https://x.com/LambGamesJP,ノールーズエンズ,手札で銀行強盗を計画しトリックで痕跡をなくす,"¥3,500",2〜5人,30〜40分,不可,,https://gamemarket.jp/game/189621,,新作,公式サイト,https://img.gamemarket.jp/20261005_172705_LM0001_%E3%83%8E%E3%83%BC%E3%83%AB%E3%83%BC%E3%82%BA%E3%82%A8%E3%83%B3%E3%82%BA_1.jpg,
一般,土曜,L028,ラムゲームズ / ランビーフィッシュ,https://gamemarket.jp/booth/5636,,https://x.com/LambGamesJP,フレンドリーフィッシング,隣人をアシストしながら魚タイルを集める,"¥3,500",2〜5人,30〜30分,不可,,https://gamemarket.jp/game/189620,,新作,公式サイト,https://img.gamemarket.jp/20261005_170135_LM0019_%E3%83%95%E3%83%AC%E3%83%B3%E3%83%89%E3%83%AA%E3%83%BC%E3%83%95%E3%82%A3%E3%83%83%E3%82%B7%E3%83%B3%E3%82%B0_1.jpg,
一般,土曜,L028,ラムゲームズ / ランビーフィッシュ,https://gamemarket.jp/booth/5636,,https://x.com/LambGamesJP,ギャング・オブ・キョート,ねことしての暮らしは文句にゃしに最高です。,"¥3,000",2〜5人,15〜20分,不可,,https://gamemarket.jp/game/189619,,新作,公式サイト,https://img.gamemarket.jp/20261005_165839_LM0018_%E3%82%AE%E3%83%A3%E3%83%B3%E3%82%B0%E3%83%BB%E3%82%AA%E3%83%96%E3%83%BB%E3%82%AD%E3%83%A7%E3%83%BC%E3%83%88_1.jpg,
一般,土曜,L028,ラムゲームズ / ランビーフィッシュ,https://gamemarket.jp/booth/5636,,https://x.com/LambGamesJP,キャットペンターズ,獲得札をうまく集めるトリックテイキング,"¥3,300",3〜5人,30〜30分,不可,,https://gamemarket.jp/game/189618,,新作,公式サイト,https://img.gamemarket.jp/20261005_165558_LM0017_%E3%82%AD%E3%83%A3%E3%83%83%E3%83%88%E3%83%9A%E3%83%B3%E3%82%BF%E3%83%BC%E3%82%BA_1.jpg,
一般,土曜,L028,ラムゲームズ / ランビーフィッシュ,https://gamemarket.jp/booth/5636,,https://x.com/LambGamesJP,キャンディ・スパイダーズ・レオパーズ,手札を3枚ずつに分けてカード勝負,"¥3,300",2〜5人,30〜30分,不可,,https://gamemarket.jp/game/189617,,新作,公式サイト,https://img.gamemarket.jp/20261005_165237_LM0016_%E3%82%AD%E3%83%A3%E3%83%B3%E3%83%87%E3%82%A3%E3%83%BB%E3%82%B9%E3%83%91%E3%82%A4%E3%83%80%E3%83%BC%E3%82%BA%E3%83%BB%E3%83%AC%E3%82%AA%E3%83%91%E3%83%BC%E3%82%BA_1.jpg,
一般,土曜,L028,ラムゲームズ / ランビーフィッシュ,https://gamemarket.jp/booth/5636,,https://x.com/LambGamesJP,ミリオンズ・オブ・ダラーズ,役割を選んで強盗に参加。交渉で蹴落とせ。,"¥2,700",3〜9人,20〜30分,不可,,https://gamemarket.jp/game/189616,,新作,公式サイト,https://img.gamemarket.jp/20261005_165051_LM0015_%E3%83%9F%E3%83%AA%E3%82%AA%E3%83%B3%E3%82%BA%E3%83%BB%E3%82%AA%E3%83%96%E3%83%BB%E3%83%80%E3%83%A9%E3%83%BC%E3%82%BA_1.jpg,
一般,土曜,L028,ラムゲームズ / ランビーフィッシュ,https://gamemarket.jp/booth/5636,,https://x.com/LambGamesJP,ヒドゥンリーダーズ・デュエル,場と手元のカードでマジョリティ争い,"¥2,700",2人,20〜20分,不可,,https://gamemarket.jp/game/189615,,新作,公式サイト,https://img.gamemarket.jp/20261005_164827_LM0014_%E3%83%92%E3%83%89%E3%82%A5%E3%83%B3%E3%83%AA%E3%83%BC%E3%83%80%E3%83%BC%E3%82%BA%E3%83%BB%E3%83%87%E3%83%A5%E3%82%A8%E3%83%AB_1.jpg,
一般,土曜,L028,ラムゲームズ / ランビーフィッシュ,https://gamemarket.jp/booth/5636,,https://x.com/LambGamesJP,サマー1960,「ピース」と「ラブ」の2ラウンド！,"¥2,700",2〜4人,15〜15分,不可,,https://gamemarket.jp/game/189614,,新作,公式サイト,https://img.gamemarket.jp/20261005_164556_LM0013_%E3%82%B5%E3%83%9E%E3%83%BC1960_1.jpg,
一般,土曜,L028,ラムゲームズ / ランビーフィッシュ,https://gamemarket.jp/booth/5636,,https://x.com/LambGamesJP,キャットオアキャット,観測するまで数字はわからない。,"¥2,700",2人,10〜20分,不可,,https://gamemarket.jp/game/189613,,新作,公式サイト,https://img.gamemarket.jp/20261005_164340_LM0012_%E3%82%AD%E3%83%A3%E3%83%83%E3%83%88%E3%82%AA%E3%82%A2%E3%82%AD%E3%83%A3%E3%83%83%E3%83%88_1.jpg,
一般,土曜,L028,ラムゲームズ / ランビーフィッシュ,https://gamemarket.jp/booth/5636,,https://x.com/LambGamesJP,ムービートリックス,カードを集めて究極のアクション映画を創るトリックテイキング＋セットコレクションゲーム！,"¥3,300",2〜5人,30〜30分,不可,,https://gamemarket.jp/game/189611,,新作,公式サイト,https://img.gamemarket.jp/20261005_163910_LM0011_%E3%83%A0%E3%83%BC%E3%83%93%E3%83%BC%E3%83%88%E3%83%AA%E3%83%83%E3%82%AF%E3%82%B9_1.jpg,
一般,土曜,L028,ラムゲームズ / ランビーフィッシュ,https://gamemarket.jp/booth/5636,,https://x.com/LambGamesJP,ダブルフェイス,ダブルフェイスは、ひと味違うトリックテイキングゲームです。,"¥3,300",2〜7人,20〜20分,不可,,https://gamemarket.jp/game/189610,,新作,公式サイト,https://img.gamemarket.jp/20261005_163343_LM0010_%E3%83%80%E3%83%96%E3%83%AB%E3%83%95%E3%82%A7%E3%82%A4%E3%82%B9_1.jpg,
一般,土曜,L028,ラムゲームズ / ランビーフィッシュ,https://gamemarket.jp/booth/5636,,https://x.com/LambGamesJP,レピドプテリー,コネクトフォー(四目並べ)とクライミングゲーム(大富豪系ゲーム)を組み合わせた2人用ゲームです。,"3,500円",2〜2人,20〜30分,情報なし,,https://lambgames.lambeefish.com/blogs/boardgame-reviews/lepidoptery,,,ボドゲゴー,https://storage.googleapis.com/bodogego_public/creator_event/game_market_2026_autumn/game/%E3%83%A9%E3%83%A0%E3%82%B2%E3%83%BC%E3%83%A0%E3%82%BA___%E3%83%A9%E3%83%B3%E3%83%93%E3%83%BC%E3%83%95%E3%82%A3%E3%83%83%E3%82%B7%E3%83%A5_%E3%83%AC%E3%83%94%E3%83%89%E3%83%97%E3%83%86%E3%83%AA%E3%83%BC.jpg,
一般,土曜,L029,チームしまね,https://gamemarket.jp/booth/6904,,,JACKS,有機化学×心理戦×戦略,"¥2,500",3〜4人,10〜30分,不可,,https://gamemarket.jp/game/189519,,新作,公式サイト,https://img.gamemarket.jp/20261001_174410_IMG_0594.jpeg,
一般,土曜,L029,チームしまね,https://gamemarket.jp/booth/6904,,,ボードゲーム プレイログノート,遊びの記録を、思い出に。,¥500,1人,5〜5分,不可,,https://gamemarket.jp/game/189277,,新作,公式サイト,https://img.gamemarket.jp/20261001_172227_1148.png,
一般,土曜,L029,チームしまね,https://gamemarket.jp/booth/6904,,,株式会社Xプロジェクト,適材適所で最高のチームをつくりあげろ！,"¥1,000",3〜5人,15〜15分,不可,,https://gamemarket.jp/game/189276,,新作,公式サイト,https://img.gamemarket.jp/20260921_032826_x_project_under_1MB.jpg,
一般,土曜,L029,チームしまね,https://gamemarket.jp/booth/6904,,,▶つづきからはじめる,今日も1マス進もう。,¥100,1〜4人,432000〜432000分,不可,,https://gamemarket.jp/game/189275,,新作,公式サイト,https://img.gamemarket.jp/20260921_032317_tsuzukikara_hajimeru_under_1MB.jpg,
一般,土曜,L029,チームしまね,https://gamemarket.jp/booth/6904,,,画像生成AIは人工娘のイラストを描けるのか？,AIは絵を描ける。だが、「美しい」は誰が決める？,"¥3,000",3〜4人,30〜30分,不可,,https://gamemarket.jp/game/189268,,新作,公式サイト,https://img.gamemarket.jp/20260920_192329_1000009603.jpg,
一般,土曜,L029,チームしまね,https://gamemarket.jp/booth/6904,,,収容違反：SCP-■■■■,言葉が使えない。残された証言は、あなたの絵だけ。,¥0,4人,40〜40分,不可,,https://gamemarket.jp/game/189265,,新作,公式サイト,https://img.gamemarket.jp/20260920_182802_1000009594.jpg,
一般,土曜,L030,SHINSHI TALES,https://gamemarket.jp/booth/6905,,https://x.com/shinshitales,ONE！PUNCH POKER,1枚で殴る、新時代ポーカー。,"¥2,000",2〜6人,10〜20分,可,https://docs.google.com/forms/d/e/1FAIpQLSfrGQbGaJxK_JZXCdwgg4cGaO97bgPLjU6Hq-akWE-y8suwgQ/viewform,https://gamemarket.jp/game/189270,あり,新作,公式サイト,https://img.gamemarket.jp/20260920_213011_%E3%83%AF%E3%83%B3%E3%83%8F%E3%82%9A_kv.jpg,
一般,土曜,L033,ツイモットゲームズ,https://gamemarket.jp/booth/6284,,,遊んで学べる地理ゲーム『ツイモット』,『ツイモット』は地理をテーマとしたカードゲーム。2種類のゲームで対決しながら、地理の知識がどんどん身についちゃう。,"¥3,700",2〜人,15〜分,可,https://forms.gle/DeDCbYgHJLx3rJ4c6,https://gamemarket.jp/game/186101,,,公式サイト,https://img.gamemarket.jp/20251022_221709_556083743_777916888449565_2347540063967012078_n%20-%20%E3%82%B3%E3%83%94%E3%83%BC.jpg,
一般,土曜,L034,いがぼど,https://gamemarket.jp/booth/6569,,,UGUISPAN（ウグイスパン）,明治初期のぱん職人が野生のぱんを狩る狂気のゲーム！,"¥2,200",3〜5人,20〜29分,可,https://docs.google.com/forms/d/e/1FAIpQLSdhqCyrL2N6FT77K7R2S_vOVpDSQdwJFFJVojj1z4bSQbNOFg/viewform?pli=1,https://gamemarket.jp/game/188953,,新作,公式サイト,https://img.gamemarket.jp/20260908_003840_uguisupann.jpg,
一般,土曜,L036,ビーランバー,https://gamemarket.jp/booth/4285,,https://x.com/Be_Lumber,G-WARS,迫力の立体ゴマに特厚タイルで陣取りゲーム,"6,000円",2〜2人,10〜20分,情報なし,,https://gamemarket.jp/game/188899,あり,新作,ボドゲゴー,https://storage.googleapis.com/bodogego_public/creator_event/game_market_2026_autumn/game/%E3%83%93%E3%83%BC%E3%83%A9%E3%83%B3%E3%83%90%E3%83%BC_G-WARS.jpg,
一般,土曜,L037,ちゅーボド,https://gamemarket.jp/booth/6657,,,新聞王：THE SCOOP WARS,情報戦を制し、新聞業界の王となれ,"¥2,500",3〜5人,30〜分,可,https://forms.gle/GGe4VreiQXwNnHvN8,https://gamemarket.jp/game/187618,,,公式サイト,https://img.gamemarket.jp/20260408_233000_%E4%BA%88%E7%B4%84%E3%83%95%E3%82%A9%E3%83%BC%E3%83%A0%E7%94%A8-03.jpg,
一般,土曜,L041,あんみつスタジオ,https://gamemarket.jp/booth/5588,,,Flower Planet,裏も表も星まかせ。,"¥4,500",2〜5人,30〜45分,可,https://forms.gle/UEPpNgGvV7zCRrwVA,https://gamemarket.jp/game/188790,,新作,公式サイト,https://img.gamemarket.jp/20260824_211958_%E3%82%B9%E3%82%AF%E3%83%AA%E3%83%BC%E3%83%B3%E3%82%B7%E3%83%A7%E3%83%83%E3%83%88%202026-08-24%20211918.png,
一般,土曜,L042,2° game,https://gamemarket.jp/booth/5562,,,ZOO MIKKE（ズーミッケ）,,"¥2,500",2〜4人,20〜40分,可,https://forms.gle/hyvm1YtQ5Q3FDM716,https://gamemarket.jp/game/188478,,,公式サイト,https://img.gamemarket.jp/20260926_214832_260921_x_niwars_02-04.jpg,
一般,土曜,L042,2° game,https://gamemarket.jp/booth/5562,,,TOP TREE（トップツリー）,目指せ！トップオブXmasツリー！,"¥3,000",2〜4人,30〜60分,可,https://forms.gle/hyvm1YtQ5Q3FDM716,https://gamemarket.jp/game/187036,,,公式サイト,https://img.gamemarket.jp/20251111_003827_toptree_game.jpg,
一般,土曜,L042,2° game,https://gamemarket.jp/booth/5562,,,NIWARS(二ワーズ)第2版,,"¥2,800",2〜4人,20〜30分,可,https://forms.gle/hyvm1YtQ5Q3FDM716,https://gamemarket.jp/game/189247,,新作,公式サイト,https://img.gamemarket.jp/20260921_213435_260920_niwars_02_gmm.jpg,
一般,土曜,L046,4Seasons,https://gamemarket.jp/booth/3411,,,THE GRIMOIRE,ビブリオマニア必見！知力と魔導書で戦うアブストラクトゲーム,"¥3,500",2人,10〜分,可,https://forms.gle/H7ENW9wfqG6HgUdo6,https://gamemarket.jp/game/183576,,,公式サイト,https://img.gamemarket.jp/20260517_164529_Screenshot%202026-05-17%20at%2016.19.08%201.png,
一般,土曜,L046,4Seasons,https://gamemarket.jp/booth/3411,,,Arcane Summoning,異世界アイテム「おにぎり」を詠唱召喚する協力パーティーゲーム,"¥2,500",3〜6人,15〜30分,可,https://forms.gle/H7ENW9wfqG6HgUdo6,https://gamemarket.jp/game/188434,,,公式サイト,https://img.gamemarket.jp/20260517_164426_Screenshot%202026-05-17%20at%2016.17.51%201.png,
一般,土曜,L047,WEFREE,https://gamemarket.jp/booth/5294,,,和菓子をください,折って、揃えて、和菓子を完成！,"¥3,000",1〜10人,10〜20分,可,https://forms.gle/YTH9dFDcHZdsU8Gs6,https://gamemarket.jp/game/189567,,新作,公式サイト,https://img.gamemarket.jp/20261003_162143_%E4%BE%86%E4%BB%BD%E5%92%8C%E6%9E%9C%E5%AD%90-%E5%AE%A3%E5%82%B3%E5%9C%961.jpg,
一般,土曜,L050,L.A.G.Craft,https://gamemarket.jp/booth/2775,,,オノマトペかるた「どんぶらこ」,「どんぶらこ」は「流れる大きな桃」の音。では「びょうびょう」は何の音？,"¥1,500",3〜18人,5〜15分,可,https://docs.google.com/forms/d/1ppEPdljlImzs0OzClwxZtVB1ZcRM4vVZnDd3JQsxYCg/edit,https://gamemarket.jp/game/187012,,,公式サイト,https://img.gamemarket.jp/20251109_215931_%E7%AE%B1%E7%B5%B52%E9%80%A3.jpg,
一般,土曜,L050,L.A.G.Craft,https://gamemarket.jp/booth/2775,,,にゃんだふるらいふ＋わん,きまぐれで自由なくらし。“にゃんだふる”な毎日を、あなたに。,"¥3,500",2〜5人,30〜60分,可,https://docs.google.com/forms/d/1ppEPdljlImzs0OzClwxZtVB1ZcRM4vVZnDd3JQsxYCg/edit,https://gamemarket.jp/game/179177,,,公式サイト,https://img.gamemarket.jp/20241030_200822_%E7%AE%B1%E8%A1%A8.jpg,
一般,土曜,L050,L.A.G.Craft,https://gamemarket.jp/booth/2775,,,Loose Ball Game (ルーズボール・ゲーム),あと一球、サボりたい—！,"¥2,500",3〜6人,15〜25分,可,https://forms.gle/ec1JumoUujjzjami7,https://gamemarket.jp/game/188159,,,公式サイト,https://img.gamemarket.jp/20260501_163528_Package_LooseBallGame.jpg,
一般,土曜,L051,Wondria Games,https://gamemarket.jp/booth/6082,,,マッピンカルタ,早く連想した人が勝てる！？知識とひらめきのカルタゲーム！,"¥2,500",3〜6人,5〜15分,可,https://forms.gle/Bv2AYxpUyrmuJvQJ7,https://gamemarket.jp/game/188963,,新作,公式サイト,https://img.gamemarket.jp/20260908_224723_01_%E3%82%AB%E3%83%AB%E3%82%BF_%E8%A1%A8%E7%B4%991.png,
一般,土曜,L051,Wondria Games,https://gamemarket.jp/booth/6082,,,住まいすっきりドリーム！〜捨てて叶える、目指せ！理想空間〜,モノを手放すたび、理想の暮らしに近づく新感覚のモノ整理ゲーム！ 大事なのは、「何を手放し、何を残すか」 あなたの価値観が現れる！,"¥2,500",2〜4人,30〜50分,可,https://forms.gle/Bv2AYxpUyrmuJvQJ7,https://gamemarket.jp/game/186686,,,公式サイト,https://img.gamemarket.jp/20251026_143615_%E5%BA%83%E5%A0%B1%E7%94%BB%E5%83%8F_%E3%83%8F%E3%82%99%E3%83%83%E3%82%AF%E3%83%92%E3%82%99%E3%82%B7%E3%82%99%E3%83%A7%E3%83%B3_%E5%9C%A7%E7%B8%AE.png,
一般,土曜,L053,Analogue Court,https://gamemarket.jp/booth/6912,,,あなや百人一首【簡易パケ版】,暗記不要ですぐあそべる！百人一首パーティーゲーム,"¥2,000",3〜6人,20〜40分,可,https://docs.google.com/forms/d/e/1FAIpQLSe_LI53HBjDMZ7POv4SO0L8R8gFQ6K0n05_0cEuGB73RR2Ksg/viewform?usp=header,https://gamemarket.jp/game/189516,,新作,公式サイト,https://img.gamemarket.jp/20261001_165646_IMG_9336%20(2).jpeg,
一般,土曜,L053,Analogue Court,https://gamemarket.jp/booth/6912,,,あなや百人一首,暗記不要ですぐあそべる！百人一首パーティーゲーム,"¥3,000",3〜6人,20〜40分,可,https://docs.google.com/forms/d/e/1FAIpQLSe_LI53HBjDMZ7POv4SO0L8R8gFQ6K0n05_0cEuGB73RR2Ksg/viewform?usp=header,https://gamemarket.jp/game/188891,,新作,公式サイト,https://img.gamemarket.jp/20260930_183309_%E3%82%B1%E3%82%99%E3%83%A0%E3%83%9E-%E5%95%86%E5%93%81%E3%82%B5%E3%83%A0%E3%83%8D.jpg,
一般,土曜,L055,さるすべり,https://gamemarket.jp/booth/4962,,https://x.com/100daysCrimson,色里,太夫を身請けした豪商として、名誉を天下に轟かせよう！,"¥8,000",1〜5人,30〜60分,可,https://docs.google.com/forms/d/e/1FAIpQLScqf6E-OM4xwhu2H1eWg008A60rPqmRXkf6MA_SLw18rAoslw/viewform,https://gamemarket.jp/game/185052,,,公式サイト,https://img.gamemarket.jp/20250411_222848_%E7%AE%B1%E7%B5%B5.jpg,
一般,土曜,L055,さるすべり,https://gamemarket.jp/booth/4962,,https://x.com/100daysCrimson,異称カルタ,取り札は一枚じゃない！？場札だけじゃなく手札もある！？異色のかるた！,"2,000円",3〜16人,30〜60分,情報なし,,https://gamemarket.jp/game/188137,あり,,ボドゲゴー,https://storage.googleapis.com/bodogego_public/creator_event/game_market_2026_spring/game/%E3%81%95%E3%82%8B%E3%81%99%E3%81%B9%E3%82%8A_%E7%95%B0%E7%A7%B0%E3%82%AB%E3%83%AB%E3%82%BF.jpg,
一般,土曜,L057,KiraKira KuruKuru,https://gamemarket.jp/booth/6913,,,Last Pitch Showdown (ラストピッチショーダウン),９回裏二死満塁 いざショーダウン！,"¥2,500",2人,30〜40分,可,https://forms.gle/RonyvyY1UmNH2ASE6,https://gamemarket.jp/game/188864,,新作,公式サイト,https://img.gamemarket.jp/20260901_135251_%E5%90%8D%E7%A7%B0%E6%9C%AA%E8%A8%AD%E5%AE%9A%E3%81%AE%E3%83%87%E3%82%B6%E3%82%A4%E3%83%B3.png,
一般,土曜,L059,ぼうしや,https://gamemarket.jp/booth/5525,,,OPEALIEN（オペイリアン）,協力型宇宙人手術ゲーム,"¥1,000",2〜6人,〜10分,可,https://forms.gle/6Sk8cPT43k3UqcXi6,https://gamemarket.jp/game/188936,,新作,公式サイト,https://img.gamemarket.jp/20260906_093324_IMG_1597.jpeg,
一般,土曜,L059,ぼうしや,https://gamemarket.jp/booth/5525,,,ダイスヒーロー,戦え、ヒーローたちよ。,¥500,2人,〜15分,可,https://forms.gle/9rwHHuJNmmXFfhQWA,https://gamemarket.jp/game/187724,,,公式サイト,https://img.gamemarket.jp/20260430_084808_IMG_0670.jpeg,
一般,土曜,L059,ぼうしや,https://gamemarket.jp/booth/5525,,,MOOON2,2人用ハイスピードカードバトル,"¥1,000",2人,5〜10分,不可,,https://gamemarket.jp/game/185000,,,公式サイト,https://img.gamemarket.jp/20250402_210215_IMG_8855.jpeg,
一般,土曜,L061,トマト同盟堂王国,https://gamemarket.jp/booth/4712,,,カクテル×パーティー The Last Order ～酒の起源～,最初で最後の拡張版！酒と運に翻弄されたいあなたへ…,"¥1,500",2〜4人,10〜20分,不可,,https://gamemarket.jp/game/182806,,,公式サイト,https://img.gamemarket.jp/20240529_225705_%E3%82%B5%E3%83%A0%E3%83%8D.jpg,
一般,土曜,L061,トマト同盟堂王国,https://gamemarket.jp/booth/4712,,,謹製アイドルチェ ～デパ地下シークレット♡ライブ～,デパ地下アイドルが投げるお菓子をキャッチ！,"¥4,500",2〜4人,40〜50分,不可,,https://gamemarket.jp/game/187020,,,公式サイト,https://img.gamemarket.jp/20251110_142222_%E3%82%B2%E3%83%BC%E3%83%A0%E3%83%88%E3%83%83%E3%83%97%E3%82%B5%E3%83%A0%E3%83%8D.jpg,
一般,土曜,L061,トマト同盟堂王国,https://gamemarket.jp/booth/4712,,,GGG（グッドガンマンズゲーム）,僕らの「いいね」を取り戻せ。,¥200,2〜10人,1〜5分,不可,,https://gamemarket.jp/game/181338,,,公式サイト,https://img.gamemarket.jp/20230502_120143_GGG%E3%82%A4%E3%83%A9%E3%82%B9%E3%83%88.jpg,
一般,土曜,L061,トマト同盟堂王国,https://gamemarket.jp/booth/4712,,,カクテル×パーティー ～真理の探求者～,酒飲みバトルの中で真理を掴め！,"¥2,500",2〜4人,10〜20分,不可,,https://gamemarket.jp/game/180545,,,公式サイト,https://img.gamemarket.jp/20240529_233100_%E3%82%B2%E3%83%BC%E3%83%A0%E3%83%88%E3%83%83%E3%83%97.jpg,
一般,土曜,L062,アボカド大好き,https://gamemarket.jp/booth/6914,,,ポケットハグル,交渉材料は あなただけが知るルール,"¥1,500",6人,30〜40分,不可,,https://gamemarket.jp/game/189364,,新作,公式サイト,https://img.gamemarket.jp/20260924_202309_2.png,
一般,土曜,L065,ナナイロ企画,https://gamemarket.jp/booth/5273,,,🐝ビートシロップ🐝,10分で終わるのに感想戦が止まらない、深く読み合うバッティングゲーム,"¥2,000",2〜5人,10〜15分,可,https://forms.gle/avcY2yeNSjAHbDnQ7,https://gamemarket.jp/game/189243,,新作,公式サイト,https://img.gamemarket.jp/20260920_130558_S__33865740.jpg,
一般,土曜,L065,ナナイロ企画,https://gamemarket.jp/booth/5273,,,SUPER CHEAT DAY(スーパーチートデイ),ジャンクフードを取り合い、最高にギルティなチートデイを目指す、セットコレクション×コンボゲームです！,"¥2,000",2人,10〜15分,可,https://forms.gle/avcY2yeNSjAHbDnQ7,https://gamemarket.jp/game/189241,,,公式サイト,https://img.gamemarket.jp/20260920_121308_%E3%82%B9%E3%83%BC%E3%83%8F%E3%82%9A%E3%83%BC%E3%83%81%E3%83%BC%E3%83%88%E3%83%86%E3%82%99%E3%82%A4.jpeg,
一般,土曜,L074,PULPIQUE,https://gamemarket.jp/booth/6168,,,MESOTES / メソテス,傾きを読め―― その先は得点か、崩壊か。,"¥2,000",2〜5人,20〜60分,可,https://forms.gle/n3aecztTUN6Vxy7Z6,https://gamemarket.jp/game/186687,,,公式サイト,https://img.gamemarket.jp/20251029_230334_mesotes_thumbnail_3.jpg,
一般,土曜,L074,PULPIQUE,https://gamemarket.jp/booth/6168,,,ALMAZ / アルマズ,山札の残り枚数が宝石の価値を決めるカードゲーム,"¥2,000",3〜6人,15〜60分,可,https://forms.gle/n3aecztTUN6Vxy7Z6,https://gamemarket.jp/game/186684,,,公式サイト,https://img.gamemarket.jp/20251029_230315_ALMAZ_thumbnail_3.jpg,
一般,土曜,L074,PULPIQUE,https://gamemarket.jp/booth/6168,,,TENE / テネ,"全ての球を返すことが、""勝利""とは限らない。","¥2,000",2人,15〜30分,可,https://forms.gle/n3aecztTUN6Vxy7Z6,https://gamemarket.jp/game/189571,,新作,公式サイト,https://img.gamemarket.jp/20261005_105542_tene_thumbnail_3132x1758.jpg,
一般,土曜,M003,Biscuit Forge,https://gamemarket.jp/booth/6920,,,Biscuits & Bayonets 2 Player Starter set,,"¥9,000",2人,30〜120分,不可,,https://gamemarket.jp/game/189437,,,公式サイト,https://img.gamemarket.jp/20260928_162445_TITLE.jpg,
一般,土曜,M006,SCHEMERS,https://gamemarket.jp/booth/4844,,,BREAKTHRU,ASK WHAT YOUR COUNTRY CAN DO FOR YOU,"¥2,800",2人,15〜20分,可,https://forms.gle/mkmsBJJTfdACK8Ji7,https://gamemarket.jp/game/189032,,新作,公式サイト,https://img.gamemarket.jp/20260912_172050_BREAKTHRU2.jpg,
一般,土曜,M009,三国志 英傑群像,https://gamemarket.jp/booth/4836,,,三国志トリテ並べ,トリックテイキングでカードを順にゲットし、場に配置して3枚集めて得点ゲットするゲーム,"¥2,500",2〜6人,20〜40分,可,https://forms.gle/anhB6oJTYpMLKEwG9,https://gamemarket.jp/game/188868,,新作,公式サイト,https://img.gamemarket.jp/20260903_190435_WS000823.JPG,
一般,土曜,M009,三国志 英傑群像,https://gamemarket.jp/booth/4836,,,バッティングバトルゲーム「トリプル三国志」（拡張入）,各自が7枚同じカードを持って1枚使用して領土を奪い合うゲーム。各カードには能力があり駆け引きを楽しめます！,"¥2,500",2〜6人,20〜20分,可,https://forms.gle/a9EqTBBWLYR12tsx8,https://gamemarket.jp/game/183930,,,公式サイト,https://img.gamemarket.jp/20241005_010818_triple.JPG,
一般,土曜,M009,三国志 英傑群像,https://gamemarket.jp/booth/4836,,,諸葛孔明の星並べ～奇門遁甲術～,三国志演義の諸葛孔明は星や風を操ります。星を並べて役を作り掛け合わせて効果を高めよう！,"¥3,900",2〜6人,15〜45分,可,https://forms.gle/anhB6oJTYpMLKEwG9,https://gamemarket.jp/game/186047,,,公式サイト,https://img.gamemarket.jp/20251113_124457_%E5%AD%94%E6%98%8E%E3%81%AE%E6%98%9F%E4%B8%A6%E3%81%B9POP.png,
一般,土曜,M009,三国志 英傑群像,https://gamemarket.jp/booth/4836,,,トリプル三国志,同じカードを持って領土を取り合うバッティングゲーム（三国志知識不要）,"2,800円",2〜6人,20〜20分,情報なし,,https://gamemarket.jp/game/183930,,,ボドゲゴー,https://storage.googleapis.com/bodogego_public/creator_event/game_market_2024_autumn/%E4%B8%89%E5%9B%BD%E5%BF%97%20%E8%8B%B1%E5%82%91%E7%BE%A4%E5%83%8F_%E3%83%88%E3%83%AA%E3%83%97%E3%83%AB%E4%B8%89%E5%9B%BD%E5%BF%97.png,
一般,土曜,M009,三国志 英傑群像,https://gamemarket.jp/booth/4836,,,三国志トリバーシ,トリバーシ（Q's games）とのコラボ三国志版,0円,3〜3人,15〜20分,情報なし,,https://bodoge.hoobby.net/games/sangokushi-triversi,,,ボドゲゴー,https://storage.googleapis.com/bodogego_public/creator_event/game_market_2025_autumn/game/%E8%8B%B1%E5%82%91%E7%BE%A4%E5%83%8F_%E4%B8%89%E5%9B%BD%E5%BF%97%E3%83%88%E3%83%AA%E3%83%90%E3%83%BC%E3%82%B7.png,
一般,土曜,M011,黒鍋組,https://gamemarket.jp/booth/4848,,https://x.com/Kuronabe_gumi,五色遷役,ポーカー×大富豪の役作りカードゲーム,"¥2,000",3〜4人,60〜90分,不可,,https://gamemarket.jp/game/189359,,新作,公式サイト,https://img.gamemarket.jp/20260924_153425_%E3%82%B5%E3%83%A0%E3%83%8D%E3%82%A4%E3%83%AB.jpg,
一般,土曜,M013,バルバス・バウ,https://gamemarket.jp/booth/6831,,,フォトダイバーズ,ダイビングは、ままならない。,"¥2,500",2人,10〜20分,可,https://forms.gle/d1RU9eBdgvDQNx156,https://gamemarket.jp/game/188979,,新作,公式サイト,https://img.gamemarket.jp/20261007_194329_2026%E7%A7%8B%E3%81%8D%E3%82%8A%E3%81%A8%E3%82%8A.png,
一般,土曜,M014,クマさん工房,https://gamemarket.jp/booth/5471,,,王位継承戦記ーSuccession Duelー,読み合え。奪い合え。最後に王座を掴むのは誰だ。,"¥2,000",3〜5人,10〜分,可,https://forms.gle/sPX58rZHwNYUtg6SA,https://gamemarket.jp/game/189361,,新作,公式サイト,https://img.gamemarket.jp/20260924_170849_%E3%83%96%E3%83%BC%E3%82%B9%E3%82%AB%E3%83%83%E3%83%88%E7%94%BB%E5%83%8F%E6%94%B9(%E4%BD%8E%E7%94%BB%E8%B3%AA%EF%BC%89.png,
一般,土曜,M014,クマさん工房,https://gamemarket.jp/booth/5471,,,サイキックプリズン,閉ざされた「自由」は、サイコパワーでブチ開けろ！！,"¥2,000",2〜3人,20〜分,可,https://forms.gle/u3x2bNZM46cQV5YW6,https://gamemarket.jp/game/186258,,,公式サイト,https://img.gamemarket.jp/20251006_194555_%E3%82%B5%E3%82%A4%E3%82%AD%E3%83%83%E3%82%AF%E3%83%97%E3%83%AA%E3%82%BA%E3%83%B3_%E3%83%96%E3%83%BC%E3%82%B9%E3%82%AB%E3%83%83%E3%83%88_j.jpg,
一般,土曜,M017,ねこひげーむず,https://gamemarket.jp/booth/5158,,https://x.com/lovecat_books%20,DREAM CATCH！ ねこのみるユメ,カードをめくって言葉を読み上げるだけ！言葉を覚えてユメを完成させよう！,"¥2,000",3〜5人,20〜20分,不可,,https://gamemarket.jp/game/182884,,,公式サイト,https://img.gamemarket.jp/20240516_141744_IMG_6795.jpeg,
一般,土曜,M017,ねこひげーむず,https://gamemarket.jp/booth/5158,,https://x.com/lovecat_books%20,グワッシャ！第四惑星語カードゲーム,ガスト・ノッチな気分でいこう！,"¥1,000",3〜6人,20〜30分,不可,,https://gamemarket.jp/game/186161,,,公式サイト,https://img.gamemarket.jp/20250915_101901_%E3%82%B0%E3%83%AF%E3%83%83%E3%82%B7%E3%83%A3%E3%80%80%E8%A1%A8%E7%B4%99.png,
一般,土曜,M017,ねこひげーむず,https://gamemarket.jp/booth/5158,,https://x.com/lovecat_books%20,スタＰかるた,じゃんけん以外、集めました,"¥2,000",3〜6人,10〜20分,不可,,https://gamemarket.jp/game/187712,,,公式サイト,https://img.gamemarket.jp/20260409_180909_%E3%82%B9%E3%82%BF%EF%BC%B0%E3%81%8B%E3%82%8B%E3%81%9F%E3%82%BF%E3%82%A4%E3%83%88%E3%83%AB.png,
一般,土曜,M017,ねこひげーむず,https://gamemarket.jp/booth/5158,,https://x.com/lovecat_books%20,喰男(くいお),黄色い食いしん坊vsゴースト,"¥1,000",3〜5人,20〜30分,不可,,https://gamemarket.jp/game/189113,,新作,公式サイト,https://img.gamemarket.jp/20260918_123116_%E5%96%B0%E7%94%B7%E3%83%91%E3%82%B1.png,
一般,土曜,M017,ねこひげーむず,https://gamemarket.jp/booth/5158,,https://x.com/lovecat_books%20,60階建ての塔theカルタ,女神のお告げを聞いて、正確に宝を入手せよ！,"¥1,000",3〜人,20〜30分,不可,,https://gamemarket.jp/game/186584,,,公式サイト,https://img.gamemarket.jp/20251021_231656_60%E9%9A%8E%E5%BB%BA%E3%81%A6.png,
一般,土曜,M017,ねこひげーむず,https://gamemarket.jp/booth/5158,,https://x.com/lovecat_books%20,喰男,自分の担当の喰男(くいお)くんに美味しい餌を上げて高得点を目指そう。邪魔してくるゴーストに注意！,"1,000円",3〜5人,20〜30分,情報なし,,https://gamemarket.jp/game/189113,,新作,ボドゲゴー,https://storage.googleapis.com/bodogego_public/creator_event/game_market_2026_autumn/game/%E3%81%AD%E3%81%93%E3%81%B2%E3%81%92%E3%83%BC%E3%82%80%E3%81%9A_%E5%96%B0%E7%94%B7.jpg,
一般,土曜,M018,鳩羽庵,https://gamemarket.jp/booth/6833,,,月兎の報告書,ストーリーメイク×デッキ構築！ 皆で協力してお話を作ろう！,"¥1,000",2〜4人,10〜20分,可,https://docs.google.com/forms/d/e/1FAIpQLSdEhz8MjEyQsB3pkIP6PNr1bEaSGgQR73xxj4FutzclniZ0Dg/viewform,https://gamemarket.jp/game/189412,,新作,公式サイト,https://img.gamemarket.jp/20260927_102329_%E5%8D%93%E3%82%B2%E3%81%A3%E3%81%A8%E3%81%8A%E5%93%81%E6%9B%B8%E3%81%8D.jpg,
一般,土曜,M018,鳩羽庵,https://gamemarket.jp/booth/6833,,,九尾並べ,七並べ×正体隠匿！ 狐と狸と人の三つ巴の化かし合いで、陣営の勝利を目指せ！,"¥1,300",3〜6人,10〜15分,可,https://docs.google.com/forms/d/e/1FAIpQLSdEhz8MjEyQsB3pkIP6PNr1bEaSGgQR73xxj4FutzclniZ0Dg/viewform,https://gamemarket.jp/game/189407,,新作,公式サイト,https://img.gamemarket.jp/20260926_235806_hako.png,
一般,土曜,M019,しょっぱいゲームズ,https://gamemarket.jp/booth/5630,,https://x.com/nobirobeisan,TASK FULL ROCKET,仕事を振ろう、ロケットに乗せて,"¥2,000",2人,30〜30分,可,https://forms.gle/bQXk31KWUi2qL8d4A,https://gamemarket.jp/game/188792,あり,新作,公式サイト,https://img.gamemarket.jp/20260830_235435_1000077848.jpg,
一般,土曜,M020,Moppen Games,https://gamemarket.jp/booth/5419,,,ディグボン ピットクラッシュ,,"¥1,500",2〜4人,20〜40分,不可,,https://gamemarket.jp/game/189585,,新作,公式サイト,https://img.gamemarket.jp/20261004_140252_%EF%BC%B8%E5%AE%A3%E4%BC%9DPC.png,
一般,土曜,M022,チップキックゲームズ,https://gamemarket.jp/booth/3194,,https://x.com/ryuuseikick,「お前が犯人だ」ザ・トリックテイキングゲーム,あなたは突然、容疑者になった。このままでは犯人になってしまう。助かる方法は、ただ一つ、誰かが犯人になればいい！「お前が犯人だ」はハーツ系のトリテです。決定的証拠カード３枚を獲得すると犯人になってしまうので、やばいカードは誰かに押し付けましょう,"2,500円",3〜5人,25〜45分,情報なし,,http://gamemarket.jp/game/189087,,新作,ボドゲゴー,https://storage.googleapis.com/bodogego_public/creator_event/game_market_2026_autumn/game/%E3%83%81%E3%83%83%E3%83%97%E3%82%AD%E3%83%83%E3%82%AF%E3%82%B2%E3%83%BC%E3%83%A0%E3%82%BA_%E3%80%8C%E3%81%8A%E5%89%8D%E3%81%8C%E7%8A%AF%E4%BA%BA%E3%81%A0%E3%80%8D%E3%82%B6%E3%83%BB%E3%83%88%E3%83%AA%E3%83%83%E3%82%AF%E3%83%86%E3%82%A4%E3%82%AD%E3%83%B3%E3%82%B0%E3%82%B2%E3%83%BC%E3%83%A0.jpg,
一般,土曜,M023,タイムイーター,https://gamemarket.jp/booth/5742,,https://x.com/Time_Eater_BG,スペルバーン,マナを支配し、押し付けろ,"¥3,000",2〜4人,30〜45分,可,https://forms.gle/6NibijNpTg14kMxD9,https://gamemarket.jp/game/188817,,新作,公式サイト,https://img.gamemarket.jp/20260828_223632_omote.png,
一般,土曜,M023,タイムイーター,https://gamemarket.jp/booth/5742,,https://x.com/Time_Eater_BG,ループダンジョン,脱出せよ、無限迷宮,"¥2,500",2〜4人,15〜30分,可,https://forms.gle/6NibijNpTg14kMxD9,https://gamemarket.jp/game/188815,,,公式サイト,https://img.gamemarket.jp/20260828_212509_%E8%A1%A8%E7%B4%99.png,
一般,土曜,M024,CitrineNe Studio,https://gamemarket.jp/booth/6488,,,みんなくるくる！？回転寿司,回るのは、お寿司じゃなくてあなた！？,"¥2,000",2〜6人,10〜20分,不可,,https://gamemarket.jp/game/189502,,新作,公式サイト,https://img.gamemarket.jp/20261001_000602_Kaitensushi_keyvisual.jpg,
一般,土曜,M024,CitrineNe Studio,https://gamemarket.jp/booth/6488,,,はらぺこキリン,キリンの首を伸ばして木の実をぱくっ！でも風で飛ばされないように気をつけて！,"¥1,500",2〜4人,3〜6分,不可,,https://gamemarket.jp/game/189352,,新作,公式サイト,https://img.gamemarket.jp/20260928_075415_kirin_keyvisual.jpg,
一般,土曜,M025,ジャスメノルーム,https://gamemarket.jp/booth/5875,,,デリバリーラッシュ,ラッシュでつなげる、デリバリーゴーアウト！,"¥2,000",3〜5人,〜15分,可,https://forms.gle/pFcs5GDwX9siVdBe9,https://gamemarket.jp/game/189045,,新作,公式サイト,https://img.gamemarket.jp/20260913_163241_poster_mini2.jpg,
一般,土曜,M029,#サケバト,https://gamemarket.jp/booth/5886,,https://x.com/hebi2rami,#サケバト,負けたら一杯!?飲み会が盛り上がるカードゲーム,"¥1,000",2〜8人,1〜3分,可,https://t.co/zBajmncF7s,https://gamemarket.jp/game/187594,,,公式サイト,https://img.gamemarket.jp/20260425_094419_DSCF6904.JPG,
一般,土曜,M029,#サケバト,https://gamemarket.jp/booth/5886,,https://x.com/hebi2rami,#サケじゃん,負けたら一杯!?飲み会が盛り上がるカードゲーム,"1,000円",2〜8人,1〜3分,情報なし,,https://gamemarket.jp/game/188914,,新作,ボドゲゴー,https://storage.googleapis.com/bodogego_public/creator_event/game_market_2026_autumn/game/%E3%82%B5%E3%82%B1%E3%83%90%E3%83%88_%E3%82%B5%E3%82%B1%E3%81%98%E3%82%83%E3%82%93.jpg,
一般,土曜,M033,ごらく趣造,https://gamemarket.jp/booth/3676,,,Color Shot カラーショット,数字のない色だけどトリックテイキング,"¥2,000",3〜5人,15〜20分,可,https://docs.google.com/forms/d/e/1FAIpQLSd41N1GCSOdKs69bG4LfXMQ1jbezchfBKZPjnzayQGCAeU0lw/viewform?usp=publish-editor,https://gamemarket.jp/game/189283,,新作,公式サイト,https://img.gamemarket.jp/20260921_134223_%E5%B1%95%E9%96%8Bs.jpg,
一般,土曜,M034,不飽和世界,https://gamemarket.jp/booth/5126,,https://x.com/taked3,３つの扉〜モンティホール問題〜,モンティホール問題をテーマとしたババ抜き系ゲーム。カードを選びなおす？そのまま引く？,"¥1,000",3〜5人,10〜15分,可,https://forms.gle/QgMQ7vNdYdhceWv1A,https://gamemarket.jp/game/186507,,,公式サイト,https://img.gamemarket.jp/20251018_112553_1000002927.png,
一般,土曜,M034,不飽和世界,https://gamemarket.jp/booth/5126,,https://x.com/taked3,トリテ人狼,マストフォローで人狼を探して追放,"¥1,000",4人,10〜20分,不可,,https://gamemarket.jp/game/181713,,,公式サイト,https://img.gamemarket.jp/20241020_223710_%E3%83%96%E3%83%AD%E3%82%B0%E3%83%98%E3%83%83%E3%83%80.png,
一般,土曜,M034,不飽和世界,https://gamemarket.jp/booth/5126,,https://x.com/taked3,黄昏廻路 Twilight Circle,異界に迷い込んだ３人の迷子と怪物の鬼ごっこゲーム。迷子は怪物に捕まる前に異界から脱出することができるのか？,"¥2,000",2〜4人,30〜60分,可,https://forms.gle/eYbxjNnjHuDQTejx8,https://gamemarket.jp/game/188744,,新作,公式サイト,https://img.gamemarket.jp/20260830_074612_%E3%83%91%E3%82%B1.png,
一般,土曜,M034,不飽和世界,https://gamemarket.jp/booth/5126,,https://x.com/taked3,黄昏廻路,異界に迷い込んだ３人の子供と怪物の非対称型鬼ごっこゲーム,"2,000円",2〜4人,30〜60分,情報なし,,https://gamemarket.jp/game/188744/,,新作,ボドゲゴー,https://storage.googleapis.com/bodogego_public/creator_event/game_market_2026_autumn/game/%E4%B8%8D%E9%A3%BD%E5%92%8C%E4%B8%96%E7%95%8C_%E9%BB%84%E6%98%8F%E5%BB%BB%E8%B7%AF.jpg,
一般,土曜,M038,テラミ部,https://gamemarket.jp/booth/6839,,https://x.com/tonizaburou,テラミスティカのとびら,初心者も上級者も！テラミスティカ非公式ファンブック！基礎攻略からお楽しみ企画まで盛りだくさん！,"¥1,500",1人,30〜180分,可,https://docs.google.com/forms/d/e/1FAIpQLScR46s5ZtuChxdYGFQhUa8M3b4uUvd8QWLkQH8_JKjO5Vpd1g/viewform,https://gamemarket.jp/game/188987,,新作,公式サイト,https://img.gamemarket.jp/20260911_201236_%E8%A1%A8%E7%B4%99%EF%BC%88%E5%B0%8F%E3%82%B5%E3%82%A4%E3%82%BA%EF%BC%89.png,
一般,土曜,M039,空理計画,https://gamemarket.jp/booth/1882,,,木々の冠,木々の生命をシミュレートするボードゲーム,"¥2,800",2〜4人,30〜30分,可,https://forms.gle/cuw4CN9oKPCkrLJcA,https://gamemarket.jp/game/189555,,新作,公式サイト,https://img.gamemarket.jp/20261002_224322_forest_PR_with_price_w1200.jpg,
一般,土曜,M040,MICHIKUSA Works,https://gamemarket.jp/booth/6840,,https://x.com/huukou_meibi,アリ♪アリかも？アリえない!? ～ みちのえきの未知グルメ ～,人気商品を作ってNo.1みちのえきを目指せ！,"¥2,700",2〜4人,10〜20分,可,https://docs.google.com/forms/d/e/1FAIpQLScVm6FWrXncWXAI90SflORxMWXLgO0hUtDn6LPH8oQzcAOPLQ/viewform?usp=publish-editor,https://gamemarket.jp/game/188997,,新作,公式サイト,https://img.gamemarket.jp/20260911_220540_top.jpg,
一般,土曜,M041,ShowHouse Games,https://gamemarket.jp/booth/2356,,https://x.com/syouJW,フォーチャスト,弱い手札でも役を騙して得点を奪う、テキサスホールデムベースのスリリングなブラフ＆推理ゲームです！,"1,800円",2〜6人,10〜20分,情報なし,,https://gamemarket.jp/game/188809,あり,新作,ボドゲゴー,https://storage.googleapis.com/bodogego_public/creator_event/game_market_2026_autumn/game/ShowHouse_Games_%E3%83%95%E3%82%A9%E3%83%BC%E3%83%81%E3%83%A3%E3%82%B9%E3%83%88.jpg,
一般,土曜,M042,Lazini,https://gamemarket.jp/booth/6602,,,星の王子さまの旅,バラが待つ星まで、星の王子さまの旅のルートをつくる2人用協力ゲーム,"¥2,000",2人,10〜20分,可,https://forms.gle/4WDNj76TxHMb9rkk9,https://gamemarket.jp/game/189305,,新作,公式サイト,https://img.gamemarket.jp/20260922_043313_%EB%B6%80%EC%8A%A4%EC%BB%B7%20%EC%83%81%EB%8B%A8%20%EC%9D%B4%EB%AF%B8%EC%A7%80-%EC%9D%B8%EC%9B%90%EC%B6%94%EA%B0%80.jpg,
一般,土曜,M043,11 A.M. Games,https://gamemarket.jp/booth/6503,,,ゴーワード,手札の文字を使って、お題に合う言葉を叫べ！,"¥2,000",2〜6人,10〜20分,不可,,https://gamemarket.jp/game/188030,,,公式サイト,https://img.gamemarket.jp/20260426_200459_goword_20260426_200335.png,
一般,土曜,M043,11 A.M. Games,https://gamemarket.jp/booth/6503,,,アレ、コレナンイ,「えっ、それが2位！？」好みも事実も予想外！？,"¥2,000",3〜6人,15〜30分,不可,,https://gamemarket.jp/game/188029,,,公式サイト,https://img.gamemarket.jp/20260426_193308_arekorenani_202604200040_95.jpg,
一般,土曜,M044,ナニカソン・新規事業ユニット,https://gamemarket.jp/booth/4752,,,あのねじつは,みんなで楽しい自己紹介カードゲーム,"¥2,500",2〜12人,10〜50分,不可,,https://gamemarket.jp/game/187590,あり,,公式サイト,https://img.gamemarket.jp/20260330_095503_anojitu_box_huta2.png,
一般,土曜,M044,ナニカソン・新規事業ユニット,https://gamemarket.jp/booth/4752,,,吾輩は文京区界隈で起業したい（東版）,とにかく、ただただ文京区で起業したいかるた,"¥2,000",3〜人,25〜分,可,https://forms.gle/Ca92jh289KdYKQie6,https://gamemarket.jp/game/189237,,新作,公式サイト,https://img.gamemarket.jp/20260920_074736_%E6%9D%B1%E7%94%A8s.png,
一般,土曜,M044,ナニカソン・新規事業ユニット,https://gamemarket.jp/booth/4752,,,吾輩は文京区界隈で起業したい（西版）,とにかく、ただただ文京区で起業したいかるた,"¥2,000",3〜人,25〜分,可,https://forms.gle/Ca92jh289KdYKQie6,https://gamemarket.jp/game/189236,,新作,公式サイト,https://img.gamemarket.jp/20260920_074233_%E8%A5%BF%E7%94%A8s.png,
一般,土曜,M044,ナニカソン・新規事業ユニット,https://gamemarket.jp/booth/4752,,,人事の闇鍋（昇格・降格編）,組織と人事がテーマの水平思考ゲーム。,"1,500円",2〜10人,5〜30分,情報なし,,https://gamemarket.jp/game/186764,,,ボドゲゴー,https://storage.googleapis.com/bodogego_public/creator_event/game_market_2025_autumn/game/(%E6%A0%AA)RayArc%E3%83%BB%E6%96%B0%E8%A6%8F%E4%BA%8B%E6%A5%AD%E3%83%A6%E3%83%8B%E3%83%83%E3%83%88_%E4%BA%BA%E4%BA%8B%E3%81%AE%E9%97%87%E9%8D%8B%EF%BC%88%E6%98%87%E6%A0%BC%E3%83%BB%E9%99%8D%E6%A0%BC%E7%B7%A8%EF%BC%89.png,
一般,土曜,M044,ナニカソン・新規事業ユニット,https://gamemarket.jp/booth/4752,,,勇者駆動(ドリブン)開発案件～すべての現場に祝福を～,エンジニアを冒険者に見立て、協力と交渉で「理想のチーム」をつくるゲームです。,"2,500円",2〜6人,20〜50分,情報なし,,https://gamemarket.jp/game/181662,,,ボドゲゴー,https://storage.googleapis.com/bodogego_public/game_market_2023_autumn/(%E6%A0%AA)RayArc%E3%83%BB%E6%96%B0%E8%A6%8F%E4%BA%8B%E6%A5%AD%E3%83%A6%E3%83%8B%E3%83%83%E3%83%88_%E5%8B%87%E8%80%85%E9%A7%86%E5%8B%95(%E3%83%89%E3%83%AA%E3%83%96%E3%83%B3)%E9%96%8B%E7%99%BA%E6%A1%88%E4%BB%B6%EF%BD%9E%E3%81%99%E3%81%B9%E3%81%A6%E3%81%AE%E7%8F%BE%E5%A0%B4%E3%81%AB%E7%A5%9D%E7%A6%8F%E3%82%92%EF%BD%9E.png,
一般,土曜,M044,ナニカソン・新規事業ユニット,https://gamemarket.jp/booth/4752,,,問い・解い・トイ,少し変わった体感のふりかえりゲーム。はっとする「とい」がフカボリを助けます。,"2,000円",1〜6人,15〜30分,情報なし,,https://gamemarket.jp/game/181660,,,ボドゲゴー,https://storage.googleapis.com/bodogego_public/game_market_2023_autumn/(%E6%A0%AA)RayArc%E3%83%BB%E6%96%B0%E8%A6%8F%E4%BA%8B%E6%A5%AD%E3%83%A6%E3%83%8B%E3%83%83%E3%83%88_%E5%95%8F%E3%81%84%E3%83%BB%E8%A7%A3%E3%81%84%E3%83%BB%E3%83%88%E3%82%A4.png,
一般,土曜,M044,ナニカソン・新規事業ユニット,https://gamemarket.jp/booth/4752,,,街は滅びても花を守りたい,全員第三勢力の価値観コミュニケーション,"2,500円",2〜4人,30〜50分,情報なし,,https://gamemarket.jp/game/183741,,,ボドゲゴー,,
一般,土曜,M044,ナニカソン・新規事業ユニット,https://gamemarket.jp/booth/4752,,,おまえのアプデもおれのもの,逆転要素のあるメイフォローのトリックテイキング！,"2,000円",3〜7人,10〜20分,情報なし,,https://gamemarket.jp/game/183740,,,ボドゲゴー,,
一般,土曜,M044,ナニカソン・新規事業ユニット,https://gamemarket.jp/booth/4752,,,まさに今どんなキブン？,メンバーの今キブンをみぬけ！リーダーのキモチがわかるゲーム！,"2,500円",2〜8人,10〜20分,情報なし,,https://gamemarket.jp/game/182826,,,ボドゲゴー,,
一般,土曜,M044,ナニカソン・新規事業ユニット,https://gamemarket.jp/booth/4752,,,詩人と鍵束,「街は滅びても花を守りたい」拡張カード兼パラメータ付きゲームポエム,"1,000円",2〜4人,30〜50分,情報なし,,https://www.gamemarket.jp/game/185149,,,ボドゲゴー,https://storage.googleapis.com/bodogego_public/creator_event/game_market_2025_spring/(%E6%A0%AA)RayArc%E3%83%BB%E6%96%B0%E8%A6%8F%E4%BA%8B%E6%A5%AD%E3%83%A6%E3%83%8B%E3%83%83%E3%83%88_%E8%A9%A9%E4%BA%BA%E3%81%A8%E9%8D%B5%E6%9D%9F.png,
一般,土曜,M045,ぐるぐるゲームズ,https://gamemarket.jp/booth/6568,,,ブックイーン拡張≪Search（サーチ）≫,ブックイーン第二弾！本の中から指定された言葉を見つける新ルール「Search」,¥500,2〜3人,10〜20分,可,https://www.gamemarket.jp/,https://gamemarket.jp/game/189501,,新作,公式サイト,https://img.gamemarket.jp/20260930_231545_IMG_8137.png,
一般,土曜,M045,ぐるぐるゲームズ,https://gamemarket.jp/booth/6568,,,ブックイーン Book-Queen,あなたの本棚がデッキになる！,"¥2,500",2〜8人,10〜20分,可,https://www.gamemarket.jp/,https://gamemarket.jp/game/187722,,,公式サイト,https://img.gamemarket.jp/20260415_224308_%E3%83%96%E3%83%83%E3%82%AF%E3%82%A4%E3%83%BC%E3%83%B3%E3%83%90%E3%83%8A%E3%83%BC%EF%BC%92.png,
一般,土曜,M047,K-History Hunters,https://gamemarket.jp/booth/6842,,https://x.com/khistorygames%20,露梁 1598,文禄・慶長の役、最後の海戦―日本軍の脱出を阻止せよ。,"¥2,000",1人,30〜40分,可,https://forms.gle/wZd173L5Gw6f1frw9,https://gamemarket.jp/game/189483,,新作,公式サイト,https://img.gamemarket.jp/20260930_021352_noryang%20jp_small.png,
一般,土曜,M047,K-History Hunters,https://gamemarket.jp/booth/6842,,https://x.com/khistorygames%20,露梁１５９８,露梁海戦を描く1人用歴史カードゲーム,0円,0〜0人,0〜0分,情報なし,,Https://gamemarket.jp/game/189483,,新作,ボドゲゴー,https://storage.googleapis.com/bodogego_public/creator_event/game_market_2026_autumn/game/K-History_Hunters_%E9%9C%B2%E6%A2%81%EF%BC%91%EF%BC%95%EF%BC%99%EF%BC%98.jpg,
一般,土曜,M049,EMPLAY GAME,https://gamemarket.jp/booth/4756,,,【再販決定！】罪ボドゲ,迫りくる6ヶ月後のボドゲフェスまでに、山積みのボドゲを遊んで遊んで遊び尽くせ！,"¥2,500",3〜6人,15〜30分,可,https://forms.gle/jz9LGAxKNBEPbKUHA,https://gamemarket.jp/game/181712,,,公式サイト,https://img.gamemarket.jp/20260518_224941_6ff4f060e3ce4af9ea5c727e180aca3f.jpg,
一般,土曜,M051,StoryBoard,https://gamemarket.jp/booth/5174,,,Cinema Trick (シネマトリック),"僕らの人生カードゲーム, クライミング＋トリックテイキング「クラトリ」","¥3,000",3〜6人,25〜35分,可,https://forms.gle/2vun74LwhcopYDLD8,https://gamemarket.jp/game/188937,,新作,公式サイト,https://img.gamemarket.jp/20260906_135551_%EC%8D%B8%EB%84%A4%EC%9D%BC.jpg,
一般,土曜,M051,StoryBoard,https://gamemarket.jp/booth/5174,,,Boulangerie,カードで手軽に遊べるマージャンゲーム『Boulangerie』,"¥2,000",3〜6人,40〜分,可,https://forms.gle/PEVcmA6RphDafbzo7,https://gamemarket.jp/game/189262,,,公式サイト,https://img.gamemarket.jp/20260920_171640_%EB%B8%94%EB%9E%91%EC%A0%9C%EB%A6%AC%EB%A9%94%EC%9D%B8.jpg,
一般,土曜,M051,StoryBoard,https://gamemarket.jp/booth/5174,,,Loan & Bid,チキンも泣き出す無限のチキンゲーム!,"¥3,000",4〜6人,40〜60分,不可,,https://gamemarket.jp/game/189601,,,公式サイト,https://img.gamemarket.jp/20261004_233543_%EB%A1%A0%EC%9D%BC%EB%B3%B8%ED%91%9C%EC%A7%80.jpg,
一般,土曜,M054,オイハル実験室,https://gamemarket.jp/booth/6666,,,偏見シンクロニシティ,偏見だけで答えを合わせろ！ ズレてるほど盛り上がる、新感覚パーティーゲーム⚡,"¥2,000",4〜6人,20〜分,可,https://forms.gle/EkSvgnFzbT8w19YX6,https://gamemarket.jp/game/188049,,新作,公式サイト,https://img.gamemarket.jp/20260927_232900_%E5%81%8F%E8%A6%8B%E3%82%B7%E3%83%B3%E3%82%AF%E3%83%AD%E3%83%8B%E3%82%B7%E3%83%86%E3%82%A3_%E3%82%B2%E3%83%A0%E3%83%9E%E7%A7%8B%E5%91%8A%E7%9F%A5.png,
一般,土曜,M062,みなで娯楽,https://gamemarket.jp/booth/6847,,,アーキペラゴ,マスを自分が有利になるよう変えてしまうすごろくゲームです！ ブース【土曜-M062】,"¥2,000",2〜4人,15〜50分,可,https://docs.google.com/forms/d/e/1FAIpQLSfCxArCI_-PJcycBq4vrIGYfUomR66mkPaDOOC_Zjl1mwXUeQ/viewform?usp=dialog,https://gamemarket.jp/game/189541,,新作,公式サイト,https://img.gamemarket.jp/20261002_014810_%E3%82%A2%E3%83%BC%E3%82%AD%E3%83%98%E3%82%9A%E3%83%A9%E3%82%B3%E3%82%99_%E3%83%9B%E3%83%BC%E3%83%A0%E3%83%98%E3%82%9A%E3%83%BC%E3%82%B7%E3%82%99%E3%82%B5%E3%83%A0%E3%83%8D%E3%82%A4%E3%83%AB_10-17%E5%8F%82%E5%8A%A0_1MB%E4%BB%A5%E4%B8%8B.jpg,
一般,土曜,M063,Project Ctrl+,https://gamemarket.jp/booth/5428,,https://x.com/projectctrlplus,WARS CARDS,単語帳で、ブキを作れ。,"1,500円",3〜6人,5〜15分,情報なし,,https://gamemarket.jp/game/183771,あり,,ボドゲゴー,https://firebasestorage.googleapis.com/v0/b/bodogego.appspot.com/o/images%2Fimage_cropper_1731240123650.jpg1731240124632.jpg1731240124731?alt=media&token=64fb70e7-3046-4786-aabc-586a1a130c2a,
一般,土曜,M063,Project Ctrl+,https://gamemarket.jp/booth/5428,,https://x.com/projectctrlplus,ダイスパイ DICE×SPY,サイコロの出目が勝負のカギを握るボードゲームです。,"2,500円",2〜4人,30〜60分,情報なし,,https://gamemarket.jp/game/186593,あり,,ボドゲゴー,https://storage.googleapis.com/bodogego_public/creator_event/game_market_2025_autumn/game/Project%20Ctrl+_%E3%83%80%E3%82%A4%E3%82%B9%E3%83%91%E3%82%A4%20DICE%C3%97SPY.png,
一般,土曜,M063,Project Ctrl+,https://gamemarket.jp/booth/5428,,https://x.com/projectctrlplus,ボドゲのおともガチャ３,ボドゲを盛り上げるグッズガチャガチャの第3弾です。,200円,0〜0人,0〜0分,情報なし,,https://shotaroyamaki.com/bodogenootomo/,,新作,ボドゲゴー,https://storage.googleapis.com/bodogego_public/creator_event/game_market_2026_autumn/game/Project_Ctrl+_%E3%83%9C%E3%83%89%E3%82%B2%E3%81%AE%E3%81%8A%E3%81%A8%E3%82%82%E3%82%AC%E3%83%81%E3%83%A3%EF%BC%93.jpg,
一般,土曜,M064,あまざ,https://gamemarket.jp/booth/4841,,,TACT FORCE,Knightを指揮して、隠れたKingを討て。,"¥3,000",2人,10〜20分,不可,,https://gamemarket.jp/game/189081,,新作,公式サイト,https://img.gamemarket.jp/20260915_204953_%E3%82%B2%E3%83%BC%E3%83%A0%E7%B4%B9%E4%BB%8B.jpg,
一般,土曜,M071,一夜干しトークン,https://gamemarket.jp/booth/6039,,https://x.com/ichiyaboshi_t,シレイアウト,連想して指令、推理して配置,"¥1,000",2〜人,30〜分,不可,,https://gamemarket.jp/game/188750,,新作,公式サイト,https://img.gamemarket.jp/20260812_043328_1000016116.png,
一般,土曜,M071,一夜干しトークン,https://gamemarket.jp/booth/6039,,https://x.com/ichiyaboshi_t,シミュラ倶楽部,なにかの顔が視えてくる……かも？,"¥2,000",3〜4人,30〜分,可,https://forms.gle/EdhnvxNAK1dzUAEY7,https://gamemarket.jp/game/187412,,,公式サイト,https://img.gamemarket.jp/20260511_013138_1.png,
一般,土曜,M071,一夜干しトークン,https://gamemarket.jp/booth/6039,,https://x.com/ichiyaboshi_t,エンギモン,​狙うは「縁起良し！」の一声。 運と”絵馬”がカギを握る、お手軽エンギモン集めカードゲーム。,"¥1,500",3〜5人,5〜15分,不可,,https://gamemarket.jp/game/186054,,,公式サイト,https://img.gamemarket.jp/20250921_001541_%E4%B8%80%E5%A4%9C%E5%B9%B2%E3%81%97%E3%83%88%E3%83%BC%E3%82%AF%E3%83%B3%E5%AE%A3%E4%BC%9D%E7%94%A8.png,
一般,土曜,M074,符亀,https://gamemarket.jp/booth/2358,,,ケツァリアン,世界を滅ぼす七並べ,"2,000円",3〜4人,10〜20分,情報なし,,https://gamemarket.jp/game/188910,,新作,ボドゲゴー,https://firebasestorage.googleapis.com/v0/b/bodogego.appspot.com/o/images%2F17912651887238f.jpg?alt=media&token=c8cddde3-5475-48f3-9eb4-5b2ed31ecc1d,
一般,土曜,M076,ミーアキャット,https://gamemarket.jp/booth/6851,,,OJAKGYO~Bridge of Destiny~,運命で結ばれた恋人たちを見つけ出し、その縁をもう一度つなぎましょう。,"¥2,500",2〜6人,20〜30分,可,https://forms.gle/njo61pTdLVbteKF37,https://gamemarket.jp/game/189135,,新作,公式サイト,https://img.gamemarket.jp/20260918_180118_%EC%98%A4%EC%9E%91%EA%B5%90_%EB%AA%A9%EC%97%85.png,
一般,土曜,M076,ミーアキャット,https://gamemarket.jp/booth/6851,,,Rolling Moon(ローリングムーン),いつも明るく輝いていた月が消えました！夜空に消えた満月を戻して願いを祈りましょう。,"¥2,500",1〜5人,5〜15分,可,https://forms.gle/njo61pTdLVbteKF37,https://gamemarket.jp/game/189130,,新作,公式サイト,https://img.gamemarket.jp/20260918_172045_KakaoTalk_20240924_164250931_01.jpg,
一般,土曜,M079,ひつじ特攻,https://gamemarket.jp/booth/6853,,,魔法学園ポーション部,,"¥2,000",4人,90〜120分,不可,,https://gamemarket.jp/game/188939,,新作,公式サイト,https://img.gamemarket.jp/20260927_140355_%E3%83%81%E3%83%A9%E3%82%B7_%E8%A1%A8%E8%A3%8F%E5%90%88%E4%BD%93ver.png,
一般,土曜,M081,専大ボドゲ☆不動組,https://gamemarket.jp/booth/6855,,,EVIL,運からなにもかも味方にして土地を手に入れろ！,"¥2,000",2〜4人,15〜9分,可,https://docs.google.com/forms/d/e/1FAIpQLScXGS3vVDKJGC_YTFf4ye79tamZn0chyRiR5HOqryRnedmNmg/viewform?fbzx=-4943526314485681230,https://gamemarket.jp/game/189459,,新作,公式サイト,https://img.gamemarket.jp/20261005_200028_S__48381959.jpg,
一般,土曜,M082,Quoth Games,https://gamemarket.jp/booth/1725,,,Quino-Phex（キノ フェクス）,二重螺旋トリックテイク,"¥2,500",3〜5人,45〜60分,可,https://forms.gle/WyHeMkmTysKLjVBY9,https://gamemarket.jp/game/188779,,新作,公式サイト,https://img.gamemarket.jp/20260901_125911_%E7%AE%B1_%E3%81%B5%E3%81%9F%E3%83%AC%E3%82%AE%E3%83%A5%E3%83%A9%E3%83%BC%E3%83%AF%E3%82%A4%E3%83%89_148x103x29_comp.png,
一般,土曜,M088,スタジオ 和楽,https://gamemarket.jp/booth/6187,,https://x.com/https://x.com/warak_st820,Dear Blue,出したカードは、みんなの獲物！？ 今日の勝者は、一番おさかなに愛された人!,"¥2,500",2〜4人,15〜15分,可,https://forms.gle/4wLN4pXHoZHzKQwS7,https://gamemarket.jp/game/187351,あり,,公式サイト,https://img.gamemarket.jp/20260406_021319_9a1ca1ba-938d-4a59-ab28-41a00f26bbc4.png,
一般,土曜,M088,スタジオ 和楽,https://gamemarket.jp/booth/6187,,https://x.com/https://x.com/warak_st820,SLOOR（スロア）,ゴールをパズルするすごろく,"¥2,500",2〜4人,15〜45分,可,https://forms.gle/4wLN4pXHoZHzKQwS7,https://gamemarket.jp/game/187637,あり,,公式サイト,https://img.gamemarket.jp/20260406_020848_HEvEXmia8AApQSG.jpg,
一般,土曜,M088,スタジオ 和楽,https://gamemarket.jp/booth/6187,,https://x.com/https://x.com/warak_st820,Bet!（ベット）,決めて宣言！賭けて掴め！,"¥2,500",2〜8人,5〜5分,可,https://forms.gle/4wLN4pXHoZHzKQwS7,https://gamemarket.jp/game/189376,あり,新作,公式サイト,https://img.gamemarket.jp/20260925_163447_IMG_1105.jpeg,
一般,土曜,M090,今日午後お茶会で,https://gamemarket.jp/booth/6859,,,Vitrine,推理と選択がカギになる。二人用心理戦対戦ゲーム。,"¥2,000",2人,10〜15分,可,https://docs.google.com/forms/d/e/1FAIpQLSdplyvXl7z4ctF0cycLJ5AVBcKnCclhVdDtYkPY7im1SKdY9g/viewform,https://gamemarket.jp/game/189716,,新作,公式サイト,https://img.gamemarket.jp/20261007_213955_%E3%82%B2%E3%83%A0%E3%83%9E%E5%95%86%E5%93%81%E3%83%9A%E3%83%BC%E3%82%B8%E7%94%A8.png,
一般,土曜,M091,森羅万象ゲームズ,https://gamemarket.jp/booth/6860,,,究極必殺奥義斬斬拳,ぼくのかんがえたさいきょうの必殺技を作ろう！,"¥1,500",2人,10〜15分,不可,,https://gamemarket.jp/game/188880,,新作,公式サイト,https://img.gamemarket.jp/20260901_211359_HQAqTfGbIAA4p5X.jpeg,
一般,土曜,M092,ナディ屋,https://gamemarket.jp/booth/6861,,,あげさげ！,右手あげ 左手さげずに 手を叩く,"¥1,200",2〜5人,10〜10分,可,https://forms.gle/h5GBy3c5kMRULCGJ8,https://gamemarket.jp/game/189159,,新作,公式サイト,https://img.gamemarket.jp/20260918_210430_HP9eYLFaAAAYCG2.jpg,
一般,土曜,M096,つきあかりゲームズ,https://gamemarket.jp/booth/6401,,,かにパニ ～かに化パニック～,かに語とハサミジェスチャーで伝えろ！ハチャメチャ協力コミュニケーションゲーム,"¥2,000",4〜7人,5〜10分,可,https://forms.gle/6dNHaAv3d2VTXMaF7,https://gamemarket.jp/game/188725,,新作,公式サイト,https://img.gamemarket.jp/20260807_152841_20260805_%E3%82%B2%E3%83%A0%E3%83%9E%E7%A7%8B_%E3%83%96%E3%83%BC%E3%82%B9%E3%82%AB%E3%83%83%E3%83%883_RGB.jpg,
一般,土曜,M096,つきあかりゲームズ,https://gamemarket.jp/booth/6401,,,なみコレ ～波打ち際のお宝コレクション～,＼海のお宝コレクション／ 海辺で宝物や生き物を探すワクワクドキドキをギュッと詰め込んだ新作ゲーム,"¥2,000",2〜4人,10〜15分,可,https://forms.gle/6dNHaAv3d2VTXMaF7,https://gamemarket.jp/game/187409,,,公式サイト,https://img.gamemarket.jp/20260924_232710_01_%E3%83%96%E3%83%BC%E3%82%B9%E3%82%AB%E3%83%83%E3%83%88_with%E3%83%90%E3%83%83%E3%82%B8_1MB%E4%BB%A5%E4%B8%8B.jpg,
一般,土曜,M098,マンボウ･ザ･グレート,https://gamemarket.jp/booth/4023,,,まましの ～ままならないネ しのさわさん～,アイドル【篠澤 広】の無茶なお願いを、みんなで協力して解決しよう！,"¥2,000",3〜4人,15〜20分,可,https://docs.google.com/forms/d/1oBM2oXSoGKwtiaKTqEElb9SgLCWNujXVpAOBauDZ3ic/edit,https://gamemarket.jp/game/189564,,新作,公式サイト,https://img.gamemarket.jp/20261003_124942_%E3%81%BE%E3%81%BE%E3%81%97%E3%81%AE%E3%82%AB%E3%83%83%E3%83%88.jpg,
一般,土曜,M099,かめうき,https://gamemarket.jp/booth/1107,,,アステリズム陣形衰弱,残り2枚なのに何故か取れない神経衰弱,"¥2,500",2〜99人,10〜30分,不可,,https://gamemarket.jp/game/189725,,新作,公式サイト,https://img.gamemarket.jp/20261008_093516_IMG_6513.jpg,
一般,土曜,M099,かめうき,https://gamemarket.jp/booth/1107,,,ふえるメジェドちゃん,メジェド神よ、バステトにゃんから魚を守りたまえ,"¥2,000",2〜4人,20〜30分,不可,,https://gamemarket.jp/game/187259,,,公式サイト,https://img.gamemarket.jp/20251119_001335_kmuk005.png,
一般,土曜,M099,かめうき,https://gamemarket.jp/booth/1107,,,キュウビズム,尻尾を増やして九尾に至れ,"¥3,000",3〜4人,15〜30分,不可,,https://gamemarket.jp/game/187258,,,公式サイト,https://img.gamemarket.jp/20251119_000851_kmuk004.png,
一般,土曜,M099,かめうき,https://gamemarket.jp/booth/1107,,,フォーチュンウール,カラフルなヒツジちゃんの毛を配置して取る 半戦略坊主めくり,"¥2,000",4人,15〜30分,不可,,https://gamemarket.jp/game/187257,,,公式サイト,https://img.gamemarket.jp/20251118_230344_kmuk006.png,
一般,土曜,M099,かめうき,https://gamemarket.jp/booth/1107,,,CLUB OstRich,オレが→どうぞ→どうぞ,¥500,3人,10〜15分,不可,,https://gamemarket.jp/game/187246,,,公式サイト,https://img.gamemarket.jp/20251118_175152_kmuk003.png,
一般,土曜,M099,かめうき,https://gamemarket.jp/booth/1107,,,ハイパースペシャルアルティメットポーカー,大喜利×超スコア＝スーパーダイナミックアルティメット楽しい,"¥2,000",1〜4人,10〜15分,不可,,https://gamemarket.jp/game/179057,,,公式サイト,https://img.gamemarket.jp/20251119_004932_uvx83ZRA.jpg,
一般,土曜,M114,みこしかつぐしろいるか,https://gamemarket.jp/booth/5436,,,POLAR,手札2枚で戦う新感覚ポーカー！！,¥500,3〜5人,15〜30分,可,https://docs.google.com/forms/d/e/1FAIpQLSeEAP6v3lKvZkFAivTYby3QAAC_QsYe3zn0NBXQDMlN0SU1UA/viewform,https://gamemarket.jp/game/183673,,,公式サイト,https://img.gamemarket.jp/20240923_140234_%E7%AE%B1%E8%A1%A8%E7%B4%99.png,
一般,土曜,M114,みこしかつぐしろいるか,https://gamemarket.jp/booth/5436,,,Diceball,ダイスを使った本格野球ゲーム！,"¥3,500",2人,45〜90分,可,https://docs.google.com/forms/d/e/1FAIpQLSeEAP6v3lKvZkFAivTYby3QAAC_QsYe3zn0NBXQDMlN0SU1UA/viewform,https://gamemarket.jp/game/185556,,,公式サイト,https://img.gamemarket.jp/20250424_121532_%E8%A1%A8%E7%B4%99.JPG,
一般,土曜,M114,みこしかつぐしろいるか,https://gamemarket.jp/booth/5436,,,僕のゲームが一番強い！,次やるゲームが決まらない！？一番強いゲームをやればいいじゃないか！,"¥1,000",2〜10人,2〜10分,可,https://docs.google.com/forms/d/e/1FAIpQLSeEAP6v3lKvZkFAivTYby3QAAC_QsYe3zn0NBXQDMlN0SU1UA/viewform,https://gamemarket.jp/game/183833,,,公式サイト,https://img.gamemarket.jp/20241008_120838_%E8%A3%8F%E9%9D%A2.jpeg,
一般,土曜,M117,ろーりん☆つーりす,https://gamemarket.jp/booth/1387,,,特急旅行ゲーム2024,すごろく系特急列車乗りつぶしゲーム,"¥6,000",2〜6人,90〜150分,可,https://forms.gle/x5cbo9A8XEtgamrS9,https://gamemarket.jp/game/184727,,,公式サイト,https://img.gamemarket.jp/20241110_200944_(X)%E3%83%91%E3%83%83%E3%82%B1%E3%83%BC%E3%82%B82024-800-2.jpg,
一般,土曜,M118,嘴広卿,https://gamemarket.jp/booth/2199,,https://x.com/sirhashibiro,TRiCK of GORiATE（トリックオブゴリアテ）,,¥0,4人,30〜40分,不可,,https://gamemarket.jp/game/189339,,新作,公式サイト,https://img.gamemarket.jp/20260923_195514_TRICKOFGRAT%E3%82%AB%E3%82%BF%E3%83%AD%E3%82%B0%E5%8E%9F%E7%A8%BFGM2026%E7%A7%8BCUT1200x603.jpg,
一般,土曜,M118,嘴広卿,https://gamemarket.jp/booth/2199,,https://x.com/sirhashibiro,あたしャ神サマだョ！！,神在月のある一夜に行われる暇を持て余した神々の遊び推理と論理パズルで神を暴け！！,"¥3,500",3〜5人,45〜75分,不可,,https://gamemarket.jp/game/178742,,,公式サイト,https://img.gamemarket.jp/20260921_114337_AWKD_BOX_web2_1200x602.jpg,
一般,土曜,M119,親子ボドゲ,https://gamemarket.jp/booth/2166,,,ワード大富豪 by 学研ステイフル,ワード大富豪で「スピードしりとりビンゴ」,"¥1,500",2〜4人,5〜10分,不可,,https://gamemarket.jp/game/189590,,,公式サイト,https://img.gamemarket.jp/20261004_185847_SpeedShiritoriBingo1.jpg,
一般,土曜,M121,80GAMES,https://gamemarket.jp/booth/5067,,,オゴリジャン,【人の金で焼肉が食べたい】 これは全人類が心の奥に持つ欲望である 今夜もどこかの店でその戦いが始まる,"¥2,500",2〜5人,15〜30分,可,https://docs.google.com/forms/d/1rc7g9fTVlGRjKHMGokxoEQn3YADuHxYvsmDxrm6luTw/edit?hl=ja#settings,https://gamemarket.jp/game/188950,,新作,公式サイト,https://img.gamemarket.jp/20260907_213010_12684.jpg,
一般,土曜,M122,チャトラゲームズ,https://gamemarket.jp/booth/2866,,,エリスの算盤,この戦争は、カネになる。,"¥2,000",2〜5人,60〜75分,可,https://forms.gle/LE1bvfDxV2PK85jW9,https://gamemarket.jp/game/178047,,,公式サイト,https://img.gamemarket.jp/20241106_220644_%E3%83%91%E3%83%83%E3%82%B1%E3%83%BC%E3%82%B8%E8%A1%A8.png,
一般,土曜,M127,玉匣~たまくしげ~,https://gamemarket.jp/booth/6590,,https://x.com/tamakushige_bg,2026秋新作【MR.DARTS拡張 inferno】,迫りくる敵を撃破しろ!!,"¥3,300",3〜4人,10〜90分,可,https://forms.gle/puNi7mtXtWHcJwpp7,https://gamemarket.jp/game/189708,,新作,公式サイト,https://img.gamemarket.jp/20261007_180918_MR.DARTS%E6%8B%A1%E5%BC%B5%E5%AE%A3%E4%BC%9D.png,
一般,土曜,M127,玉匣~たまくしげ~,https://gamemarket.jp/booth/6590,,https://x.com/tamakushige_bg,2026秋新作【鬼灯~Hozuki~】,魂を導くか、勝負を制するか。手札1枚に潜む、二重のジレンマ,"¥3,300",3〜6人,30〜90分,可,https://forms.gle/xKevWHcVUJt9hGWY6,https://gamemarket.jp/game/189656,,新作,公式サイト,https://img.gamemarket.jp/20261006_162714_%E9%AC%BC%E7%81%AF%E5%AE%A3%E4%BC%9D.png,
一般,土曜,M127,玉匣~たまくしげ~,https://gamemarket.jp/booth/6590,,https://x.com/tamakushige_bg,MR.DARTS,ドラフト×ダーツのボードゲーム!じっくり考えるもよし、直感に頼るのもよしなゲームです!,"2,500円",3〜4人,30〜120分,情報なし,,https://x.com/tamakushige_bg/status/2047331168656503154?s=20,あり,,ボドゲゴー,https://storage.googleapis.com/bodogego_public/creator_event/game_market_2026_spring/game/%E7%8E%89%E5%8C%A3_tamakushige_MR.DARTS.jpg,
一般,土曜,M127,玉匣~たまくしげ~,https://gamemarket.jp/booth/6590,,https://x.com/tamakushige_bg,【MR.DARTS拡張inferno】,前作【MR.DARTS】の拡張。迫りくる敵を撃破する協力ゲームです。,"3,300円",3〜4人,10〜90分,情報なし,,https://note.com/tamakushige/n/n2df52a6386a6,あり,新作,ボドゲゴー,https://storage.googleapis.com/bodogego_public/creator_event/game_market_2026_autumn/game/%E7%8E%89%E5%8C%A3~%E3%81%9F%E3%81%BE%E3%81%8F%E3%81%97%E3%81%92~_%E3%80%90MR.DARTS%E6%8B%A1%E5%BC%B5inferno%E3%80%91.jpg,
一般,土曜,M127,玉匣~たまくしげ~,https://gamemarket.jp/booth/6590,,https://x.com/tamakushige_bg,【鬼灯~Hozuki~】,鬼灯となり魂を案内しよう!ただし、中にはいたずら好きの鬼灯もいて...,"3,300円",3〜6人,60〜90分,情報なし,,https://note.com/tamakushige/n/n627a4bc500e1,あり,新作,ボドゲゴー,https://storage.googleapis.com/bodogego_public/creator_event/game_market_2026_autumn/game/%E7%8E%89%E5%8C%A3~%E3%81%9F%E3%81%BE%E3%81%8F%E3%81%97%E3%81%92~_%E3%80%90%E9%AC%BC%E7%81%AF~Hozuki~%E3%80%91.jpg,
一般,土曜,M129,ARCAREST,https://gamemarket.jp/booth/4316,,https://x.com/arcarest_plants,the ORACLE 未来予知チェス,キングvsキング！？未来を宣言して戦う変則チェスゲーム！,"2,500円",2〜2人,5〜15分,情報なし,,https://gamemarket.jp/game/189668,,新作,ボドゲゴー,https://storage.googleapis.com/bodogego_public/creator_event/game_market_2026_autumn/game/ARCAREST_the_ORACLE_%E6%9C%AA%E6%9D%A5%E4%BA%88%E7%9F%A5%E3%83%81%E3%82%A7%E3%82%B9.jpg,
一般,土曜,M129,ARCAREST,https://gamemarket.jp/booth/4316,,https://x.com/arcarest_plants,Gloom on Bloom,それぞれのグラスに隠された真意を読み解き、安全な美酒を飲み、毒を盛り合う。,"1,500円",2〜12人,3〜10分,情報なし,,https://gamemarket.jp/game/189572,,新作,ボドゲゴー,https://storage.googleapis.com/bodogego_public/creator_event/game_market_2026_autumn/game/ARCAREST_Gloom_on_Bloom.jpg,
一般,土曜,M132,ハッピーゲームズ,https://gamemarket.jp/booth/1538,,https://x.com/HAPPYGAMES_bg,グラギャモンにゃん,伝統ゲーム・バックギャモンをキュートにRE:DESIGN！,"3,000円",2〜2人,10〜20分,情報なし,,https://t.co/W9msr3RlWX,あり,,ボドゲゴー,https://storage.googleapis.com/bodogego_public/creator_event/game_market_2024_autumn/%E3%83%8F%E3%83%83%E3%83%94%E3%83%BC%E3%82%B2%E3%83%BC%E3%83%A0%E3%82%BA_%E3%82%B0%E3%83%A9%E3%82%AE%E3%83%A3%E3%83%A2%E3%83%B3%E3%81%AB%E3%82%83%E3%82%93.png,
一般,土曜,M132,ハッピーゲームズ,https://gamemarket.jp/booth/1538,,https://x.com/HAPPYGAMES_bg,オウムガエス,絵柄ではなく、動物の鳴き声をヒントに神経衰弱系の記憶ゲーム！,"1,500円",2〜6人,10〜20分,情報なし,,https://t.co/aCrOnuKq2M,あり,,ボドゲゴー,https://storage.googleapis.com/bodogego_public/creator_event/game_market_2024_autumn/%E3%83%8F%E3%83%83%E3%83%94%E3%83%BC%E3%82%B2%E3%83%BC%E3%83%A0%E3%82%BA_%E3%82%AA%E3%82%A6%E3%83%A0%E3%82%AC%E3%82%A8%E3%82%B9.png,
一般,土曜,M132,ハッピーゲームズ,https://gamemarket.jp/booth/1538,,https://x.com/HAPPYGAMES_bg,ZIXZA（ジグザ）新版,ダイスをコマにしたアブストラクトゲームの決定版！,"1,000円",2〜2人,5〜15分,情報なし,,https://t.co/ZXXXqggnxp,あり,,ボドゲゴー,https://storage.googleapis.com/bodogego_public/creator_event/game_market_2024_autumn/%E3%83%8F%E3%83%83%E3%83%94%E3%83%BC%E3%82%B2%E3%83%BC%E3%83%A0%E3%82%BA_ZIXZA%EF%BC%88%E3%82%B8%E3%82%B0%E3%82%B6%EF%BC%89%E6%96%B0%E7%89%88.png,
一般,土曜,M134,梟老堂,https://gamemarket.jp/booth/1307,,https://x.com/Fukuroudou_8,Trick of Balance ~魔女と鉱夫~,得点方法クセ強?! トリックテイキングゲーム,"¥2,500",3〜5人,30〜30分,可,https://docs.google.com/forms/d/e/1FAIpQLSfJWfcThwARZykZYkofFsc-DLAOlLI4iY71I6-d_Wj6lXvHzw/viewform?usp=header,https://gamemarket.jp/game/189254,,新作,公式サイト,https://img.gamemarket.jp/20260920_153922_21_boxsleeve_%E7%94%BB%E5%83%8F%E4%BD%9C%E6%88%90%E7%94%A8-%E5%A4%A9%E9%9D%A2-150.png,
一般,土曜,M135,みとなゲームズ,https://gamemarket.jp/booth/6154,,,敵に塩を送り合うゲーム,その「贈り物」本当に貰って大丈夫？,"¥2,000",2〜8人,10〜30分,可,https://forms.gle/jCT1sRoVY3tafxmk6,https://gamemarket.jp/game/188797,,新作,公式サイト,https://img.gamemarket.jp/20260826_125128_%E3%82%B2%E3%83%BC%E3%83%A0%E3%83%9E%E3%83%BC%E3%82%B1%E3%83%83%E3%83%88%E3%83%96%E3%83%BC%E3%82%B9%E3%82%AB%E3%83%83%E3%83%88.png,
一般,土曜,M135,みとなゲームズ,https://gamemarket.jp/booth/6154,,,"SALT TO THE ENEMY(Salt's Inside,Obviously!)",Are you sure you want to accept that Gift?,"¥2,000",2〜8人,10〜30分,可,https://forms.gle/jSsUvhFhZZNdU7Fw8,https://gamemarket.jp/game/189602,,,公式サイト,https://img.gamemarket.jp/20261004_234203_%E3%82%B2%E3%83%BC%E3%83%A0%E3%83%9E%E3%83%BC%E3%82%B1%E3%83%83%E3%83%88%E3%83%96%E3%83%BC%E3%82%B9%E3%82%AB%E3%83%83%E3%83%88.png,
一般,土曜,M137,木須ゲームズ,https://gamemarket.jp/booth/5395,,,チェンジャッジャー,伏せられたカードを推理＆記憶-多人数情報処理対戦ゲーム-,"¥2,000",3〜6人,5〜15分,不可,,https://gamemarket.jp/game/189299,,新作,公式サイト,https://img.gamemarket.jp/20260925_043549_%E3%83%81%E3%82%A7%E3%83%B3%E3%82%B8%E3%83%A3%E3%83%83%E3%82%B8%E3%83%A3%E3%83%BC_%E5%BA%83%E5%91%8A_Twitter%E7%94%A8_260919.png,
一般,土曜,M137,木須ゲームズ,https://gamemarket.jp/booth/5395,,,おんりおっと,見捨てた仲間に恨まれる。2人対戦カードゲーム,"¥2,000",2人,5〜15分,不可,,https://gamemarket.jp/game/189374,,,公式サイト,https://img.gamemarket.jp/20261003_171012_%E3%81%8A%E3%82%93%E3%82%8A%E3%81%8A%E3%81%A3%E3%81%A8_%E5%BA%83%E5%91%8A_Twitter%E7%94%A8_260919.png,
一般,土曜,M139,Table Cross,https://gamemarket.jp/booth/1250,,,十八怪談 （Kaidan: 18 Ghost Stories）,【 ゲムチャレ2026参加作品 】 ７種で競う綱引き型 ２人専用対戦ゲーム,"¥1,500",2人,20〜20分,可,https://gamemarket.jp/game/188835/?preview=81e5f81db77c596492e6f1a5a792ed53,https://gamemarket.jp/game/188835,,新作,公式サイト,https://img.gamemarket.jp/20260831_204004_11_%E3%82%B9%E3%82%AF%E3%83%AA%E3%83%BC%E3%83%B3%E3%82%B7%E3%83%A7%E3%83%83%E3%83%88%202026-08-24%20224608.png,
一般,土曜,M143,揺れる蕾を愛でる会,https://gamemarket.jp/booth/3965,,https://x.com/ico_jorda,バタバタふたばのトリトリテ,『トリトリテ』って、言いたかった…（遠い目）,"¥1,500",3〜4人,30〜45分,可,https://docs.google.com/forms/d/e/1FAIpQLScVU7Nj0NY886p3aB-3Lx4FWUul6oWK23d7k3huSQBZs8LMBw/viewform?usp=sharing&amp;ouid=116148312080040737028,https://gamemarket.jp/game/189102,,新作,公式サイト,https://img.gamemarket.jp/20260923_171336_ba_trt_head.jpg,
一般,土曜,M146,Native Studio,https://gamemarket.jp/booth/6716,,,ウィグル ポップジャム 【 Wiggle POP JAM 】,色が交錯する不思議でポップなセッションがいま始まる🎩みんなで一緒にジャム・ザ・ボード🪄,"¥1,500",2〜3人,15〜20分,可,https://forms.gle/YRTxRtxUfjCavJG58,https://gamemarket.jp/game/189058,,新作,公式サイト,https://img.gamemarket.jp/20260929_212839_WigglePopJam.png,
一般,土曜,M147,ワークショップゲームをつくる会,https://gamemarket.jp/booth/3698,,,ドッチーク？,今の子どものこと、どれくらい知ってますか？こどもの完成が浮き彫りになる、こどもの新たな一面に気付ける新感覚ゲーム！,"¥2,000",3〜6人,10〜30分,可,https://forms.gle/PZm6YBJM6fe8XeVK9,https://gamemarket.jp/game/184514,,,公式サイト,https://img.gamemarket.jp/20241114_162914_%E3%83%89%E3%83%83%E3%83%81%E3%83%BC%E3%82%AF_small.png,
一般,土曜,M147,ワークショップゲームをつくる会,https://gamemarket.jp/booth/3698,,,どっちメーター,普通 と 変わり者 自分が言われたらイヤなのは どっち？？,"¥2,000",3〜8人,10〜30分,可,https://forms.gle/PZm6YBJM6fe8XeVK9,https://gamemarket.jp/game/184513,,,公式サイト,https://img.gamemarket.jp/20260521_170128_%E3%81%A9%E3%81%A3%E3%81%A1%E3%83%A1%E3%83%BC%E3%82%BF%E3%83%BC.png,
一般,土曜,M147,ワークショップゲームをつくる会,https://gamemarket.jp/booth/3698,,,コミカル,伝えるカルタ、コミカル！,"¥1,000",2〜8人,10〜分,可,https://forms.gle/PZm6YBJM6fe8XeVK9,https://gamemarket.jp/game/185958,,,公式サイト,https://img.gamemarket.jp/20250516_001738_%E3%82%B2%E3%83%A0%E3%83%9E%E3%82%B5%E3%83%A0%E3%83%8D%E7%94%A8%20(5).jpg,
一般,土曜,M147,ワークショップゲームをつくる会,https://gamemarket.jp/booth/3698,,,ぬけがけクエスチョン,質問を重ねて正体を暴け！いち早く正解にたどり着く、ひらめき推理バトル！,"¥1,000",1〜9人,10〜90分,可,https://forms.gle/PZm6YBJM6fe8XeVK9,https://gamemarket.jp/game/188653,,,公式サイト,https://img.gamemarket.jp/20260521_171309_%E3%81%AC%E3%81%91%E3%81%8C%E3%81%91%E3%82%AF%E3%82%A8%E3%82%B9%E3%83%81%E3%83%A7%E3%83%B3.png,
一般,両日,N008,Prism Evange,https://gamemarket.jp/booth/6965,,,EMPRISS ~Magical with Idols,アイドル×着せ替え×対戦型カードゲーム,"¥1,000",2人,5〜13分,不可,,https://gamemarket.jp/game/188974,,新作,公式サイト,https://img.gamemarket.jp/20260910_002644_mini.png,
一般,両日,N012,ウッカリイズム,https://gamemarket.jp/booth/6957,,,いっと いちどう にふ よんじゅう三国志,選ぶ！重ねる！おしゃデュエル！,"¥3,000",2人,5〜20分,可,https://docs.google.com/forms/d/e/1FAIpQLSemFv7t1_hAapBGVqq9x0xXuGAK9nFvkg5E0gI2ARho5WqijQ/viewform?usp=dialog,https://gamemarket.jp/game/188869,,新作,公式サイト,https://img.gamemarket.jp/20260919_140705_%E7%AE%B1fix0913_%E5%B0%8F.png,
一般,土曜,N014,永夜,https://gamemarket.jp/booth/5517,,https://x.com/Eiya_boardgame,神は賽子を振らないが、半神は聖選(ドラフト)をした後天命を待つ：天命に抗うもの,ドラフトだけに留まらない 濃厚なプレイ体験すらここに。,"¥2,500",2人,〜30分,不可,,https://gamemarket.jp/game/188898,あり,新作,公式サイト,https://img.gamemarket.jp/20260903_101459_%E5%AE%A3%E4%BC%9D%E7%94%A8__.png,
一般,土曜,N014,永夜,https://gamemarket.jp/booth/5517,,https://x.com/Eiya_boardgame,神は賽子を振らないが、半神は聖選(ドラフト)をした後天命を待つ,ドラフトだけをする――濃厚なドラフト体験がここに。,"¥2,500",2人,〜30分,可,https://gamemarket.jp/game/186155,https://gamemarket.jp/game/186155,あり,,公式サイト,https://img.gamemarket.jp/20251015_002151_eiya_draten_.png,
一般,土曜,N014,永夜,https://gamemarket.jp/booth/5517,,https://x.com/Eiya_boardgame,三神姫,トリテ×ポーカー×三人専用！,"¥2,000",3人,3〜30分,不可,,https://gamemarket.jp/game/184295,あり,,公式サイト,https://img.gamemarket.jp/20241027_193612_14x_.png,
一般,土曜,N019,AsobuzZ-アソバズ-,https://gamemarket.jp/booth/5290,,,【新作】7 SHADES OF S:EVEN -シェイズオブセブン- 1st EDITION 拡張パック,1st EDITIONの新しいカード全7種（7色）！1パックに同じカード7枚、ゲムマで初売り。,¥300,2〜4人,30〜60分,可,https://docs.google.com/forms/d/e/1FAIpQLScn88HpLCuOowLeq3kyqMKUubthIBEfH0J_Ro-6YqO86dE_Cg/viewform?usp=pp_url&amp;entry.1660188313=7+SHADES+OF+S:EVEN%E7%AD%89%E3%81%AE%E3%82%B2%E3%83%BC%E3%83%A0%E3%81%AE%E3%81%8A%E5%BE%97%E3%81%AA%E9%80%A3%E7%B5%A1%E3%81%AA%E3%81%A9%E3%82%92%E5%8F%97%E3%81%91%E5%8F%96%E3%82%8B%E3%80%82%EF%BC%88%E6%9C%88%EF%BC%91%E5%9B%9E%E7%A8%8B%E5%BA%A6%EF%BC%89,https://gamemarket.jp/game/189698,,新作,公式サイト,https://img.gamemarket.jp/20261007_154249_%E6%8B%A1%E5%BC%B5%E3%83%91%E3%83%83%E3%82%AF_%E3%82%B5%E3%83%A0%E3%83%8D%E3%82%A4%E3%83%AB_2026%E7%A7%8B_v2.jpg,
一般,土曜,N019,AsobuzZ-アソバズ-,https://gamemarket.jp/booth/5290,,,【最新作】7 SHADES OF S:EVEN -シェイズオブセブン- 1st EDITION,49枚のカードがそのまま盤面に！ジュエルを動かして、先に7色をそろえた人の勝ち。,"¥3,500",2〜4人,30〜60分,可,https://docs.google.com/forms/d/e/1FAIpQLScn88HpLCuOowLeq3kyqMKUubthIBEfH0J_Ro-6YqO86dE_Cg/viewform?usp=pp_url&amp;entry.1660188313=7+SHADES+OF+S:EVEN%E7%AD%89%E3%81%AE%E3%82%B2%E3%83%BC%E3%83%A0%E3%81%AE%E3%81%8A%E5%BE%97%E3%81%AA%E9%80%A3%E7%B5%A1%E3%81%AA%E3%81%A9%E3%82%92%E5%8F%97%E3%81%91%E5%8F%96%E3%82%8B%E3%80%82%EF%BC%88%E6%9C%88%EF%BC%91%E5%9B%9E%E7%A8%8B%E5%BA%A6%EF%BC%89,https://gamemarket.jp/game/189697,,,公式サイト,https://img.gamemarket.jp/20261007_154124_%E3%82%B2%E3%83%BC%E3%83%A0%E3%82%B5%E3%83%A0%E3%83%8D%E3%82%A4%E3%83%AB_2026%E7%A7%8B_v2.jpg,
一般,土曜,N019,AsobuzZ-アソバズ-,https://gamemarket.jp/booth/5290,,,【新作】7 SHADES OF S:EVEN -シェイズオブセブン- 1st EDITION 拡張パック,1st EDITIONの新しいカード全7種（7色）！1パックに同じカード7枚、ゲムマで初売り。,¥300,2〜4人,30〜60分,可,https://docs.google.com/forms/d/e/1FAIpQLScn88HpLCuOowLeq3kyqMKUubthIBEfH0J_Ro-6YqO86dE_Cg/viewform?usp=pp_url&amp;entry.1660188313=7+SHADES+OF+S:EVEN%E7%AD%89%E3%81%AE%E3%82%B2%E3%83%BC%E3%83%A0%E3%81%AE%E3%81%8A%E5%BE%97%E3%81%AA%E9%80%A3%E7%B5%A1%E3%81%AA%E3%81%A9%E3%82%92%E5%8F%97%E3%81%91%E5%8F%96%E3%82%8B%E3%80%82%EF%BC%88%E6%9C%88%EF%BC%91%E5%9B%9E%E7%A8%8B%E5%BA%A6%EF%BC%89,https://gamemarket.jp/game/189210,,新作,公式サイト,https://img.gamemarket.jp/20260919_022448_%E6%8B%A1%E5%BC%B5%E3%83%91%E3%83%83%E3%82%AF_%E3%82%B5%E3%83%A0%E3%83%8D%E3%82%A4%E3%83%AB_2026%E7%A7%8B.jpg,
一般,土曜,N019,AsobuzZ-アソバズ-,https://gamemarket.jp/booth/5290,,,【最新作】7 SHADES OF S:EVEN -シェイズオブセブン- 1st EDITION,49枚のカードがそのまま盤面に！ジュエルを動かして、先に7色をそろえた人の勝ち。,"¥3,500",2〜4人,30〜60分,可,https://docs.google.com/forms/d/e/1FAIpQLScn88HpLCuOowLeq3kyqMKUubthIBEfH0J_Ro-6YqO86dE_Cg/viewform?usp=pp_url&amp;entry.1660188313=7+SHADES+OF+S:EVEN%E7%AD%89%E3%81%AE%E3%82%B2%E3%83%BC%E3%83%A0%E3%81%AE%E3%81%8A%E5%BE%97%E3%81%AA%E9%80%A3%E7%B5%A1%E3%81%AA%E3%81%A9%E3%82%92%E5%8F%97%E3%81%91%E5%8F%96%E3%82%8B%E3%80%82%EF%BC%88%E6%9C%88%EF%BC%91%E5%9B%9E%E7%A8%8B%E5%BA%A6%EF%BC%89,https://gamemarket.jp/game/189209,,,公式サイト,https://img.gamemarket.jp/20260919_021732_%E3%82%B2%E3%83%BC%E3%83%A0%E3%82%B5%E3%83%A0%E3%83%8D%E3%82%A4%E3%83%AB_2026%E7%A7%8B.jpg,
一般,土曜,N022,Pair Games,https://gamemarket.jp/booth/4957,,,Qumasu（キューマス）,TCGライク2人用戦略カードゲーム,"¥2,000",2人,15〜30分,不可,,https://gamemarket.jp/game/189531,,新作,公式サイト,https://img.gamemarket.jp/20261001_230605_%E3%82%B5%E3%83%A0%E3%83%8D(%E6%A8%AA).png,
一般,両日,N023,ホンネラボ,https://gamemarket.jp/booth/3246,,,Wonderland & the Key,『鍵』を奪い合い元の世界に帰るれるのは『鍵』に選ばれた一人だけなのです,"¥5,000",2〜6人,10〜30分,可,https://forms.gle/c7C9NHt2ehkXrZ6s7,https://gamemarket.jp/game/189560,,新作,公式サイト,https://img.gamemarket.jp/20261003_001545_900ab001.jpeg,
一般,両日,N023,ホンネラボ,https://gamemarket.jp/booth/3246,,,Schneewittchen(白雪姫) Playing Cards,『白雪姫』をテーマに、箔押しを多用した豪華仕様のトランプになります。,"¥2,200",1〜8人,3〜20分,可,https://forms.gle/c7C9NHt2ehkXrZ6s7,https://gamemarket.jp/game/189559,,新作,公式サイト,https://img.gamemarket.jp/20261002_235600_900snow002.jpg,
一般,両日,N025,CryptoHunter,https://gamemarket.jp/booth/4976,,https://x.com/CryptoHunterDAO,CryptoHunter ver7 PreniumDX,狩っていいのは、狩られる覚悟ある者だけ,"¥10,000",2〜4人,20〜60分,可,https://docs.google.com/forms/d/e/1FAIpQLScqFEU4kMo9tLFhxVIjemzBotluFapn_Uz46PGud3JwuftFFg/viewform?usp=dialog,https://gamemarket.jp/game/187918,,,公式サイト,https://img.gamemarket.jp/20260422_175300_CryptoHunter_Screen_06.jpg,
一般,両日,N025,CryptoHunter,https://gamemarket.jp/booth/4976,,https://x.com/CryptoHunterDAO,GOLD DANCES,ババ抜き系正体隠匿パーティーゲーム。お金を稼ぎ、騙しあい、奪い合い、厳しい資本主義で勝ち残る。,"2,000円",3〜8人,10〜20分,情報なし,,https://gamemarket.jp/game/186579,,,ボドゲゴー,https://storage.googleapis.com/bodogego_public/creator_event/game_market_2026_autumn/game/CryptoHunter_GOLD_DANCES.jpg,
一般,両日,N027,大草原製作所,https://gamemarket.jp/booth/2701,,https://x.com/bdgame_tyu,ぶらっく★くえすと2　ーゆうしゃがにげたワケー,ラスボス討伐のパーティの一人になって、ラスボスへのトドメを誰かに押し付けよう！！,"2,000円",2〜4人,5〜15分,情報なし,,http://gamemarket.jp/game/189242,,新作,ボドゲゴー,https://storage.googleapis.com/bodogego_public/creator_event/game_market_2026_autumn/game/%E5%A4%A7%E8%8D%89%E5%8E%9F%E8%A3%BD%E4%BD%9C%E6%89%80_%E3%81%B6%E3%82%89%E3%81%A3%E3%81%8F%E2%98%85%E3%81%8F%E3%81%88%E3%81%99%E3%81%A82_%E3%83%BC%E3%82%86%E3%81%86%E3%81%97%E3%82%83%E3%81%8C%E3%81%AB%E3%81%92%E3%81%9F%E3%83%AF%E3%82%B1%E3%83%BC.jpg,
一般,両日,N028,X-LIVE ONrush!,https://gamemarket.jp/booth/5275,,https://x.com/xlive_onrush,X-LIVE ONrush! Flash Poker,展開型刹那TCG,¥700,2人,5〜10分,可,https://x-live-onrush.booth.pm/,https://gamemarket.jp/game/189324,あり,新作,公式サイト,https://img.gamemarket.jp/20260922_200115_%E8%B2%A9%E5%A3%B2%E9%96%8B%E5%A7%8B%20-%20%E3%82%B3%E3%83%94%E3%83%BC.png,
一般,両日,N033,いくたいろ工房,https://gamemarket.jp/booth/6962,,,ハルローグTCG,,"¥1,500",2人,5〜20分,不可,,https://gamemarket.jp/game/189043,,新作,公式サイト,https://img.gamemarket.jp/20260913_152348_%E3%82%B5%E3%83%A0%E3%83%8D%E3%83%8F%E3%83%AB%E3%83%AD%E3%83%BC%E3%82%B0.png,
一般,両日,N035,スピマテ制作委員会,https://gamemarket.jp/booth/1860,,https://x.com/spiriamaterial,スピマテカードゲームStA,18枚で遊べるカードゲーム,"2,000円",2〜2人,20〜0分,情報なし,,https://spimate.com/,あり,新作,ボドゲゴー,https://storage.googleapis.com/bodogego_public/creator_event/game_market_2026_autumn/game/%E3%82%B9%E3%83%94%E3%83%9E%E3%83%86%E5%88%B6%E4%BD%9C%E5%A7%94%E5%93%A1%E4%BC%9A_%E3%82%B9%E3%83%94%E3%83%9E%E3%83%86%E3%82%AB%E3%83%BC%E3%83%89%E3%82%B2%E3%83%BC%E3%83%A0StA.jpg,
一般,両日,N036,アニス,https://gamemarket.jp/booth/6959,,,トランプDEデュエル,トランプが１組あればできる、2人対戦用本格カードゲーム,"¥2,000",2人,15〜60分,可,https://forms.gle/SFWzUCReaR9K5eyo7,https://gamemarket.jp/game/189105,,新作,公式サイト,https://img.gamemarket.jp/20260917_191052__1.png,
一般,土曜,N037,あなろぐれたす,https://gamemarket.jp/booth/6076,,,ウォザド,めのまえには てきがいる。 せなかには なかまがいる。,"¥1,500",2人,30〜40分,可,https://docs.google.com/forms/d/e/1FAIpQLSfwxJ94Yx-hclKGlUIqX2u5A6mRr6AOgiW5XImAYABWmLRQUg/viewform,https://gamemarket.jp/game/186531,,,公式サイト,https://img.gamemarket.jp/20251111_185625_IMG_8572.jpeg,
一般,土曜,N039,バトルオブレガシィ,https://gamemarket.jp/booth/6973,,,バトルオブレガシィ,トレーディングカードゲーム,¥500,2人,20〜60分,可,https://battleoflegacy.booth.pm/,https://gamemarket.jp/game/189561,,新作,公式サイト,https://img.gamemarket.jp/20261003_040848_S__72433668_0.jpg,
一般,両日,P008,kirinnoxgames,https://gamemarket.jp/booth/6273,,https://x.com/kirinnoxcom,キリンノックスのダイスタワー,特許出願中の多機能折り畳みダイスタワーです！（ミニサイズと通常サイズがあります）,"¥2,300",人,〜分,不可,,https://gamemarket.jp/game/189073,,新作,公式サイト,https://img.gamemarket.jp/20260915_141918_samunedicetower.jpg,
一般,土曜,P013,クレイズ出版,https://gamemarket.jp/booth/7057,,,蒸気の時代 問題集＆資料集,名作鉄道ゲーム「蒸気の時代」のファンZINE！さまざまな疑問をこの一冊で解決！,"¥1,500",1人,〜分,可,https://forms.gle/MfVcyVnHWWw3mafJ9,https://gamemarket.jp/game/189114,,新作,公式サイト,https://img.gamemarket.jp/20260918_123552_A5%E8%92%B8%E6%B0%97%E3%82%AF%E3%82%A4%E3%82%B9%E3%82%99%E6%9C%AC%E8%A1%A8%E7%B4%99sample.jpg,
一般,土曜,P013,クレイズ出版,https://gamemarket.jp/booth/7057,,,ボードゲーマー英語フレーズメモ本,ボードゲーム中に使える英語フレーズ1000個を紹介！教科書に載っていない実用英語！,"¥1,000",1人,10〜100分,可,https://docs.google.com/forms/d/e/1FAIpQLSfXxEjGuQHk6U_9_rt5FTUXS7xU-qWSDhnuBuhLTJvJ7_uu7w/viewform,https://gamemarket.jp/game/189563,,,公式サイト,https://img.gamemarket.jp/20261003_100929_IMG_9092%20(1)%20(1).jpg,
一般,土曜,P015,@Dokkoi_JP,https://gamemarket.jp/booth/4078,,,Dokkoiソックス(井上磨),足元にも遊びを！,"¥2,000",人,〜分,不可,,https://gamemarket.jp/game/187987,,,公式サイト,https://img.gamemarket.jp/20260425_131824_sDokkoi%E3%82%BD%E3%83%83%E3%82%AF%E3%82%B9%20%E4%BA%95%E4%B8%8A%E7%A3%A8_16_9.jpg,
一般,土曜,P015,@Dokkoi_JP,https://gamemarket.jp/booth/4078,,,Dokkoiファブリックトークントレイ,ボドゲに溶け込むナチュラルトレイ,¥800,人,〜分,不可,,https://gamemarket.jp/game/187986,,,公式サイト,https://img.gamemarket.jp/20260425_124304_20250329_001354264_S.jpg,
一般,土曜,P015,@Dokkoi_JP,https://gamemarket.jp/booth/4078,,,Dokkoiフレキシブルトークントレイ,お片付けが楽しくなるトークントレイ,"¥2,100",人,〜分,不可,,https://gamemarket.jp/game/187984,,,公式サイト,https://img.gamemarket.jp/20260425_121638_Dokkoi%E3%83%95%E3%83%AC%E3%82%AD%E3%82%B7%E3%83%96%E3%83%AB%E3%83%88%E3%83%BC%E3%82%AF%E3%83%B3%E3%83%88%E3%83%AC%E3%82%A4%E4%B8%80%E8%A6%A7_%E3%82%A2%E3%83%BC%E3%83%88%E3%83%9C%E3%83%BC%E3%83%89%201.jpg,
一般,土曜,P015,@Dokkoi_JP,https://gamemarket.jp/booth/4078,,,DokkoiカードスタンドM250,一度に立てられる！多機能カードスタンド！,"¥1,300",人,〜分,不可,,https://gamemarket.jp/game/187983,,,公式サイト,https://img.gamemarket.jp/20260425_121450_Dokkoi%E3%82%AB%E3%83%BC%E3%83%89%E3%82%B9%E3%82%BF%E3%83%B3%E3%83%89%E4%B8%80%E8%A6%A7_s.jpg,
一般,土曜,P015,@Dokkoi_JP,https://gamemarket.jp/booth/4078,,,カードスタンド専用ポーチ（4本用/6本用）,DokkoiカードスタンドM250の持運びをよりスマートに,"¥2,100",人,〜分,不可,,https://gamemarket.jp/game/181090,,,公式サイト,https://img.gamemarket.jp/20260425_162902_sIMG_1176.PNG,
一般,土曜,P015,@Dokkoi_JP,https://gamemarket.jp/booth/4078,,,組立式DokkoiカードホルダI150 [一段：高さ150mm,山札が、これひとつでスッキリ管理。,"¥2,200",人,〜分,不可,,https://gamemarket.jp/game/188005,,,公式サイト,https://img.gamemarket.jp/20260425_162002_s%E3%82%AB%E3%83%BC%E3%83%89%E3%83%9B%E3%83%AB%E3%83%80150.png,
一般,土曜,P015,@Dokkoi_JP,https://gamemarket.jp/booth/4078,,,組立式DokkoiカードホルダI200 [一段：高さ200mm,山札が、これひとつでスッキリ管理。,"¥2,500",人,〜分,不可,,https://gamemarket.jp/game/188004,,,公式サイト,https://img.gamemarket.jp/20260425_161412_s%E3%82%AB%E3%83%BC%E3%83%89%E3%83%9B%E3%83%AB%E3%83%80200.jpg,
一般,土曜,P015,@Dokkoi_JP,https://gamemarket.jp/booth/4078,,,組立式DokkoiカードホルダI250 [一段：高さ250mm,山札が、これひとつでスッキリ管理。,"¥2,800",人,〜分,不可,,https://gamemarket.jp/game/188003,,,公式サイト,https://img.gamemarket.jp/20260425_161001_s%E3%82%AB%E3%83%BC%E3%83%89%E3%83%9B%E3%83%AB%E3%83%80250.jpg,
一般,土曜,P015,@Dokkoi_JP,https://gamemarket.jp/booth/4078,,,組立式DokkoiカードホルダIS150 [二段：高さ150mm,山札も捨て札も、これひとつでスッキリ管理。,"¥2,200",人,〜分,不可,,https://gamemarket.jp/game/188002,,,公式サイト,https://img.gamemarket.jp/20260425_160122_s%E3%82%AB%E3%83%BC%E3%83%89%E3%83%9B%E3%83%AB%E3%83%80S150.png,
一般,土曜,P015,@Dokkoi_JP,https://gamemarket.jp/booth/4078,,,組立式DokkoiカードホルダIS200 [二段：高さ200mm,山札も捨て札も、これひとつでスッキリ管理。,"¥2,500",人,〜分,不可,,https://gamemarket.jp/game/188001,,,公式サイト,https://img.gamemarket.jp/20260425_154929_s%E3%82%AB%E3%83%BC%E3%83%89%E3%83%9B%E3%83%AB%E3%83%80S200.jpg,
一般,土曜,P015,@Dokkoi_JP,https://gamemarket.jp/booth/4078,,,組立式DokkoiカードホルダIS250 [二段：高さ250mm,山札も捨て札も、これひとつでスッキリ管理。,"¥2,800",人,〜分,不可,,https://gamemarket.jp/game/188000,,,公式サイト,https://img.gamemarket.jp/20260425_154527_s%E3%82%AB%E3%83%BC%E3%83%89%E3%83%9B%E3%83%AB%E3%83%80S250.jpg,
一般,土曜,P015,@Dokkoi_JP,https://gamemarket.jp/booth/4078,,,Dokkoiポーチトレイ（着物のリユース）,ポーチがダイストレイに！？,¥0,人,〜分,不可,,https://gamemarket.jp/game/187999,,,公式サイト,https://img.gamemarket.jp/20260425_152544_20251022_120412175_S.jpg,
一般,土曜,P015,@Dokkoi_JP,https://gamemarket.jp/booth/4078,,,Dokkoiポーチトレイ（姫路レザー）,ポーチがダイストレイに！？,"¥8,000",人,〜分,不可,,https://gamemarket.jp/game/187998,,,公式サイト,https://img.gamemarket.jp/20260425_151338_s20250712_040819650_iOS.jpg,
一般,土曜,P015,@Dokkoi_JP,https://gamemarket.jp/booth/4078,,,Dokkoiポーチトレイ（コラボ）,ポーチがダイストレイに！？,¥0,人,〜分,不可,,https://gamemarket.jp/game/187997,,,公式サイト,https://img.gamemarket.jp/20260425_145901_sIMG_6959.jpg,
一般,土曜,P015,@Dokkoi_JP,https://gamemarket.jp/booth/4078,,,Dokkoiポーチトレイ（毛七）,ポーチがダイストレイに！？,¥0,人,〜分,不可,,https://gamemarket.jp/game/187995,,,公式サイト,https://img.gamemarket.jp/20260425_141928_IMG_4575.jpg,
一般,土曜,P015,@Dokkoi_JP,https://gamemarket.jp/booth/4078,,,Dokkoiポーチトレイ（尾州デニム）,ポーチがダイストレイに！？,¥0,人,〜分,不可,,https://gamemarket.jp/game/187994,,,公式サイト,https://img.gamemarket.jp/20260425_140830_sIMG_5178.jpg,
一般,土曜,P015,@Dokkoi_JP,https://gamemarket.jp/booth/4078,,,Dokkoiソックス(別府さい),足元にも遊びを！,"¥2,000",人,〜分,不可,,https://gamemarket.jp/game/187993,,,公式サイト,https://img.gamemarket.jp/20260425_134533_sDokkoi%E3%82%BD%E3%83%83%E3%82%AF%E3%82%B9%20%E5%88%A5%E5%BA%9C%E3%81%95%E3%81%84_16_9.jpg,
一般,土曜,P015,@Dokkoi_JP,https://gamemarket.jp/booth/4078,,,Dokkoiソックス(長谷川登鯉 クトゥルフVer.),足元にも遊びを！,"¥2,000",人,〜分,不可,,https://gamemarket.jp/game/187992,,,公式サイト,https://img.gamemarket.jp/20260425_134200_sDokkoi%E3%82%BD%E3%83%83%E3%82%AF%E3%82%B9%20%E9%95%B7%E8%B0%B7%E5%B7%9D%E7%99%BB%E9%AF%89(%E3%82%AF%E3%83%88%E3%82%A5%E3%83%AB%E3%83%95Ver.)_16_9.jpg,
一般,土曜,P015,@Dokkoi_JP,https://gamemarket.jp/booth/4078,,,Dokkoiソックス(長谷川登鯉 タコVer.),足元にも遊びを！,"¥2,000",人,〜分,不可,,https://gamemarket.jp/game/187991,,,公式サイト,https://img.gamemarket.jp/20260425_133924_sDokkoi%E3%82%BD%E3%83%83%E3%82%AF%E3%82%B9%20%E9%95%B7%E8%B0%B7%E5%B7%9D%E7%99%BB%E9%AF%89(%E3%82%BF%E3%82%B3Ver.)_16_9.jpg,
一般,土曜,P015,@Dokkoi_JP,https://gamemarket.jp/booth/4078,,,Dokkoiソックス(daipo),足元にも遊びを！,"¥2,000",人,〜分,不可,,https://gamemarket.jp/game/187990,,,公式サイト,https://img.gamemarket.jp/20260425_133118_sDokkoi%E3%82%BD%E3%83%83%E3%82%AF%E3%82%B9%20daipo_16_9.jpg,
一般,土曜,P015,@Dokkoi_JP,https://gamemarket.jp/booth/4078,,,Dokkoiソックス(OBOtto),足元にも遊びを！,"¥2,000",人,〜分,不可,,https://gamemarket.jp/game/187989,,,公式サイト,https://img.gamemarket.jp/20260425_132645_sDokkoi%E3%82%BD%E3%83%83%E3%82%AF%E3%82%B9%20OBOtto_16_9.jpg,
一般,土曜,P015,@Dokkoi_JP,https://gamemarket.jp/booth/4078,,,Dokkoiソックス(ウラベロシナンテ),足元にも遊びを！,"¥2,000",人,〜分,不可,,https://gamemarket.jp/game/187988,,,公式サイト,https://img.gamemarket.jp/20260425_132214_sDokkoi%E3%82%BD%E3%83%83%E3%82%AF%E3%82%B9%20%E3%82%A6%E3%83%A9%E3%83%99%E3%83%AD%E3%82%B7%E3%83%8A%E3%83%B3%E3%83%86_16_9.jpg,
一般,両日,P024,EDAガレージ,https://gamemarket.jp/booth/5926,,https://x.com/eda_dice%20,サイコロ各種,４面～100面、マーブル、オリジナル文字、デザイン、占い、戦国武将、無地ダイス、トレイ、アクセサリーなど、数1000種類のサイコロを出品。オリジナルのサイコロの制作も承ります。,200円,0〜0人,0〜0分,情報なし,,,あり,新作,ボドゲゴー,https://storage.googleapis.com/bodogego_public/creator_event/game_market_2026_autumn/game/EDA%E3%82%AC%E3%83%AC%E3%83%BC%E3%82%B8_%E3%82%B5%E3%82%A4%E3%82%B3%E3%83%AD%E5%90%84%E7%A8%AE.jpg,
一般,土曜,P035,竜哭堂,https://gamemarket.jp/booth/4403,,,四季彩ノ庭,,"¥40,000",3〜5人,45〜60分,不可,,https://gamemarket.jp/game/189281,,新作,公式サイト,https://img.gamemarket.jp/20260921_125825_IMG_2475_R_122541~2_R.JPG,
一般,土曜,P036,久遠堂,https://gamemarket.jp/booth/1473,,,名刺バトルロワイヤル,キミの持つ【名刺〝コネクション〟】を召喚せよ！,"¥1,000",2〜8人,10〜20分,不可,,https://gamemarket.jp/game/188578,,,公式サイト,https://img.gamemarket.jp/20260518_145103_%E3%82%B7%E3%83%BC%E3%83%AB1.png,
一般,土曜,P036,久遠堂,https://gamemarket.jp/booth/1473,,,ケーキバイキング！ Remake,カロリー押し付け逆ババ抜き！,"¥3,000",3〜6人,5〜10分,可,https://forms.gle/QaobRJcXxR3B9oT96,https://gamemarket.jp/game/189548,,新作,公式サイト,https://img.gamemarket.jp/20261002_142443_%E3%82%B1%E3%83%BC%E3%82%AD%E3%83%90%E3%82%A4%E3%82%AD%E3%83%B3%E3%82%B0%E3%83%AA%E3%83%A1%E3%82%A4%E3%82%AF.png,
一般,土曜,P037,ながめてる工房,https://gamemarket.jp/booth/7055,,https://x.com/tell1732,磁石でくっつくトークントレイ,磁石でくっつき、重ねることも出来る！ありそうでなかったトークントレイ！,¥300,1〜9人,〜分,不可,,https://gamemarket.jp/game/188853,,新作,公式サイト,https://img.gamemarket.jp/20260901_211326_Gemini_Generated_Image_tlhfrctlhfrctlhf.jpg,
一般,土曜,P037,ながめてる工房,https://gamemarket.jp/booth/7055,,https://x.com/tell1732,マーケット表示用薄型カードディスプレイ,携帯性が高い簡易的なドミニオンステージのようなものが欲しかったので作りました,"2,500円",0〜0人,0〜0分,情報なし,,,,新作,ボドゲゴー,https://storage.googleapis.com/bodogego_public/creator_event/game_market_2026_autumn/game/%E3%81%AA%E3%81%8C%E3%82%81%E3%81%A6%E3%82%8B%E5%B7%A5%E6%88%BF_%E3%83%9E%E3%83%BC%E3%82%B1%E3%83%83%E3%83%88%E8%A1%A8%E7%A4%BA%E7%94%A8%E8%96%84%E5%9E%8B%E3%82%AB%E3%83%BC%E3%83%89%E3%83%87%E3%82%A3%E3%82%B9%E3%83%97%E3%83%AC%E3%82%A4.jpg,
一般,土曜,P038,うめゆ Word Works,https://gamemarket.jp/booth/5374,,,ゲームの説明書の説明書,目指せ、ゲーム業界の底上げ！ 唯一無二の説明書マニュアル！,"¥2,000",人,〜分,可,https://docs.google.com/forms/d/e/1FAIpQLSf6bW3HLCJUQYw5spy-JnD6ZoAaUzcK4Y9oO0npcKtu_RR06w/viewform?usp=publish-editor,https://gamemarket.jp/game/188731,,新作,公式サイト,https://img.gamemarket.jp/20260805_203756_ca532701%E3%82%AB%E3%83%83%E3%83%88%E7%82%AD.png,
一般,土曜,P040,TIW工房,https://gamemarket.jp/booth/5750,,https://x.com/harunon_01,革袋(大),タンニン鞣し牛革のシンプルな革袋,"3,000円",0〜0人,0〜0分,情報なし,,https://gamemarket.jp/blog/192556,,,ボドゲゴー,https://storage.googleapis.com/bodogego_public/creator_event/game_market_2025_spring/TIW%E5%B7%A5%E6%88%BF_%E9%9D%A9%E8%A2%8B(%E5%A4%A7).png,
一般,土曜,P040,TIW工房,https://gamemarket.jp/booth/5750,,https://x.com/harunon_01,革袋(小),タンニン鞣し牛革のシンプルな革袋,"2,000円",0〜0人,0〜0分,情報なし,,https://gamemarket.jp/blog/192556,,,ボドゲゴー,https://storage.googleapis.com/bodogego_public/creator_event/game_market_2025_spring/TIW%E5%B7%A5%E6%88%BF_%E9%9D%A9%E8%A2%8B(%E5%B0%8F).png,
一般,土曜,P040,TIW工房,https://gamemarket.jp/booth/5750,,https://x.com/harunon_01,ファンタジー硬貨,ピューター製の自家製メダルです,200円,0〜0人,0〜0分,情報なし,,https://harusbsb.booth.pm/items/6443474,,,ボドゲゴー,https://storage.googleapis.com/bodogego_public/creator_event/game_market_2025_spring/TIW%E5%B7%A5%E6%88%BF_%E3%83%95%E3%82%A1%E3%83%B3%E3%82%BF%E3%82%B8%E3%83%BC%E7%A1%AC%E8%B2%A8.png,
一般,土曜,P040,TIW工房,https://gamemarket.jp/booth/5750,,https://x.com/harunon_01,10面ダイスシリーズ,オリジナルデザインの10面ダイスです。現在3種類あります。,500円,0〜0人,0〜0分,情報なし,,https://harusbsb.booth.pm/items/6298905,,,ボドゲゴー,https://storage.googleapis.com/bodogego_public/creator_event/game_market_2025_spring/TIW%E5%B7%A5%E6%88%BF_10%E9%9D%A2%E3%83%80%E3%82%A4%E3%82%B9%E3%82%B7%E3%83%AA%E3%83%BC%E3%82%BA.png,
一般,土曜,P040,TIW工房,https://gamemarket.jp/booth/5750,,https://x.com/harunon_01,ミープル威嚇型(小),ゲームの駒として使えるアイテムです,100円,0〜0人,0〜0分,情報なし,,,,新作,ボドゲゴー,https://storage.googleapis.com/bodogego_public/creator_event/game_market_2026_autumn/game/TIW%E5%B7%A5%E6%88%BF_%E3%83%9F%E3%83%BC%E3%83%97%E3%83%AB%E5%A8%81%E5%9A%87%E5%9E%8B(%E5%B0%8F).jpg,
一般,土曜,P040,TIW工房,https://gamemarket.jp/booth/5750,,https://x.com/harunon_01,ミープル威嚇型(大),ゲームの駒として使えるアイテムです,300円,0〜0人,0〜0分,情報なし,,,,新作,ボドゲゴー,https://storage.googleapis.com/bodogego_public/creator_event/game_market_2026_autumn/game/TIW%E5%B7%A5%E6%88%BF_%E3%83%9F%E3%83%BC%E3%83%97%E3%83%AB%E5%A8%81%E5%9A%87%E5%9E%8B(%E5%A4%A7).jpg,
一般,土曜,Q001,Peerless Games,https://gamemarket.jp/booth/6242,,,マーダーミステリー「刈人」,,"¥2,000",4人,90〜90分,不可,,https://gamemarket.jp/game/189050,,新作,公式サイト,https://img.gamemarket.jp/20260913_183026_%E5%88%88%E4%BA%BAMV.jpg,
一般,土曜,Q005,謎廊倶楽部,https://gamemarket.jp/booth/6486,,,探査艇ニューロンの航海記録,「みんな、調べるべき場所を教えてくれる？」,"¥4,000",4人,210〜270分,不可,,https://gamemarket.jp/game/188204,,,公式サイト,https://img.gamemarket.jp/20260504_004458_NewLog.png,
一般,土曜,Q006,マダミステリ屋,https://gamemarket.jp/booth/4965,,,ありふれた将軍の死,秦の始皇帝が統一する前の中華七雄時代のマーダーミステリーです。多くの方が知っている武将も出てきます。,"¥2,000",3〜6人,120〜120分,不可,,https://gamemarket.jp/game/184875,,,公式サイト,https://img.gamemarket.jp/20241115_185513_%E3%81%82%E3%82%8A%E3%81%B5%E3%82%8C%E5%B0%86%E8%BB%8D.jpg,
一般,土曜,Q006,マダミステリ屋,https://gamemarket.jp/booth/4965,,,ありふれた怪物の死,ありがちなファンタジー世界ですが、ミステリーは本格です。ペア要素もあるので３人でも６人でも楽しめます。,"¥1,500",3〜6人,120〜120分,不可,,https://gamemarket.jp/game/184874,,,公式サイト,https://img.gamemarket.jp/20241115_184627_%E3%81%82%E3%82%8A%E3%81%B5%E3%82%8C%E6%80%AA%E7%89%A9.jpg,
一般,土曜,Q006,マダミステリ屋,https://gamemarket.jp/booth/4965,,,バレンタイン・シャッフル３,高校で起こった不思議な事件をドタバタと解決してきます。でもちょっとだけ恋愛要素もあります。,"¥2,000",5人,180〜180分,不可,,https://gamemarket.jp/game/184872,,,公式サイト,https://img.gamemarket.jp/20241115_180332_%E3%83%90%E3%83%AC%EF%BC%93.jpg,
一般,土曜,Q006,マダミステリ屋,https://gamemarket.jp/booth/4965,,,終活ミステリープレイングゲーム『磯砂若菜の遺言書』,７０歳の老婆、磯砂若菜（いそすなわかな）をゲストに終活勉強会を開催。集まった３名は老婆の終活とともに自分の人生を見つめなおす,"¥1,500",3人,120〜120分,不可,,https://gamemarket.jp/game/189123,,新作,公式サイト,https://img.gamemarket.jp/20260918_151214_%E3%82%A6%E3%82%BA%E7%94%A8%E3%82%BF%E3%82%A4%E3%83%88%E3%83%AB.jpg,
一般,土曜,Q006,マダミステリ屋,https://gamemarket.jp/booth/4965,,,五人姉妹のかくしごと,温泉リゾート地で殺人事件発生！アリバイが無い容疑者は、アイドルデビューしたばかりの美人五人姉妹！？,"¥2,500",1〜5人,180〜180分,可,https://forms.gle/uk87zZAJHMJJaAUG9,https://gamemarket.jp/game/189117,,新作,公式サイト,https://img.gamemarket.jp/20260918_143018_%E3%81%8B%E3%81%8F%E3%81%97%E3%81%94%E3%81%A8%E7%B8%A6%E3%83%93%E3%82%B8%E3%83%A5%E3%82%A2%E3%83%AB.jpg,
一般,土曜,Q006,マダミステリ屋,https://gamemarket.jp/booth/4965,,,五人姉妹のひとりごと,本格推理のマーダーミステリー（マダミス）ですが、ひとりごとギミックでワイワイ楽しめます！,"¥2,500",5人,180〜180分,不可,,https://gamemarket.jp/game/185555,,,公式サイト,https://img.gamemarket.jp/20250424_115654_%E3%82%B2%E3%83%A0%E3%83%9E%E4%BA%94%E4%BA%BA.jpg,
一般,土曜,Q006,マダミステリ屋,https://gamemarket.jp/booth/4965,,,五人姉妹のあるばいと,五人姉妹が偶然遊園地のイートインコーナーで遭遇した。楽しいランチを過ごした後に殺人事件に遭遇。容疑者は美人姉妹！,"¥2,500",1〜5人,180〜180分,不可,,https://gamemarket.jp/game/186755,,,公式サイト,https://img.gamemarket.jp/20251029_162712_%E3%81%82%E3%82%8B%E3%81%B0%E3%81%84%E3%81%A8%E3%83%93%E3%82%B8%E3%83%A5%E3%82%A2%E3%83%AB.jpg,
一般,土曜,Q006,マダミステリ屋,https://gamemarket.jp/booth/4965,,,ありふれた領主の死,日本の戦国時代を思わせますがファンタジー要素があるマダミスです。推理と駆け引きを楽しみます。ペア要素もあるので３人・６人でぜひ！,"¥1,000",3〜6人,90〜90分,不可,,https://gamemarket.jp/game/183045,,,公式サイト,https://img.gamemarket.jp/20241115_184343_%E3%81%82%E3%82%8A%E3%81%B5%E3%82%8C%E9%A0%98%E4%B8%BB.jpg,
一般,土曜,Q006,マダミステリ屋,https://gamemarket.jp/booth/4965,,,バレンタイン・シャッフル２,協力謎解き型マーダーミステリーです。,"¥2,000",1〜5人,180〜180分,可,https://docs.google.com/forms/d/e/1FAIpQLScJrKg1pUqzk89y5IWMWLn7IDXjLqrjsvDOs3Gw7bckN4MbQA/viewform?usp=publish-editor,https://gamemarket.jp/game/183044,,,公式サイト,https://img.gamemarket.jp/20241115_184218_%E3%83%90%E3%83%AC%EF%BC%92.jpg,
一般,両日,Q012,日本マーダーミステリー作家協会,https://gamemarket.jp/booth/6367,,,ジマーマ 第二号,日本マーダーミステリー作家協会によるマダミス作家とマダミスを愛するひとのためのマガジン,"¥1,000",1人,〜分,不可,,https://gamemarket.jp/game/189549,,,公式サイト,https://img.gamemarket.jp/20261002_150812_3.PNG,
一般,両日,Q015,時すでにミステリー,https://gamemarket.jp/booth/5185,,,都市伝説マダミスセンター -完全犯罪のやり直し-,みんなでこっくりさんをやろう！,"¥3,000",4人,73〜90分,可,https://t.co/Qdt7zC8Zm5,https://gamemarket.jp/game/189696,,新作,公式サイト,https://img.gamemarket.jp/20261007_152519_%E3%82%AB%E3%83%BC%E3%83%88%E3%82%99%E3%83%86%E3%82%99%E3%83%BC%E3%82%BF_%E9%83%BD%E5%B8%82%E4%BC%9D%E8%AA%AC%E3%83%9E%E3%82%BF%E3%82%99%E3%83%9F%E3%82%B9%E3%82%BB%E3%83%B3%E3%82%BF%E3%83%BC%20_%E8%A3%BD%E5%93%81%E7%89%88_%E5%88%9D%E7%89%88.jpg,
一般,両日,Q016,透明堂,https://gamemarket.jp/booth/6279,,,秘祭,神を信じるか。己を信じるか。,"¥6,180",6人,210〜分,不可,,https://gamemarket.jp/game/189707,,新作,公式サイト,https://img.gamemarket.jp/20261007_175150_%E7%A7%98%E7%A5%AD_%E5%95%86%E5%93%81%E7%AB%8B%E4%BD%93-04.jpg,
一般,土曜,Q019,静岡テーブルゲーム工房,https://gamemarket.jp/booth/4607,,,魔王城,,"¥3,000",6人,150〜180分,可,https://forms.gle/A47BCTD1T42DZ5W76,https://gamemarket.jp/game/189496,,新作,公式サイト,https://img.gamemarket.jp/20260930_210835_%E5%AE%A3%E4%BC%9D%E7%94%A8%E3%82%A4%E3%83%A9%E3%82%B9%E3%83%88.png,
一般,土曜,Q020,ROSSIⅡ,https://gamemarket.jp/booth/6135,,,マーダーミステリー・オブ・ザ・リビングデッド,,"¥3,000",6人,120〜150分,不可,,https://gamemarket.jp/game/189487,,新作,公式サイト,https://img.gamemarket.jp/20260930_124215_HTZTCOYasAA0tG0.jpg,
一般,土曜,Q020,ROSSIⅡ,https://gamemarket.jp/booth/6135,,,玉座は祝福を知らない,推理の先に、選んだ結末がある。,"¥4,500",7人,150〜180分,不可,,https://gamemarket.jp/game/189486,,新作,公式サイト,https://img.gamemarket.jp/20260930_123037_%E7%8E%89%E5%BA%A7%E3%81%AF%E7%A5%9D%E7%A6%8F%E3%82%92%E7%9F%A5%E3%82%89%E3%81%AA%E3%81%84_1MB.jpg,
一般,土曜,Q021,幽界航路,https://gamemarket.jp/booth/7068,,,【謎解き絵本】サイレント騎士と黄金の星,【新作】6つの謎を解き、黄金の星を取り戻せ。折り紙の国を旅するクリスマス謎解き絵本,"¥1,800",1〜人,30〜分,可,https://forms.gle/YAi2L9e9T722uFiH8,https://gamemarket.jp/game/189259,,新作,公式サイト,https://img.gamemarket.jp/20260920_165353_%E3%82%B5%E3%82%A4%E3%83%AC%E3%83%B3%E3%83%88%E9%A8%8E%E5%A3%AB_%E3%82%B2%E3%83%BC%E3%83%A0%E3%82%B5%E3%83%A0%E3%83%8D%E3%82%A4%E3%83%AB_1MB%E4%BB%A5%E5%86%85.jpg,
一般,土曜,Q021,幽界航路,https://gamemarket.jp/booth/7068,,,【謎解き絵本】かちかち山のたぬきの反乱,【新作】昔話「かちかち山」の“その後”を、物語と謎解きでたどるストーリー謎解き絵本,"¥1,800",1〜人,30〜60分,可,https://forms.gle/YAi2L9e9T722uFiH8,https://gamemarket.jp/game/189253,,新作,公式サイト,https://img.gamemarket.jp/20260920_153730_%E3%81%8B%E3%81%A1%E3%81%8B%E3%81%A1%E5%B1%B1_%E3%82%B2%E3%83%BC%E3%83%A0%E3%82%B5%E3%83%A0%E3%83%8D%E3%82%A4%E3%83%AB_1MB%E4%BB%A5%E5%86%85.jpg,
一般,土曜,Q021,幽界航路,https://gamemarket.jp/booth/7068,,,【マダミス】ロドケトゥスは海に還った〜魔術学園入学試験殺人事件,【新作】魔術学園×クトゥルフ。入学試験で起きた殺人事件を追う、5人＋GMの没入型マーダーミステリー,"¥5,500",5人,180〜180分,可,https://forms.gle/YAi2L9e9T722uFiH8,https://gamemarket.jp/game/189250,,新作,公式サイト,https://img.gamemarket.jp/20260920_183829_%E3%83%AD%E3%83%89%E3%82%B1%E3%83%88%E3%82%A5%E3%82%B9_%E3%82%B2%E3%83%BC%E3%83%A0%E3%82%B5%E3%83%A0%E3%83%8D%E3%82%A4%E3%83%AB_1MB%E4%BB%A5%E5%86%85.jpg,
一般,土曜,Q021,幽界航路,https://gamemarket.jp/booth/7068,,,【マダミス】フハハハ、よく来たな――って、首領が死んでる！〜悪の組織殺人事件,【新作】首領が死んだ！犯人捜し×次期首領選び×レンジャー迎撃。5人で悪の組織を演じる、コメディ×駆け引きマーダーミステリー,"¥5,800",5人,180〜180分,可,https://forms.gle/YAi2L9e9T722uFiH8,https://gamemarket.jp/game/189246,,新作,公式サイト,https://img.gamemarket.jp/20260920_151345_%E3%83%95%E3%83%8F%E3%83%8F%E3%83%8F_%E3%82%B2%E3%83%BC%E3%83%A0%E3%82%B5%E3%83%A0%E3%83%8D%E3%82%A4%E3%83%AB_1MB%E4%BB%A5%E5%86%85.jpg,
一般,土曜,Q022,屈折キネマ,https://gamemarket.jp/booth/7069,,,朽ちゆくヴィオレッタ,招かれたのは、孤島の館で開かれる一夜限りの晩餐会。,"¥4,400",5人,130〜分,可,https://forms.gle/o67wAhKrMwEe7jgM7,https://gamemarket.jp/game/188981,,新作,公式サイト,https://img.gamemarket.jp/20260910_150825_%E6%9C%BD%E3%81%A1%E3%82%86%E3%81%8F%E3%83%B4%E3%82%A3%E3%82%AA%E3%83%AC%E3%83%83%E3%82%BF.png,
一般,土曜,Q025,newmerous,https://gamemarket.jp/booth/2864,,,メメント＝ヴィータ,-終わりに咲く、生命の摂理-,"¥6,000",7人,260〜300分,不可,,https://gamemarket.jp/game/189693,,新作,公式サイト,https://img.gamemarket.jp/20261007_115454_M=V_omote%E3%81%AE%E3%82%B3%E3%83%92%E3%82%9A%E3%83%BC2.png,
一般,両日,Q028,みかんぷらねっつ。,https://gamemarket.jp/booth/7060,,,月を喰む唄,,"¥4,000",5人,240〜240分,可,https://forms.gle/52SryGFKzStVWGgv7,https://gamemarket.jp/game/189226,,新作,公式サイト,https://img.gamemarket.jp/20260919_225833_%E3%82%B9%E3%83%A9%E3%82%A4%E3%83%88%E3%82%991.png,
一般,両日,Q028,みかんぷらねっつ。,https://gamemarket.jp/booth/7060,,,スピカは愛を謳う,,"¥4,000",4人,240〜240分,可,https://forms.gle/mbyi2fFCua7C2EaH9,https://gamemarket.jp/game/189231,,新作,公式サイト,https://img.gamemarket.jp/20260919_233812__booth%E7%94%A8%20(2)%20(1).png,
一般,両日,Q028,みかんぷらねっつ。,https://gamemarket.jp/booth/7060,,,孤独なフォーマルハウト,,"¥4,000",4人,240〜240分,可,https://forms.gle/b19rJ91hLctDBeRTA,https://gamemarket.jp/game/189229,,,公式サイト,https://img.gamemarket.jp/20260919_232556_%E3%82%B9%E3%83%A9%E3%82%A4%E3%83%88%E3%82%991.jpeg,
一般,両日,Q031,JOKER PROJECT,https://gamemarket.jp/booth/2691,,,【2026秋新作】夕陽が落ちるまでに パッケージ版【ミステリーテリングゲーム】,あの日僕らが 失ったもの,"¥2,200",〜2人,〜60分,可,https://forms.gle/3eK7NU4EspyxsuS39,https://gamemarket.jp/game/189562,,新作,公式サイト,https://img.gamemarket.jp/20261003_042058_%E3%80%8C%E5%A4%95%E9%99%BD%E3%81%8C%E8%90%BD%E3%81%A1%E3%82%8B%E3%81%BE%E3%81%A7%E3%81%AB%E3%80%8D%E6%A8%AA%E3%83%93%E3%82%B8%E3%83%A5%E3%82%A2%E3%83%AB.jpg,
一般,土曜,R005,星屑ゲームズ,https://gamemarket.jp/booth/7066,,,女神さまのいうとおり,5人用マーダーミステリー！,"¥1,000",〜5人,〜30分,不可,,https://gamemarket.jp/game/189553,,新作,公式サイト,https://img.gamemarket.jp/20261002_210832_%E5%A5%B3%E7%A5%9E%E3%83%91%E3%83%83%E3%82%B1%E3%83%BC%E3%82%B81.png,
一般,土曜,R005,星屑ゲームズ,https://gamemarket.jp/booth/7066,,,ようこそ！動物の森のレストラン,5人用マーダーミステリー！,"¥3,000",〜5人,150〜分,不可,,https://gamemarket.jp/game/189552,,新作,公式サイト,https://img.gamemarket.jp/20261002_210142_%E3%83%91%E3%83%83%E3%82%B1%E3%83%BC%E3%82%B8.png,
一般,土曜,R006,ぶたゆめ堂,https://gamemarket.jp/booth/6200,,,【4人用マーダーミステリー】宵の帳が見せた夢,昔の日本の城が舞台のマーダーミステリーです。 初心者とマダミスファンが一緒に盛り上がれるように工夫しました。,"¥1,500",4人,45〜60分,可,https://docs.google.com/forms/d/e/1FAIpQLSc0K8nEzp_uT8oRxCCsV4CHyCJKaeDwpJmDSmnkyitbhNWpmg/viewform?usp=header,https://gamemarket.jp/game/186992,,,公式サイト,https://img.gamemarket.jp/20251108_163733_%E3%81%B6%E3%81%9F%E3%82%86%E3%82%81%E5%A0%824%E4%BA%BA%E7%94%A8%E3%83%9E%E3%83%BC%E3%83%80%E3%83%BC%E3%83%9F%E3%82%B9%E3%83%86%E3%83%AA%E3%83%BC%E5%AE%B5%E3%81%AE%E5%B8%B3%E3%81%8C%E8%A6%8B%E3%81%9B%E3%81%9F%E5%A4%A2.jpg,
一般,土曜,R006,ぶたゆめ堂,https://gamemarket.jp/booth/6200,,,【2人用マーダーミステリー】魔法時代のエンディング,失踪した『美少年』の行方を追う物語,"¥2,500",2人,90〜90分,可,https://docs.google.com/forms/d/e/1FAIpQLSc0K8nEzp_uT8oRxCCsV4CHyCJKaeDwpJmDSmnkyitbhNWpmg/viewform?usp=header,https://gamemarket.jp/game/189121,,新作,公式サイト,https://img.gamemarket.jp/20260918_145256_%E9%AD%94%E6%B3%95%E6%99%82%E4%BB%A3%E3%81%AE%E3%82%A8%E3%83%B3%E3%83%87%E3%82%A3%E3%83%B3%E3%82%B0%E6%AD%A3%E6%96%B9%E5%BD%A2.jpg,
一般,土曜,R006,ぶたゆめ堂,https://gamemarket.jp/booth/6200,,,【1人用推理ゲーム】自由の回路 ヒポリタの恋,一人でマーダーミステリーの体験を,"¥2,000",1人,60〜60分,可,https://docs.google.com/forms/d/e/1FAIpQLSc0K8nEzp_uT8oRxCCsV4CHyCJKaeDwpJmDSmnkyitbhNWpmg/viewform?usp=header,https://gamemarket.jp/game/189119,,,公式サイト,https://img.gamemarket.jp/20260918_144250_%E3%81%B6%E3%81%9F%E3%82%86%E3%82%81%E5%A0%821%E4%BA%BA%E7%94%A8%E4%BA%8B%E7%94%B1%E3%81%AE%E5%9B%9E%E8%B7%AF%E3%83%92%E3%83%9D%E3%83%AA%E3%82%BF%E3%81%AE%E6%81%8B.jpg,
一般,土曜,R006,ぶたゆめ堂,https://gamemarket.jp/booth/6200,,,【3人用マーダーミステリー】自由の回路,信じるべきか、疑うべきか、それが問題だ。,"¥2,000",3人,90〜90分,可,https://docs.google.com/forms/d/e/1FAIpQLSc0K8nEzp_uT8oRxCCsV4CHyCJKaeDwpJmDSmnkyitbhNWpmg/viewform?usp=header,https://gamemarket.jp/game/189116,,,公式サイト,https://img.gamemarket.jp/20260918_143645_%E3%82%B2%E3%83%A0%E3%83%9E2026%E6%98%A5%E8%87%AA%E7%94%B1%E3%81%AE%E5%9B%9E%E8%B7%AF.jpg,
一般,土曜,R007,我月家,https://gamemarket.jp/booth/1363,,,メイド探偵『美久露未来』,"2026秋はセット頒布のみ。2作品＋スリーブで7,000円→6,000円（スリーブは会場限定）","¥3,500",5人,90〜90分,可,https://yoyaku-eou.pages.dev/,https://gamemarket.jp/game/189694,,新作,公式サイト,https://img.gamemarket.jp/20261007_113821_m_thumb_pkg.jpg,
一般,土曜,R007,我月家,https://gamemarket.jp/booth/1363,,,傀儡館の殺人,"2026秋はセット頒布のみ。2作品＋スリーブで7,000円→6,000円（スリーブは会場限定）","¥3,500",5人,90〜90分,可,https://yoyaku-eou.pages.dev/,https://gamemarket.jp/game/189678,,新作,公式サイト,https://img.gamemarket.jp/20261007_111624_gm4_thumb_pkg.jpg,
一般,土曜,R010,天氷川商店,https://gamemarket.jp/booth/6056,,https://x.com/tenhikawa_st,マーダーミステリー『右か左か』,判断し、決断せよ／欺き、誘導せよ,"¥4,000",4人,90〜分,可,https://forms.gle/FkGDb9pgn6rFX3HQ9,https://gamemarket.jp/game/189110,,新作,公式サイト,https://img.gamemarket.jp/20260918_012817_%E5%8F%B3%E3%81%8B%E5%B7%A6%E3%81%8B_%E3%83%91%E3%83%83%E3%82%B1%E3%83%BC%E3%82%B8%E5%A4%A9%E9%9D%A2.jpg,
一般,土曜,R010,天氷川商店,https://gamemarket.jp/booth/6056,,https://x.com/tenhikawa_st,右か左か,判断し、決断せよ／欺き、誘導せよ,"4,000円",4〜4人,90〜90分,情報なし,,https://gamemarket.jp/game/189110,,新作,ボドゲゴー,https://storage.googleapis.com/bodogego_public/creator_event/game_market_2026_autumn/game/%E5%A4%A9%E6%B0%B7%E5%B7%9D%E5%95%86%E5%BA%97_%E5%8F%B3%E3%81%8B%E5%B7%A6%E3%81%8B.jpg,
一般,土曜,R013,うみのくるしみゲームス,https://gamemarket.jp/booth/6070,,,マーダーミステリー「竜哭の博物館」,恐竜博物館を舞台とした、本格マーダーミステリー,"¥3,200",6人,150〜180分,不可,,https://gamemarket.jp/game/186432,,,公式サイト,https://img.gamemarket.jp/20260906_171337_%E3%82%BF%E3%82%A4%E3%83%88%E3%83%AB%EF%BC%90.png,
一般,両日,S003,J&J,https://gamemarket.jp/booth/5159,,,『育成RPG ムゲン』,「可能性は 無限大」あなただけの不思議な相棒『ムゲン』を育ててみませんか？,"3,000円",1〜8人,30〜180分,情報なし,,https://x.com/J_and_J_trpg?t=u12PZhmZtsw5YT_Pm7VWPA&s=09,,,ボドゲゴー,https://storage.googleapis.com/bodogego_public/creator_event/game_market_2024_autumn/J&J%E3%80%90%E3%82%B2%E3%83%A0%E3%83%9E%E7%A7%8B2024%20%E5%9C%9F-C17%E3%80%91_%E3%80%8E%E8%82%B2%E6%88%90RPG%20%E3%83%A0%E3%82%B2%E3%83%B3%E3%80%8F.png,
一般,両日,S008,チーム青い花,https://gamemarket.jp/booth/3747,,,惑いの記,アロンの司祭サプリメント,"¥2,800",2〜4人,〜分,不可,,https://gamemarket.jp/game/189513,,新作,公式サイト,https://img.gamemarket.jp/20261001_143103_%EC%8D%B8%EB%84%A4%EC%9D%BC.jpg,
一般,両日,S008,チーム青い花,https://gamemarket.jp/booth/3747,,,The Game of Roger ~ロジェのゲーム~,双六ｘ正体隠匿ｘミニゲーム祭りのマリオパーティ風ハイスピードパーティーゲーム！,"¥2,000",4人,5〜20分,不可,,https://gamemarket.jp/game/168126,,,公式サイト,https://img.gamemarket.jp/20250427_101650_case_front.png,
一般,両日,S008,チーム青い花,https://gamemarket.jp/booth/3747,,,クトゥルフ？人狼？,敵は本当に「人狼」なのか。,"¥2,000",6〜14人,20〜40分,不可,,https://gamemarket.jp/game/179892,,,公式サイト,https://img.gamemarket.jp/20250427_103218_ktzr.png,
一般,両日,S008,チーム青い花,https://gamemarket.jp/booth/3747,,,グレイヘブン,オオカミ再生プロジェクトRPG,"¥2,000",5人,〜分,不可,,https://gamemarket.jp/game/188461,,,公式サイト,https://img.gamemarket.jp/20260515_155808_HILBVQSbQAAbHj6.jpeg,
一般,両日,S008,チーム青い花,https://gamemarket.jp/booth/3747,,,アロンの司祭,悪魔に囁かれるエクソシストTRPG,"¥2,800",2〜4人,〜分,可,https://forms.gle/FQ5hN9YHuy6X9xMK6,https://gamemarket.jp/game/186056,,,公式サイト,https://img.gamemarket.jp/20251103_134756_%EC%95%84%EB%A1%A0%EC%9D%98%20%EC%82%AC%EC%A0%9C%20%ED%91%9C%EC%A7%80_%EC%95%95%EC%B6%95.jpg,
一般,両日,S010,たむがや組　黒井会,https://gamemarket.jp/booth/6978,,,The Kuroi Herald,新クトゥルフ神話TRPGシナリオ集,"¥1,000",2〜5人,120〜240分,不可,,https://gamemarket.jp/game/189332,,,公式サイト,https://img.gamemarket.jp/20260923_013355_HETuWycbIAIL3Lp.jpg,
一般,両日,S013,@tigger_maze,https://gamemarket.jp/booth/5123,,,サイコロ迷路サイコロ,サイコロを振って出た目の数だけ、迷路上にある〇を通ってゴールをめざすだけのシンプル迷路パズルです。,"¥1,500",1人,10〜20分,不可,,https://gamemarket.jp/game/185578,,,公式サイト,https://img.gamemarket.jp/20250527_103522_2025%E6%98%A5%E3%83%86%E3%83%B3%E3%83%95%E3%82%9A%E3%83%AC%E3%83%BC%E3%83%88%E9%80%8F%E9%81%8E.jpg,
一般,両日,S013,@tigger_maze,https://gamemarket.jp/booth/5123,,,メビウスの輪の迷路パズル,メビウスの輪が迷路になった！？永遠に行き止まりにならない線が１つだけあります。磁石で貼り付くパーツを入れ替えてその線を探そう！,"¥1,200",1人,5〜10分,不可,,https://gamemarket.jp/game/184920,,,公式サイト,https://img.gamemarket.jp/20241206_162056_%E3%83%97%E3%83%AD%E3%83%88%E3%82%BF%E3%82%A4%E3%83%971.jpg,
一般,両日,S013,@tigger_maze,https://gamemarket.jp/booth/5123,,,20面体の知恵の輪風チェーンパズル,夜な夜な動き出しいたずらをする20面体。チェーンをピッタリとはめて、動かないように縛りつけろ！,"¥1,500",1〜人,5〜分,不可,,https://gamemarket.jp/game/186949,,,公式サイト,https://img.gamemarket.jp/20251107_102513_%E5%85%A8%E8%89%B2.jpg,
一般,両日,S013,@tigger_maze,https://gamemarket.jp/booth/5123,,,銅像を建てよう！,スゴロクで運命を左右されながら台座を積んでいき、最後に頂上に銅像を建てた者が勝つスゴロクバランスパーティーゲームです。,"¥2,300",2〜4人,5〜15分,不可,,https://gamemarket.jp/game/189666,,新作,公式サイト,https://img.gamemarket.jp/20261006_203416_%E3%82%A4%E3%83%B3%E3%82%B9%E3%82%BF_2.jpg,
一般,両日,S027,東京電機大学非電源ゲーム部,https://gamemarket.jp/booth/4440,,,reframing you.,その神を、骨の髄まで ———,"¥1,000",2〜4人,480〜600分,不可,,https://gamemarket.jp/game/189406,,新作,公式サイト,https://img.gamemarket.jp/20260926_235420_%E3%81%8A%E5%93%81%E6%9B%B8%E3%81%8D_SNS%E7%94%A8%20(1).png,
一般,両日,S027,東京電機大学非電源ゲーム部,https://gamemarket.jp/booth/4440,,,電卓で学ぶ No.3 ーCity or Countryー,町も田舎も狂気いっぱい,"¥2,000",1〜100人,5〜360分,不可,,https://gamemarket.jp/game/189404,,新作,公式サイト,https://img.gamemarket.jp/20260926_234214_2026%E3%82%A2%E3%83%B3%E3%82%BD%E3%83%AD%E8%A1%A8%E7%B4%99%E6%A8%AA.jpg,
一般,両日,S027,東京電機大学非電源ゲーム部,https://gamemarket.jp/booth/4440,,,【書籍版】奇譚 落冥遊戯【CoC】,「所詮、地獄に落ちるまでの戯言です」,"¥2,500",2人,979〜1200分,可,https://forms.gle/mfhMk2HLaFh5z8wP7,https://gamemarket.jp/game/188058,,,公式サイト,https://img.gamemarket.jp/20260427_222524_%E6%9B%B8%E7%B1%8D%E7%89%88%20(6)%20(1).png,
一般,両日,S027,東京電機大学非電源ゲーム部,https://gamemarket.jp/booth/4440,,,【書籍版】Cogito you【CoC】,「凍える夜の貴方と私、あの悪夢の話。」,"¥2,000",4人,980〜1200分,可,https://forms.gle/mfhMk2HLaFh5z8wP7,https://gamemarket.jp/game/186953,,,公式サイト,https://img.gamemarket.jp/20251107_142137_%E6%9B%B8%E7%B1%8D%E7%89%88%20(5)%20(1).png,
一般,両日,S027,東京電機大学非電源ゲーム部,https://gamemarket.jp/booth/4440,,,【書籍版】くらげの夜話、耽溺【CoC】,「狂気は人形愛とよく似ている」,"¥2,000",1人,420〜630分,可,https://forms.gle/mfhMk2HLaFh5z8wP7,https://gamemarket.jp/game/186952,,,公式サイト,https://img.gamemarket.jp/20251107_135359_%E6%9B%B8%E7%B1%8D%E7%89%88%20(3)%20(1).png,
一般,土曜,T001,auroraloop,https://gamemarket.jp/booth/3240,,https://x.com/uroraloop,TAO of 九天廻生,東方の狂信者どもの念仏が禁断を芽吹かせる。果たされた九天廻生、其処に救いなど……,0円,3〜6人,120〜360分,情報なし,,https://x.com/uroraloop,,新作,ボドゲゴー,https://storage.googleapis.com/bodogego_public/creator_event/game_market_2026_autumn/game/auroraloop_TAO_of_%E4%B9%9D%E5%A4%A9%E5%BB%BB%E7%94%9F.jpg,
一般,両日,T011,まめはた亭,https://gamemarket.jp/booth/6552,,,魔王に勝った夜,君たちは仲間を信じるのか、それとも己の信念を信じるのか。それぞれの正義が交錯するマーダーミステリー。,"¥3,000",3人,150〜180分,可,https://docs.google.com/forms/d/e/1FAIpQLSfFqKWA13Fkw2obp70rxpZ7LsQzpnkXZlYpHOH5_EnVzclk_Q/viewform,https://gamemarket.jp/game/188491,,,公式サイト,https://img.gamemarket.jp/20260516_202510_%E9%AD%94%E7%8E%8B%E3%81%AB%E5%8B%9D%E3%81%A3%E3%81%9F%E5%A4%9C%20(1)%202%20(2)%20(1).png,
一般,両日,T011,まめはた亭,https://gamemarket.jp/booth/6552,,,悪霊のニート,この家には何かがいる......んん？ニート？,"¥1,500",2〜4人,240〜300分,可,https://docs.google.com/forms/d/e/1FAIpQLSfFqKWA13Fkw2obp70rxpZ7LsQzpnkXZlYpHOH5_EnVzclk_Q/viewform?pli=1,https://gamemarket.jp/game/188510,,,公式サイト,https://img.gamemarket.jp/20260517_125251_%E3%83%8B%E3%83%BC%E3%83%88.png,
一般,両日,T011,まめはた亭,https://gamemarket.jp/booth/6552,,,焔ののち、まほろば,とある村には、秘境と呼ばれる温泉があるらしい。,"¥2,500",3人,420〜480分,可,https://docs.google.com/forms/d/e/1FAIpQLSfFqKWA13Fkw2obp70rxpZ7LsQzpnkXZlYpHOH5_EnVzclk_Q/viewform?pli=1,https://gamemarket.jp/game/188508,,,公式サイト,https://img.gamemarket.jp/20260517_124213_2_20260513221333%20(1)%20(1)%20(1)%20(1)%20(1).png,
一般,土曜,T015,川犬卓&餐題奇劇,https://gamemarket.jp/booth/6995,,,ハートフルワンダーランド【書籍版／CoC6th】,ようこそ、ハートフルワンダーランドへ。遊園地を舞台にしたCoCシナリオ。,"¥2,000",3〜4人,300〜480分,不可,,https://gamemarket.jp/game/189381,,,公式サイト,https://img.gamemarket.jp/20260925_210022_heartful-cover.jpg,
一般,土曜,T015,川犬卓&餐題奇劇,https://gamemarket.jp/booth/6995,,,近くて遠きは終着点 無印＋Another【書籍版／CoC6th】,2つの「終着点」を、一冊に。ギミックのある短編シナリオ2作品を収録。,"¥2,000",3〜4人,〜120分,不可,,https://gamemarket.jp/game/189380,,新作,公式サイト,https://img.gamemarket.jp/20260925_205814_chikashuu-cover.jpg,
一般,両日,U002,体験推理小説,https://gamemarket.jp/booth/5122,,https://x.com/nonebook,さよ、かほ、れおの通信簿,さわってあそべるミステリ第8弾,"¥2,500",1〜人,90〜120分,不可,,https://gamemarket.jp/game/189414,,新作,公式サイト,https://img.gamemarket.jp/20260927_143020_%E3%83%91%E3%83%83%E3%82%B1%E3%83%BC%E3%82%B8_A5.jpg,
一般,両日,U002,体験推理小説,https://gamemarket.jp/booth/5122,,https://x.com/nonebook,七枚の名刺に隠された関係,――この名刺には、ある共通点が隠されています。,"¥2,500",1〜人,120〜分,不可,,https://gamemarket.jp/game/188459,,,公式サイト,https://img.gamemarket.jp/20260515_142041_01.jpg,
一般,両日,U002,体験推理小説,https://gamemarket.jp/booth/5122,,https://x.com/nonebook,一枚のハガキが導く結論,さわってあそべるミステリ第6弾,"¥1,000",1〜人,60〜分,不可,,https://gamemarket.jp/game/188458,,,公式サイト,https://img.gamemarket.jp/20260515_142022_001.jpg,
一般,両日,U002,体験推理小説,https://gamemarket.jp/booth/5122,,https://x.com/nonebook,ある卒業アルバムにまつわる記憶,卒業アルバムで笑う、見知らぬ友達――。,"¥2,500",1〜10人,90〜180分,不可,,https://gamemarket.jp/game/185959,,,公式サイト,https://img.gamemarket.jp/20250515_163923_02.jpg,
一般,両日,U002,体験推理小説,https://gamemarket.jp/booth/5122,,https://x.com/nonebook,体験推理小説『さよ、かほ、れおの通信簿』,付属アイテムの実物の調査する『体験推理小説』シリーズ第8弾！,"2,500円",1〜0人,90〜120分,情報なし,,https://y-oz.sakura.ne.jp/,,新作,ボドゲゴー,https://storage.googleapis.com/bodogego_public/creator_event/game_market_2026_autumn/game/%E4%BD%93%E9%A8%93%E6%8E%A8%E7%90%86%E5%B0%8F%E8%AA%AC_%E4%BD%93%E9%A8%93%E6%8E%A8%E7%90%86%E5%B0%8F%E8%AA%AC%E3%80%8E%E3%81%95%E3%82%88%E3%80%81%E3%81%8B%E3%81%BB%E3%80%81%E3%82%8C%E3%81%8A%E3%81%AE%E9%80%9A%E4%BF%A1%E7%B0%BF%E3%80%8F.jpg,
一般,両日,U002,体験推理小説,https://gamemarket.jp/booth/5122,,https://x.com/nonebook,体験推理小説『一枚のハガキが導く説明』,さわってあそべるミステリ第6弾,"1,000円",1〜10人,30〜60分,情報なし,,https://booth.pm/ja/items/7979614,,,ボドゲゴー,https://storage.googleapis.com/bodogego_public/creator_event/game_market_2026_spring/game/%E4%BD%93%E9%A8%93%E6%8E%A8%E7%90%86%E5%B0%8F%E8%AA%AC_%E4%BD%93%E9%A8%93%E6%8E%A8%E7%90%86%E5%B0%8F%E8%AA%AC%E3%80%8E%E4%B8%80%E6%9E%9A%E3%81%AE%E3%83%8F%E3%82%AC%E3%82%AD%E3%81%8C%E5%B0%8E%E3%81%8F%E8%AA%AC%E6%98%8E%E3%80%8F.jpg,
一般,両日,U002,体験推理小説,https://gamemarket.jp/booth/5122,,https://x.com/nonebook,体験推理小説『七枚の名刺に隠された関係』,さわってあそべるミステリ第7弾,"2,500円",1〜10人,90〜120分,情報なし,,https://nonebook.booth.pm/items/8186378,,,ボドゲゴー,https://storage.googleapis.com/bodogego_public/creator_event/game_market_2026_spring/game/%E4%BD%93%E9%A8%93%E6%8E%A8%E7%90%86%E5%B0%8F%E8%AA%AC_%E4%BD%93%E9%A8%93%E6%8E%A8%E7%90%86%E5%B0%8F%E8%AA%AC%E3%80%8E%E4%B8%83%E6%9E%9A%E3%81%AE%E5%90%8D%E5%88%BA%E3%81%AB%E9%9A%A0%E3%81%95%E3%82%8C%E3%81%9F%E9%96%A2%E4%BF%82%E3%80%8F.jpg,
一般,土曜,U007,Quadora,https://gamemarket.jp/booth/7078,,,【謎解き冊子】UNLOCK 全巻セット,ストーリー型謎解き「UNLOCK」Vol.1～4全巻セット,"¥3,500",1〜人,30〜60分,可,https://forms.gle/joBAwAYsVb7hPLMy6,https://gamemarket.jp/game/188932,,新作,公式サイト,https://img.gamemarket.jp/20261001_180435_UNLOCK_%E5%BA%83%E5%91%8A%E7%94%A8%EF%BC%92.png,
一般,土曜,U007,Quadora,https://gamemarket.jp/booth/7078,,,【謎解き冊子】UNLOCK Vol.2～4,ストーリー型謎解き「UNLOCK」Vol.2～4,"¥3,000",1〜人,30〜60分,可,https://forms.gle/GdbAUyAMnYbrSCcN8,https://gamemarket.jp/game/188931,,新作,公式サイト,https://img.gamemarket.jp/20260905_223233_%E3%82%B2%E3%83%A0%E3%83%9E%E3%83%96%E3%83%BC%E3%82%B9%E7%B4%B9%E4%BB%8B%E7%94%A8%EF%BC%92%EF%BD%9E%EF%BC%94%E5%B7%BB%E3%82%BB%E3%83%83%E3%83%88%E5%9C%A7%E7%B8%AE%E7%89%88.jpg,
一般,土曜,U007,Quadora,https://gamemarket.jp/booth/7078,,,【謎解き冊子】UNLOCK Vol.1 はじまりの鍵,ストーリー型謎解き「UNLOCK」Vol.1,¥800,1〜人,30〜分,可,https://forms.gle/otztgfCbzzdjLEcL9,https://gamemarket.jp/game/188930,,新作,公式サイト,https://img.gamemarket.jp/20260912_172105_%E3%82%B2%E3%83%A0%E3%83%9E%E3%83%96%E3%83%BC%E3%82%B9%E7%B4%B9%E4%BB%8B%E7%94%A8Vol.1%E8%A1%A8%E8%A3%8F_1MB%E4%BB%A5%E4%B8%8B.png,
一般,土曜,U009,くいーんもーにんぐ,https://gamemarket.jp/booth/5162,,,のび太さんのエッチ！クイズ 総集編,全てののび太さんのエッチ！クイズがここに！初の同人誌作品！,¥700,1〜99人,15〜30分,不可,,https://gamemarket.jp/game/189402,,新作,公式サイト,https://img.gamemarket.jp/20260926_230214_IMG_0508_j.jpg,
一般,土曜,U009,くいーんもーにんぐ,https://gamemarket.jp/booth/5162,,,シン・明解！クソなぞなぞ問題集,わかりやすくてしょうもない！脱力系クイズ全27問をカルタ形式で収録！,"¥1,700",1〜98人,15〜30分,不可,,https://gamemarket.jp/game/189398,,新作,公式サイト,https://img.gamemarket.jp/20260926_184740_IMG_0511_j.jpg,
一般,両日,U012,NAZOLIVE,https://gamemarket.jp/booth/7075,,,Virus mystery,【警告】お使いの端末にウィルスが侵入しました。,¥500,1〜人,30〜分,不可,,https://gamemarket.jp/game/189731,,新作,公式サイト,https://img.gamemarket.jp/20261008_130450_5.png,
一般,両日,U012,NAZOLIVE,https://gamemarket.jp/booth/7075,,,白黒,鍵のかかった２つの部屋。 姿を見ることもできない相方と協力して部屋から抜け出そう！,¥500,1〜人,30〜分,不可,,https://gamemarket.jp/game/189695,,新作,公式サイト,https://img.gamemarket.jp/20261007_132358_%E3%82%B2%E3%83%A0%E3%83%9E%E5%91%8A%E7%9F%A5%E7%94%A8%20(5).jpg,
一般,両日,U012,NAZOLIVE,https://gamemarket.jp/booth/7075,,,NAZOLIVEからの挑戦状（波那野ユキ編）,NAZOLIVE初のグッズ３作同時発売！！,"¥1,000",1〜人,30〜分,不可,,https://gamemarket.jp/game/189219,,新作,公式サイト,https://img.gamemarket.jp/20261006_120326_%E3%82%B2%E3%83%A0%E3%83%9E%E5%91%8A%E7%9F%A5%E7%94%A8%20(2).jpg,
一般,両日,U012,NAZOLIVE,https://gamemarket.jp/booth/7075,,,NAZOLIVEからの挑戦状（橘りん編）,NAZOLIVE初のグッズ３作同時発売！！,"¥1,000",1〜人,20〜分,不可,,https://gamemarket.jp/game/189218,,新作,公式サイト,https://img.gamemarket.jp/20261006_120202_%E3%82%B2%E3%83%A0%E3%83%9E%E5%91%8A%E7%9F%A5%E7%94%A8%20(1).jpg,
一般,両日,U012,NAZOLIVE,https://gamemarket.jp/booth/7075,,,NAZOLIVEからの挑戦状（コノハコミクリ編）,NAZOLIVE初のグッズ３作同時発売！！,"¥1,000",1〜人,15〜分,不可,,https://gamemarket.jp/game/189217,,新作,公式サイト,https://img.gamemarket.jp/20261006_115848_%E3%82%B2%E3%83%A0%E3%83%9E%E5%91%8A%E7%9F%A5%E7%94%A8.jpg,
一般,両日,U013,なぞ助,https://gamemarket.jp/booth/6275,,,【謎解きゲーム】浮世絵の世界の脱出,,"¥1,500",1〜4人,60〜90分,可,https://forms.gle/HbAKecZfBaPKbP2D6,https://gamemarket.jp/game/186125,,,公式サイト,https://img.gamemarket.jp/20260511_173440_7dc4280e-0d7a-41d0-9b45-e2050edfecf1.jpg,
一般,両日,U013,なぞ助,https://gamemarket.jp/booth/6275,,,【謎解きゲーム】探偵ジョーホワイトとシルエット侯爵の財宝,,"¥2,000",1〜4人,60〜90分,可,https://forms.gle/HbAKecZfBaPKbP2D6,https://gamemarket.jp/game/187275,,,公式サイト,https://img.gamemarket.jp/20260511_224319_%E3%82%B7%E3%83%AB%E3%82%A8%E3%83%83%E3%83%88%E4%BE%AF%E7%88%B5%E3%81%AE%E8%B2%A1%E5%AE%9D%E3%80%80x%E3%82%B5%E3%82%A4%E3%82%BA.jpg,
一般,両日,U013,なぞ助,https://gamemarket.jp/booth/6275,,,【謎解きゲーム】妖怪祭り,浮世絵謎解きシリーズ第二弾！,"¥2,000",1〜人,60〜90分,可,https://forms.gle/AvNqURhLCWQ7rHwG7,https://gamemarket.jp/game/188765,,新作,公式サイト,https://img.gamemarket.jp/20260817_112631_%E8%AC%8E%E8%A7%A3%E3%81%8D%E3%82%B2%E3%83%BC%E3%83%A0%20(12).png,
一般,両日,U013,なぞ助,https://gamemarket.jp/booth/6275,,,【謎解きゲーム】注文の多い料理店,,"¥2,000",1〜4人,60〜90分,可,https://forms.gle/HbAKecZfBaPKbP2D6,https://gamemarket.jp/game/187405,,,公式サイト,https://img.gamemarket.jp/20260515_193741_HIGbK1DbIAARyDn%20(1).jpg,
一般,両日,Z002,こっち屋,https://gamemarket.jp/booth/1166,,https://x.com/yuo_7,ガチ恋ライブデスマーチ,Ｖの推し活は命がけだぜ！,"¥1,500",2〜6人,20〜20分,不可,,https://gamemarket.jp/game/188734,,新作,公式サイト,https://img.gamemarket.jp/20260806_110618_%E7%AE%B1%E4%BD%B5%E8%A8%AD.jpg,
一般,両日,Z002,こっち屋,https://gamemarket.jp/booth/1166,,https://x.com/yuo_7,エロマンガサウルスの冒険,摩訶不思議、珍名スポットアドベンチャー！,"¥1,000",2〜6人,15〜20分,可,http://goo.gl/forms/9z0YWGWgse,https://gamemarket.jp/game/189214,,新作,公式サイト,https://img.gamemarket.jp/20260919_125723_%E7%AE%B1%E6%AD%A3%E9%9D%A2%E5%A4%A7.jpg,
一般,両日,Z002,こっち屋,https://gamemarket.jp/booth/1166,,https://x.com/yuo_7,でまかせドラゴン,色か数字が同じならまとめて出せる爽快ゴーアウトです,"1,500円",2〜6人,20〜30分,情報なし,,http://yuofc2.blog72.fc2.com/blog-category-66.html,,,ボドゲゴー,https://storage.googleapis.com/bodogego_public/creator_event/game_market_2025_autumn/game/%E3%81%93%E3%81%A3%E3%81%A1%E5%B1%8B_%E3%81%A7%E3%81%BE%E3%81%8B%E3%81%9B%E3%83%89%E3%83%A9%E3%82%B4%E3%83%B3.png,
一般,両日,Z002,こっち屋,https://gamemarket.jp/booth/1166,,https://x.com/yuo_7,エチエチスキンデスマーチ,Hなスキンで経営立て直すしかねェ！過酷なソシャゲ業界を生き延びましょう！,"1,500円",2〜6人,20〜25分,情報なし,,http://yuofc2.blog72.fc2.com/blog-entry-377.html,,,ボドゲゴー,https://storage.googleapis.com/bodogego_public/creator_event/game_market_2026_spring/game/%E3%81%93%E3%81%A3%E3%81%A1%E5%B1%8B_%E3%82%A8%E3%83%81%E3%82%A8%E3%83%81%E3%82%B9%E3%82%AD%E3%83%B3%E3%83%87%E3%82%B9%E3%83%9E%E3%83%BC%E3%83%81.jpg,
一般,両日,Z002,こっち屋,https://gamemarket.jp/booth/1166,,https://x.com/yuo_7,ペアペアキメラ、ニューヨークに現る,みんなでキメラを描くよ！描いてるものが同じ人と違う人がいるみたい？真相はいかに,500円,3〜8人,20〜25分,情報なし,,http://yuofc2.blog72.fc2.com/blog-entry-376.html,,,ボドゲゴー,https://storage.googleapis.com/bodogego_public/creator_event/game_market_2026_spring/game/%E3%81%93%E3%81%A3%E3%81%A1%E5%B1%8B_%E3%83%9A%E3%82%A2%E3%83%9A%E3%82%A2%E3%82%AD%E3%83%A1%E3%83%A9%E3%80%81%E3%83%8B%E3%83%A5%E3%83%BC%E3%83%A8%E3%83%BC%E3%82%AF%E3%81%AB%E7%8F%BE%E3%82%8B.jpg,
一般,両日,Z007,Len brew,https://gamemarket.jp/booth/7094,,,無界無双無修羅,「冷徹に、熱闘せよ。」 ── あらゆる戦闘作品の読み合いと激突を、卓上に。,"¥2,500",2〜4人,15〜30分,可,https://docs.google.com/forms/d/e/1FAIpQLSc84WXEjMa_ynwZkORVTU1M8Fpfma4dw7pS9SKMGSK5RMxqzw/viewform?usp=publish-editor,https://gamemarket.jp/game/189454,,新作,公式サイト,https://img.gamemarket.jp/20260929_232750_%E7%9B%92%E5%AD%90%E5%B0%81%E9%9D%A2%E5%9C%96.jpg,
